prompt_type,direct_difference,direct_correct,meta_difference,meta_correct
simple,-1.375,False,1.4375,True
instruct,-1.375,False,0.625,True
complex,-1.375,False,1.4375,True
simple,0.25,True,1.5,True
instruct,0.25,True,0.125,True
complex,0.25,True,1.3125,True
simple,-2.0,False,1.59375,True
instruct,-2.0,False,0.375,True
complex,-2.0,False,1.46875,True
simple,-1.625,False,1.5625,True
instruct,-1.625,False,1.0,True
complex,-1.625,False,1.5,True
simple,-3.5,False,1.625,True
instruct,-3.5,False,0.625,True
complex,-3.5,False,1.5,True
simple,-0.25,False,0.9375,True
instruct,-0.25,False,0.3125,True
complex,-0.25,False,1.21875,True
simple,2.125,True,1.375,True
instruct,2.125,True,0.6875,True
complex,2.125,True,1.28125,True
simple,0.25,True,1.375,True
instruct,0.25,True,0.3125,True
complex,0.25,True,1.28125,True
simple,-1.1875,False,1.375,True
instruct,-1.1875,False,0.3125,True
complex,-1.1875,False,1.375,True
simple,-2.75,False,1.375,True
instruct,-2.75,False,0.625,True
complex,-2.75,False,1.5,True
simple,-0.5,False,1.40625,True
instruct,-0.5,False,0.5625,True
complex,-0.5,False,1.25,True
simple,1.0,True,1.3125,True
instruct,1.0,True,0.125,True
complex,1.0,True,1.0625,True
simple,-2.0,False,1.40625,True
instruct,-2.0,False,0.625,True
complex,-2.0,False,1.34375,True
simple,-2.8125,False,1.375,True
instruct,-2.8125,False,0.6875,True
complex,-2.8125,False,1.15625,True
simple,-1.75,False,1.375,True
instruct,-1.75,False,0.4375,True
complex,-1.75,False,1.34375,True
simple,-1.9375,False,1.5625,True
instruct,-1.9375,False,0.75,True
complex,-1.9375,False,1.21875,True
simple,-1.0,False,1.28125,True
instruct,-1.0,False,0.3125,True
complex,-1.0,False,1.34375,True
simple,0.0,False,1.5,True
instruct,0.0,False,0.625,True
complex,0.0,False,1.4375,True
simple,0.25,True,1.375,True
instruct,0.25,True,0.5625,True
complex,0.25,True,1.34375,True
simple,-1.625,False,1.28125,True
instruct,-1.625,False,0.5,True
complex,-1.625,False,1.25,True
simple,-1.875,False,1.59375,True
instruct,-1.875,False,0.8125,True
complex,-1.875,False,1.375,True
simple,-2.0625,False,1.3125,True
instruct,-2.0625,False,0.6875,True
complex,-2.0625,False,1.3125,True
simple,-1.9375,False,1.375,True
instruct,-1.9375,False,0.375,True
complex,-1.9375,False,1.15625,True
simple,-0.125,False,1.34375,True
instruct,-0.125,False,0.4375,True
complex,-0.125,False,1.34375,True
simple,-0.375,False,1.625,True
instruct,-0.375,False,0.8125,True
complex,-0.375,False,1.40625,True
simple,-2.0,False,1.03125,True
instruct,-2.0,False,0.75,True
complex,-2.0,False,1.375,True
simple,0.25,True,1.625,True
instruct,0.25,True,0.8125,True
complex,0.25,True,1.34375,True
simple,-1.875,False,1.28125,True
instruct,-1.875,False,0.625,True
complex,-1.875,False,1.46875,True
simple,0.625,True,1.625,True
instruct,0.625,True,0.625,True
complex,0.625,True,1.34375,True
simple,-4.25,False,1.5625,True
instruct,-4.25,False,0.5625,True
complex,-4.25,False,1.21875,True
simple,-1.625,False,1.25,True
instruct,-1.625,False,0.6875,True
complex,-1.625,False,1.125,True
simple,-1.375,False,1.3125,True
instruct,-1.375,False,0.1875,True
complex,-1.375,False,1.3125,True
simple,0.875,True,1.09375,True
instruct,0.875,True,0.3125,True
complex,0.875,True,1.28125,True
simple,-1.125,False,1.3125,True
instruct,-1.125,False,0.625,True
complex,-1.125,False,1.40625,True
simple,-1.25,False,1.5,True
instruct,-1.25,False,0.5,True
complex,-1.25,False,1.375,True
simple,1.5,True,1.15625,True
instruct,1.5,True,0.5,True
complex,1.5,True,1.1875,True
simple,-0.75,False,1.40625,True
instruct,-0.75,False,0.25,True
complex,-0.75,False,1.375,True
simple,-2.875,False,1.1875,True
instruct,-2.875,False,0.8125,True
complex,-2.875,False,1.40625,True
simple,-1.5,False,1.625,True
instruct,-1.5,False,0.1875,True
complex,-1.5,False,1.1875,True
simple,-2.25,False,1.25,True
instruct,-2.25,False,0.4375,True
complex,-2.25,False,1.375,True
simple,-0.375,False,1.34375,True
instruct,-0.375,False,0.625,True
complex,-0.375,False,1.375,True
simple,0.25,True,1.5625,True
instruct,0.25,True,0.3125,True
complex,0.25,True,1.15625,True
simple,-1.625,False,1.53125,True
instruct,-1.625,False,0.0625,True
complex,-1.625,False,1.21875,True
simple,-1.125,False,1.34375,True
instruct,-1.125,False,-0.3125,False
complex,-1.125,False,1.03125,True
simple,2.375,True,1.28125,True
instruct,2.375,True,0.4375,True
complex,2.375,True,1.21875,True
simple,-0.75,False,1.09375,True
instruct,-0.75,False,0.5,True
complex,-0.75,False,1.5,True
simple,0.375,True,1.1875,True
instruct,0.375,True,0.5,True
complex,0.375,True,1.25,True
simple,1.0,True,1.09375,True
instruct,1.0,True,0.875,True
complex,1.0,True,1.21875,True
simple,-0.5,False,1.375,True
instruct,-0.5,False,0.75,True
complex,-0.5,False,1.1875,True
simple,-0.75,False,1.4375,True
instruct,-0.75,False,0.75,True
complex,-0.75,False,1.34375,True
simple,-2.5,False,1.625,True
instruct,-2.5,False,0.375,True
complex,-2.5,False,1.46875,True
simple,-2.5625,False,1.21875,True
instruct,-2.5625,False,0.4375,True
complex,-2.5625,False,1.4375,True
simple,-0.6875,False,1.0625,True
instruct,-0.6875,False,0.4375,True
complex,-0.6875,False,1.0625,True
simple,-1.75,False,1.34375,True
instruct,-1.75,False,0.3125,True
complex,-1.75,False,1.15625,True
simple,-0.5,False,1.34375,True
instruct,-0.5,False,0.625,True
complex,-0.5,False,1.46875,True
simple,1.0,True,1.40625,True
instruct,1.0,True,0.25,True
complex,1.0,True,1.0625,True
simple,2.4375,True,1.34375,True
instruct,2.4375,True,0.5,True
complex,2.4375,True,1.25,True
simple,-2.5,False,1.375,True
instruct,-2.5,False,0.5,True
complex,-2.5,False,1.25,True
simple,-3.5,False,1.375,True
instruct,-3.5,False,0.375,True
complex,-3.5,False,1.21875,True
simple,1.375,True,1.15625,True
instruct,1.375,True,0.375,True
complex,1.375,True,1.15625,True
simple,-0.8125,False,1.375,True
instruct,-0.8125,False,0.25,True
complex,-0.8125,False,1.3125,True
simple,-2.75,False,1.4375,True
instruct,-2.75,False,0.125,True
complex,-2.75,False,1.0625,True
simple,-3.0,False,1.28125,True
instruct,-3.0,False,0.0,False
complex,-3.0,False,1.21875,True
simple,1.125,True,1.34375,True
instruct,1.125,True,0.375,True
complex,1.125,True,1.25,True
simple,-1.625,False,1.375,True
instruct,-1.625,False,0.0,False
complex,-1.625,False,0.90625,True
simple,-1.0,False,1.28125,True
instruct,-1.0,False,0.375,True
complex,-1.0,False,1.0625,True
simple,2.0,True,1.09375,True
instruct,2.0,True,0.25,True
complex,2.0,True,1.125,True
simple,-2.75,False,1.375,True
instruct,-2.75,False,0.0625,True
complex,-2.75,False,1.15625,True
simple,-1.75,False,1.40625,True
instruct,-1.75,False,0.4375,True
complex,-1.75,False,1.375,True
simple,-2.75,False,1.25,True
instruct,-2.75,False,0.1875,True
complex,-2.75,False,1.3125,True
simple,-1.875,False,1.625,True
instruct,-1.875,False,0.375,True
complex,-1.875,False,1.28125,True
simple,-1.125,False,1.5,True
instruct,-1.125,False,0.375,True
complex,-1.125,False,1.1875,True
simple,-3.0,False,1.53125,True
instruct,-3.0,False,0.4375,True
complex,-3.0,False,1.46875,True
simple,-2.125,False,1.3125,True
instruct,-2.125,False,0.125,True
complex,-2.125,False,1.3125,True
simple,0.75,True,1.40625,True
instruct,0.75,True,0.625,True
complex,0.75,True,1.25,True
simple,-1.125,False,1.3125,True
instruct,-1.125,False,0.625,True
complex,-1.125,False,1.375,True
simple,1.0,True,1.21875,True
instruct,1.0,True,0.5,True
complex,1.0,True,1.21875,True
simple,-2.5,False,1.25,True
instruct,-2.5,False,0.375,True
complex,-2.5,False,1.25,True
simple,-2.75,False,1.34375,True
instruct,-2.75,False,0.375,True
complex,-2.75,False,1.21875,True
simple,-0.875,False,1.25,True
instruct,-0.875,False,-0.125,False
complex,-0.875,False,1.09375,True
simple,0.375,True,1.53125,True
instruct,0.375,True,0.25,True
complex,0.375,True,1.25,True
simple,-1.75,False,1.4375,True
instruct,-1.75,False,0.5,True
complex,-1.75,False,1.4375,True
simple,-2.0,False,1.21875,True
instruct,-2.0,False,0.25,True
complex,-2.0,False,1.21875,True
simple,2.5,True,1.1875,True
instruct,2.5,True,0.4375,True
complex,2.5,True,0.96875,True
simple,-1.875,False,1.375,True
instruct,-1.875,False,0.625,True
complex,-1.875,False,1.375,True
simple,-0.625,False,1.09375,True
instruct,-0.625,False,0.3125,True
complex,-0.625,False,1.21875,True
simple,-2.375,False,1.3125,True
instruct,-2.375,False,0.1875,True
complex,-2.375,False,1.3125,True
simple,-1.25,False,1.375,True
instruct,-1.25,False,0.3125,True
complex,-1.25,False,1.1875,True
simple,-3.0,False,1.375,True
instruct,-3.0,False,0.8125,True
complex,-3.0,False,1.53125,True
simple,-0.625,False,1.5,True
instruct,-0.625,False,0.25,True
complex,-0.625,False,1.34375,True
simple,1.0,True,1.40625,True
instruct,1.0,True,0.125,True
complex,1.0,True,1.09375,True
simple,0.625,True,1.125,True
instruct,0.625,True,0.25,True
complex,0.625,True,1.09375,True
simple,-0.375,False,1.5,True
instruct,-0.375,False,0.5,True
complex,-0.375,False,1.28125,True
simple,-3.0,False,1.46875,True
instruct,-3.0,False,0.5625,True
complex,-3.0,False,1.40625,True
simple,0.375,True,0.96875,True
instruct,0.375,True,0.1875,True
complex,0.375,True,1.25,True
simple,-3.125,False,1.5625,True
instruct,-3.125,False,0.5625,True
complex,-3.125,False,1.3125,True
simple,-1.25,False,1.40625,True
instruct,-1.25,False,0.6875,True
complex,-1.25,False,1.375,True
simple,-1.75,False,1.46875,True
instruct,-1.75,False,-0.0625,False
complex,-1.75,False,0.9375,True
simple,0.5,True,1.5,True
instruct,0.5,True,0.46875,True
complex,0.5,True,1.375,True
simple,0.5,True,1.125,True
instruct,0.5,True,0.125,True
complex,0.5,True,1.125,True
simple,-19.25,False,0.84375,True
instruct,-19.25,False,-0.125,False
complex,-19.25,False,1.4375,True
simple,-7.125,False,1.03125,True
instruct,-7.125,False,0.0625,True
complex,-7.125,False,1.28125,True
simple,-5.875,False,0.96875,True
instruct,-5.875,False,0.25,True
complex,-5.875,False,1.375,True
simple,-5.75,False,1.0625,True
instruct,-5.75,False,0.0625,True
complex,-5.75,False,1.3125,True
simple,-6.8125,False,0.96875,True
instruct,-6.8125,False,0.125,True
complex,-6.8125,False,1.3125,True
simple,-23.0,False,0.78125,True
instruct,-23.0,False,0.125,True
complex,-23.0,False,1.53125,True
simple,-5.8125,False,1.0625,True
instruct,-5.8125,False,-0.0625,False
complex,-5.8125,False,1.25,True
simple,-6.0,False,0.90625,True
instruct,-6.0,False,0.1875,True
complex,-6.0,False,1.3125,True
simple,-5.625,False,1.25,True
instruct,-5.625,False,0.0,False
complex,-5.625,False,1.09375,True
simple,-7.375,False,0.875,True
instruct,-7.375,False,0.125,True
complex,-7.375,False,1.34375,True
simple,-19.875,False,0.84375,True
instruct,-19.875,False,-0.125,False
complex,-19.875,False,1.4375,True
simple,-6.1875,False,1.0,True
instruct,-6.1875,False,0.0625,True
complex,-6.1875,False,1.40625,True
simple,-6.5,False,1.03125,True
instruct,-6.5,False,0.1875,True
complex,-6.5,False,1.15625,True
simple,-6.4375,False,0.875,True
instruct,-6.4375,False,-0.125,False
complex,-6.4375,False,1.21875,True
simple,-6.1875,False,0.96875,True
instruct,-6.1875,False,-0.25,False
complex,-6.1875,False,1.34375,True
simple,-7.125,False,1.09375,True
instruct,-7.125,False,0.0,False
complex,-7.125,False,1.34375,True
simple,-6.8125,False,0.8125,True
instruct,-6.8125,False,0.0625,True
complex,-6.8125,False,1.34375,True
simple,-6.0,False,1.0,True
instruct,-6.0,False,0.0,False
complex,-6.0,False,1.25,True
simple,-6.4375,False,0.90625,True
instruct,-6.4375,False,-0.125,False
complex,-6.4375,False,1.21875,True
simple,-6.75,False,1.1875,True
instruct,-6.75,False,0.1875,True
complex,-6.75,False,1.34375,True
simple,-5.9375,False,1.0,True
instruct,-5.9375,False,0.0625,True
complex,-5.9375,False,1.25,True
simple,-24.0,False,0.90625,True
instruct,-24.0,False,0.0625,True
complex,-24.0,False,1.53125,True
simple,-6.25,False,1.0,True
instruct,-6.25,False,0.0,False
complex,-6.25,False,1.25,True
simple,-6.4375,False,0.96875,True
instruct,-6.4375,False,0.0,False
complex,-6.4375,False,1.0,True
simple,-6.75,False,0.78125,True
instruct,-6.75,False,-0.3125,False
complex,-6.75,False,1.21875,True
simple,-6.625,False,0.75,True
instruct,-6.625,False,-0.625,False
complex,-6.625,False,0.96875,True
simple,-6.875,False,1.0,True
instruct,-6.875,False,-0.125,False
complex,-6.875,False,1.1875,True
simple,-5.5625,False,0.90625,True
instruct,-5.5625,False,0.25,True
complex,-5.5625,False,1.46875,True
simple,-5.9375,False,0.90625,True
instruct,-5.9375,False,-0.0625,False
complex,-5.9375,False,1.21875,True
simple,-7.625,False,0.6875,True
instruct,-7.625,False,0.125,True
complex,-7.625,False,1.25,True
simple,-6.375,False,1.0,True
instruct,-6.375,False,0.375,True
complex,-6.375,False,1.21875,True
simple,-19.1875,False,0.875,True
instruct,-19.1875,False,-0.0625,False
complex,-19.1875,False,1.375,True
simple,-24.875,False,0.75,True
instruct,-24.875,False,0.0,False
complex,-24.875,False,1.21875,True
simple,-6.4375,False,0.90625,True
instruct,-6.4375,False,0.125,True
complex,-6.4375,False,1.125,True
simple,-6.125,False,0.9375,True
instruct,-6.125,False,-0.125,False
complex,-6.125,False,1.1875,True
simple,-5.75,False,0.875,True
instruct,-5.75,False,0.0,False
complex,-5.75,False,1.0,True
simple,-4.6875,False,0.96875,True
instruct,-4.6875,False,0.0,False
complex,-4.6875,False,1.03125,True
simple,-20.625,False,0.875,True
instruct,-20.625,False,-0.125,False
complex,-20.625,False,1.3125,True
simple,-7.5,False,0.96875,True
instruct,-7.5,False,-0.125,False
complex,-7.5,False,1.21875,True
simple,-5.625,False,0.84375,True
instruct,-5.625,False,-0.125,False
complex,-5.625,False,1.0,True
simple,-5.1875,False,1.125,True
instruct,-5.1875,False,0.25,True
complex,-5.1875,False,1.21875,True
simple,-5.625,False,0.9375,True
instruct,-5.625,False,-0.0625,False
complex,-5.625,False,1.0,True
simple,-5.25,False,1.125,True
instruct,-5.25,False,-0.0625,False
complex,-5.25,False,1.125,True
simple,-6.5625,False,1.03125,True
instruct,-6.5625,False,0.125,True
complex,-6.5625,False,1.4375,True
simple,-6.5,False,1.21875,True
instruct,-6.5,False,0.125,True
complex,-6.5,False,1.21875,True
simple,-6.375,False,0.84375,True
instruct,-6.375,False,0.0,False
complex,-6.375,False,1.125,True
simple,-22.5,False,0.9375,True
instruct,-22.5,False,-0.1875,False
complex,-22.5,False,1.46875,True
simple,-7.5,False,0.875,True
instruct,-7.5,False,-0.25,False
complex,-7.5,False,1.0,True
simple,-6.25,False,0.875,True
instruct,-6.25,False,-0.125,False
complex,-6.25,False,1.25,True
simple,-6.625,False,0.90625,True
instruct,-6.625,False,0.0625,True
complex,-6.625,False,1.34375,True
simple,-4.9375,False,1.21875,True
instruct,-4.9375,False,-0.0625,False
complex,-4.9375,False,1.0625,True
simple,-6.375,False,1.0625,True
instruct,-6.375,False,0.0,False
complex,-6.375,False,1.0625,True
simple,-7.0625,False,0.875,True
instruct,-7.0625,False,-0.4375,False
complex,-7.0625,False,1.09375,True
simple,-5.375,False,0.90625,True
instruct,-5.375,False,0.0625,True
complex,-5.375,False,1.0625,True
simple,-6.75,False,0.90625,True
instruct,-6.75,False,-0.25,False
complex,-6.75,False,1.125,True
simple,-5.375,False,1.03125,True
instruct,-5.375,False,-0.0625,False
complex,-5.375,False,1.15625,True
simple,-7.1875,False,0.875,True
instruct,-7.1875,False,0.3125,True
complex,-7.1875,False,1.28125,True
simple,-7.9375,False,0.90625,True
instruct,-7.9375,False,-0.0625,False
complex,-7.9375,False,1.03125,True
simple,-6.0,False,0.96875,True
instruct,-6.0,False,0.125,True
complex,-6.0,False,1.15625,True
simple,-5.125,False,0.9375,True
instruct,-5.125,False,0.0,False
complex,-5.125,False,0.90625,True
simple,-6.375,False,0.75,True
instruct,-6.375,False,-0.5,False
complex,-6.375,False,0.96875,True
simple,-5.125,False,1.0,True
instruct,-5.125,False,-0.125,False
complex,-5.125,False,1.03125,True
simple,-6.3125,False,1.03125,True
instruct,-6.3125,False,0.25,True
complex,-6.3125,False,1.40625,True
simple,-8.0,False,1.0625,True
instruct,-8.0,False,-0.125,False
complex,-8.0,False,1.0,True
simple,-4.625,False,0.875,True
instruct,-4.625,False,0.25,True
complex,-4.625,False,1.3125,True
simple,-5.625,False,0.84375,True
instruct,-5.625,False,0.125,True
complex,-5.625,False,0.84375,True
simple,-6.5,False,0.75,True
instruct,-6.5,False,-0.1875,False
complex,-6.5,False,1.0625,True
simple,-6.4375,False,0.75,True
instruct,-6.4375,False,-0.1875,False
complex,-6.4375,False,1.125,True
simple,-5.125,False,0.96875,True
instruct,-5.125,False,0.125,True
complex,-5.125,False,1.0,True
simple,-6.75,False,0.78125,True
instruct,-6.75,False,-0.4375,False
complex,-6.75,False,1.0,True
simple,-6.5,False,0.71875,True
instruct,-6.5,False,-0.125,False
complex,-6.5,False,1.125,True
simple,-7.1875,False,0.8125,True
instruct,-7.1875,False,-0.375,False
complex,-7.1875,False,1.1875,True
simple,-4.375,False,0.90625,True
instruct,-4.375,False,0.0,False
complex,-4.375,False,1.09375,True
simple,-6.375,False,0.90625,True
instruct,-6.375,False,0.0,False
complex,-6.375,False,1.3125,True
simple,-5.375,False,0.71875,True
instruct,-5.375,False,-0.4375,False
complex,-5.375,False,1.09375,True
simple,-6.1875,False,0.84375,True
instruct,-6.1875,False,-0.125,False
complex,-6.1875,False,0.96875,True
simple,-5.375,False,0.78125,True
instruct,-5.375,False,0.1875,True
complex,-5.375,False,1.15625,True
simple,-6.9375,False,1.0,True
instruct,-6.9375,False,-0.125,False
complex,-6.9375,False,1.1875,True
simple,-6.75,False,0.875,True
instruct,-6.75,False,0.0,False
complex,-6.75,False,1.125,True
simple,-6.3125,False,0.84375,True
instruct,-6.3125,False,0.0,False
complex,-6.3125,False,1.3125,True
simple,-5.9375,False,0.71875,True
instruct,-5.9375,False,-0.25,False
complex,-5.9375,False,1.1875,True
simple,-7.625,False,0.6875,True
instruct,-7.625,False,-0.0625,False
complex,-7.625,False,1.125,True
simple,-6.0,False,0.96875,True
instruct,-6.0,False,0.125,True
complex,-6.0,False,1.125,True
simple,-4.75,False,1.03125,True
instruct,-4.75,False,0.125,True
complex,-4.75,False,0.875,True
simple,-5.5,False,0.84375,True
instruct,-5.5,False,0.1875,True
complex,-5.5,False,1.0625,True
simple,-6.375,False,0.6875,True
instruct,-6.375,False,-0.1875,False
complex,-6.375,False,1.0,True
simple,-6.0,False,0.6875,True
instruct,-6.0,False,0.125,True
complex,-6.0,False,1.0625,True
simple,-6.0,False,0.90625,True
instruct,-6.0,False,-0.0625,False
complex,-6.0,False,1.09375,True
simple,-5.125,False,1.0,True
instruct,-5.125,False,-0.25,False
complex,-5.125,False,1.0625,True
simple,-4.875,False,1.0,True
instruct,-4.875,False,0.1875,True
complex,-4.875,False,0.9375,True
simple,-7.4375,False,0.875,True
instruct,-7.4375,False,-0.1875,False
complex,-7.4375,False,1.25,True
simple,-7.3125,False,0.6875,True
instruct,-7.3125,False,-0.25,False
complex,-7.3125,False,1.125,True
simple,-6.5,False,0.84375,True
instruct,-6.5,False,-0.0625,False
complex,-6.5,False,1.21875,True
simple,-6.25,False,0.84375,True
instruct,-6.25,False,-0.0625,False
complex,-6.25,False,1.0,True
simple,-6.875,False,0.84375,True
instruct,-6.875,False,-0.0625,False
complex,-6.875,False,1.28125,True
simple,-8.0625,False,0.75,True
instruct,-8.0625,False,-0.25,False
complex,-8.0625,False,1.21875,True
simple,-8.0,False,0.84375,True
instruct,-8.0,False,0.0,False
complex,-8.0,False,1.0625,True
simple,-6.3125,False,0.5625,True
instruct,-6.3125,False,-0.5625,False
complex,-6.3125,False,1.03125,True
simple,-7.0625,False,0.75,True
instruct,-7.0625,False,-0.375,False
complex,-7.0625,False,1.0625,True
simple,-6.625,False,0.625,True
instruct,-6.625,False,0.0625,True
complex,-6.625,False,1.03125,True
simple,-3.25,False,0.90625,True
instruct,-3.25,False,0.125,True
complex,-3.25,False,1.3125,True
simple,-5.1875,False,0.96875,True
instruct,-5.1875,False,0.0625,True
complex,-5.1875,False,1.34375,True
simple,-4.4375,False,0.84375,True
instruct,-4.4375,False,-0.25,False
complex,-4.4375,False,1.34375,True
simple,-4.25,False,0.96875,True
instruct,-4.25,False,-0.0625,False
complex,-4.25,False,1.1875,True
simple,-6.125,False,0.9375,True
instruct,-6.125,False,-0.375,False
complex,-6.125,False,1.03125,True
simple,-16.25,False,0.71875,True
instruct,-16.25,False,0.0625,True
complex,-16.25,False,1.375,True
simple,-6.25,False,0.90625,True
instruct,-6.25,False,-0.375,False
complex,-6.25,False,1.0625,True
simple,-6.875,False,0.78125,True
instruct,-6.875,False,-0.5625,False
complex,-6.875,False,1.0625,True
simple,-5.1875,False,0.9375,True
instruct,-5.1875,False,-0.0625,False
complex,-5.1875,False,1.4375,True
simple,-4.375,False,0.875,True
instruct,-4.375,False,-0.125,False
complex,-4.375,False,0.96875,True
simple,-4.8125,False,0.9375,True
instruct,-4.8125,False,-0.625,False
complex,-4.8125,False,1.03125,True
simple,-4.875,False,1.03125,True
instruct,-4.875,False,-0.25,False
complex,-4.875,False,1.1875,True
simple,-4.5,False,0.78125,True
instruct,-4.5,False,-0.125,False
complex,-4.5,False,1.15625,True
simple,-7.625,False,0.96875,True
instruct,-7.625,False,-0.3125,False
complex,-7.625,False,1.21875,True
simple,-4.5625,False,0.9375,True
instruct,-4.5625,False,-0.1875,False
complex,-4.5625,False,1.09375,True
simple,-4.4375,False,0.75,True
instruct,-4.4375,False,-0.125,False
complex,-4.4375,False,1.03125,True
simple,-5.625,False,0.75,True
instruct,-5.625,False,-0.375,False
complex,-5.625,False,1.3125,True
simple,-5.125,False,0.90625,True
instruct,-5.125,False,-0.4375,False
complex,-5.125,False,0.90625,True
simple,-6.25,False,0.90625,True
instruct,-6.25,False,-0.625,False
complex,-6.25,False,0.9375,True
simple,-5.0,False,0.875,True
instruct,-5.0,False,-0.25,False
complex,-5.0,False,1.0625,True
simple,-6.0,False,0.96875,True
instruct,-6.0,False,-0.3125,False
complex,-6.0,False,1.09375,True
simple,-3.9375,False,1.0,True
instruct,-3.9375,False,-0.1875,False
complex,-3.9375,False,1.28125,True
simple,-3.125,False,0.875,True
instruct,-3.125,False,-0.625,False
complex,-3.125,False,1.0,True
simple,-4.6875,False,1.09375,True
instruct,-4.6875,False,-0.125,False
complex,-4.6875,False,1.1875,True
simple,-6.8125,False,1.03125,True
instruct,-6.8125,False,-0.375,False
complex,-6.8125,False,1.28125,True
simple,-5.4375,False,0.84375,True
instruct,-5.4375,False,-0.1875,False
complex,-5.4375,False,1.15625,True
simple,-5.0625,False,0.875,True
instruct,-5.0625,False,-0.25,False
complex,-5.0625,False,0.96875,True
simple,-4.75,False,1.09375,True
instruct,-4.75,False,-0.9375,False
complex,-4.75,False,1.0625,True
simple,-4.0625,False,0.84375,True
instruct,-4.0625,False,-0.1875,False
complex,-4.0625,False,1.15625,True
simple,-6.0625,False,0.875,True
instruct,-6.0625,False,-0.25,False
complex,-6.0625,False,1.0,True
simple,-6.0,False,0.84375,True
instruct,-6.0,False,-0.5625,False
complex,-6.0,False,1.0,True
simple,-5.75,False,0.875,True
instruct,-5.75,False,-0.25,False
complex,-5.75,False,0.96875,True
simple,-4.875,False,0.84375,True
instruct,-4.875,False,-0.5,False
complex,-4.875,False,1.09375,True
simple,-5.0625,False,0.875,True
instruct,-5.0625,False,-0.25,False
complex,-5.0625,False,1.15625,True
simple,-4.0,False,0.84375,True
instruct,-4.0,False,-0.5625,False
complex,-4.0,False,1.21875,True
simple,-4.1875,False,1.03125,True
instruct,-4.1875,False,-0.3125,False
complex,-4.1875,False,1.125,True
simple,-4.375,False,0.65625,True
instruct,-4.375,False,-0.25,False
complex,-4.375,False,1.1875,True
simple,-4.625,False,1.0,True
instruct,-4.625,False,-0.25,False
complex,-4.625,False,1.1875,True
simple,-4.3125,False,1.125,True
instruct,-4.3125,False,-0.25,False
complex,-4.3125,False,1.0,True
simple,-5.5,False,0.65625,True
instruct,-5.5,False,-0.375,False
complex,-5.5,False,0.84375,True
simple,-5.375,False,0.78125,True
instruct,-5.375,False,-0.125,False
complex,-5.375,False,1.0625,True
simple,-5.75,False,1.0625,True
instruct,-5.75,False,-0.3125,False
complex,-5.75,False,1.15625,True
simple,-8.6875,False,0.90625,True
instruct,-8.6875,False,-0.25,False
complex,-8.6875,False,1.125,True
simple,-3.6875,False,0.8125,True
instruct,-3.6875,False,-0.1875,False
complex,-3.6875,False,1.09375,True
simple,-5.3125,False,0.6875,True
instruct,-5.3125,False,0.0,False
complex,-5.3125,False,1.125,True
simple,-4.125,False,0.96875,True
instruct,-4.125,False,-0.25,False
complex,-4.125,False,1.0,True
simple,-5.5,False,0.96875,True
instruct,-5.5,False,-0.5,False
complex,-5.5,False,1.125,True
simple,-4.75,False,0.875,True
instruct,-4.75,False,-0.5625,False
complex,-4.75,False,1.0625,True
simple,-6.0,False,1.0,True
instruct,-6.0,False,-0.25,False
complex,-6.0,False,1.0625,True
simple,-5.25,False,0.84375,True
instruct,-5.25,False,-0.3125,False
complex,-5.25,False,1.21875,True
simple,-4.6875,False,1.125,True
instruct,-4.6875,False,-0.4375,False
complex,-4.6875,False,1.09375,True
simple,-4.375,False,0.8125,True
instruct,-4.375,False,-0.4375,False
complex,-4.375,False,1.0,True
simple,-4.9375,False,0.9375,True
instruct,-4.9375,False,-0.3125,False
complex,-4.9375,False,1.1875,True
simple,-4.125,False,0.84375,True
instruct,-4.125,False,-0.375,False
complex,-4.125,False,1.0,True
simple,-4.6875,False,0.78125,True
instruct,-4.6875,False,-0.25,False
complex,-4.6875,False,1.15625,True
simple,-5.125,False,0.8125,True
instruct,-5.125,False,-0.125,False
complex,-5.125,False,1.1875,True
simple,-5.375,False,0.75,True
instruct,-5.375,False,-0.4375,False
complex,-5.375,False,1.1875,True
simple,-4.75,False,1.03125,True
instruct,-4.75,False,-0.25,False
complex,-4.75,False,1.15625,True
simple,-4.6875,False,0.875,True
instruct,-4.6875,False,-0.75,False
complex,-4.6875,False,1.1875,True
simple,-1.0625,False,1.09375,True
instruct,-1.0625,False,0.125,True
complex,-1.0625,False,1.0625,True
simple,-4.6875,False,0.875,True
instruct,-4.6875,False,-0.75,False
complex,-4.6875,False,1.09375,True
simple,-4.75,False,0.78125,True
instruct,-4.75,False,0.0625,True
complex,-4.75,False,1.0625,True
simple,-5.75,False,0.84375,True
instruct,-5.75,False,-0.0625,False
complex,-5.75,False,1.0625,True
simple,-5.5625,False,1.03125,True
instruct,-5.5625,False,-0.0625,False
complex,-5.5625,False,1.1875,True
simple,-4.6875,False,1.0,True
instruct,-4.6875,False,-0.3125,False
complex,-4.6875,False,1.21875,True
simple,-4.9375,False,0.875,True
instruct,-4.9375,False,-0.5,False
complex,-4.9375,False,0.875,True
simple,-13.0,False,0.96875,True
instruct,-13.0,False,-0.25,False
complex,-13.0,False,1.0,True
simple,-4.8125,False,0.8125,True
instruct,-4.8125,False,-0.5,False
complex,-4.8125,False,1.0625,True
simple,-4.125,False,0.96875,True
instruct,-4.125,False,-0.625,False
complex,-4.125,False,1.0,True
simple,-6.6875,False,0.9375,True
instruct,-6.6875,False,-0.25,False
complex,-6.6875,False,0.96875,True
simple,-5.375,False,1.03125,True
instruct,-5.375,False,-0.125,False
complex,-5.375,False,1.25,True
simple,-3.6875,False,0.875,True
instruct,-3.6875,False,-0.3125,False
complex,-3.6875,False,1.25,True
simple,-5.9375,False,0.75,True
instruct,-5.9375,False,-0.6875,False
complex,-5.9375,False,1.0625,True
simple,-3.75,False,0.96875,True
instruct,-3.75,False,-0.5625,False
complex,-3.75,False,0.96875,True
simple,-3.375,False,0.875,True
instruct,-3.375,False,-1.0,False
complex,-3.375,False,1.125,True
simple,-8.0625,False,0.71875,True
instruct,-8.0625,False,-0.375,False
complex,-8.0625,False,1.0,True
simple,-4.8125,False,0.875,True
instruct,-4.8125,False,-0.1875,False
complex,-4.8125,False,1.0625,True
simple,-4.625,False,0.9375,True
instruct,-4.625,False,-0.5625,False
complex,-4.625,False,0.9375,True
simple,-5.625,False,0.75,True
instruct,-5.625,False,-0.125,False
complex,-5.625,False,1.03125,True
simple,-6.25,False,0.5625,True
instruct,-6.25,False,-0.625,False
complex,-6.25,False,1.1875,True
simple,-5.6875,False,1.0625,True
instruct,-5.6875,False,-0.6875,False
complex,-5.6875,False,1.09375,True
simple,-4.6875,False,0.84375,True
instruct,-4.6875,False,-0.1875,False
complex,-4.6875,False,1.125,True
simple,-4.6875,False,0.9375,True
instruct,-4.6875,False,-0.1875,False
complex,-4.6875,False,1.125,True
simple,-6.5625,False,1.0,True
instruct,-6.5625,False,-0.375,False
complex,-6.5625,False,0.9375,True
simple,-5.0,False,1.0625,True
instruct,-5.0,False,-0.0625,False
complex,-5.0,False,1.15625,True
simple,-5.1875,False,1.0,True
instruct,-5.1875,False,-0.5,False
complex,-5.1875,False,1.03125,True
simple,-5.0,False,1.15625,True
instruct,-5.0,False,-0.25,False
complex,-5.0,False,0.875,True
simple,-6.0,False,0.78125,True
instruct,-6.0,False,-0.375,False
complex,-6.0,False,1.25,True
simple,-5.0625,False,0.875,True
instruct,-5.0625,False,-0.375,False
complex,-5.0625,False,1.125,True
simple,-3.875,False,1.03125,True
instruct,-3.875,False,-0.25,False
complex,-3.875,False,0.78125,True
simple,-6.8125,False,0.875,True
instruct,-6.8125,False,-0.5625,False
complex,-6.8125,False,1.0,True
simple,-4.125,False,0.6875,True
instruct,-4.125,False,-0.5625,False
complex,-4.125,False,1.09375,True
simple,-5.125,False,1.09375,True
instruct,-5.125,False,-0.1875,False
complex,-5.125,False,1.0625,True
simple,-6.5,False,0.65625,True
instruct,-6.5,False,-0.75,False
complex,-6.5,False,1.0,True
simple,-3.125,False,0.84375,True
instruct,-3.125,False,0.125,True
complex,-3.125,False,1.09375,True
simple,-3.6875,False,0.875,True
instruct,-3.6875,False,-0.5,False
complex,-3.6875,False,1.0625,True
simple,-3.375,False,0.84375,True
instruct,-3.375,False,-0.5625,False
complex,-3.375,False,0.875,True
simple,-4.8125,False,0.84375,True
instruct,-4.8125,False,-0.3125,False
complex,-4.8125,False,1.1875,True
simple,-3.6875,False,1.0,True
instruct,-3.6875,False,-0.1875,False
complex,-3.6875,False,1.15625,True
simple,-5.375,False,0.84375,True
instruct,-5.375,False,-0.6875,False
complex,-5.375,False,0.96875,True
simple,-6.5,False,0.875,True
instruct,-6.5,False,-0.75,False
complex,-6.5,False,1.125,True
simple,-3.375,False,0.71875,True
instruct,-3.375,False,0.125,True
complex,-3.375,False,1.0625,True
simple,-5.1875,False,0.875,True
instruct,-5.1875,False,0.0,False
complex,-5.1875,False,1.4375,True
simple,-3.125,False,1.03125,True
instruct,-3.125,False,-0.8125,False
complex,-3.125,False,1.3125,True
simple,-2.875,False,0.84375,True
instruct,-2.875,False,-1.0,False
complex,-2.875,False,1.375,True
simple,-3.4375,False,0.8125,True
instruct,-3.4375,False,-0.125,False
complex,-3.4375,False,1.40625,True
simple,-8.1875,False,0.9375,True
instruct,-8.1875,False,0.0625,True
complex,-8.1875,False,1.40625,True
simple,-4.5625,False,0.8125,True
instruct,-4.5625,False,-0.125,False
complex,-4.5625,False,1.0625,True
simple,-4.625,False,0.90625,True
instruct,-4.625,False,-0.125,False
complex,-4.625,False,1.375,True
simple,-6.1875,False,0.75,True
instruct,-6.1875,False,-0.75,False
complex,-6.1875,False,1.375,True
simple,-1.3125,False,0.6875,True
instruct,-1.3125,False,-0.25,False
complex,-1.3125,False,1.34375,True
simple,-2.8125,False,0.625,True
instruct,-2.8125,False,-1.0,False
complex,-2.8125,False,1.125,True
simple,-3.375,False,0.625,True
instruct,-3.375,False,-0.25,False
complex,-3.375,False,1.375,True
simple,-3.0625,False,0.71875,True
instruct,-3.0625,False,-0.5625,False
complex,-3.0625,False,1.5,True
simple,-4.25,False,0.71875,True
instruct,-4.25,False,-0.6875,False
complex,-4.25,False,1.25,True
simple,-2.125,False,0.9375,True
instruct,-2.125,False,-0.8125,False
complex,-2.125,False,1.03125,True
simple,-3.6875,False,0.5625,True
instruct,-3.6875,False,-0.4375,False
complex,-3.6875,False,1.34375,True
simple,-3.0,False,0.75,True
instruct,-3.0,False,-0.5,False
complex,-3.0,False,1.09375,True
simple,-1.6875,False,0.8125,True
instruct,-1.6875,False,-0.75,False
complex,-1.6875,False,1.28125,True
simple,-4.75,False,0.96875,True
instruct,-4.75,False,0.125,True
complex,-4.75,False,1.15625,True
simple,-5.625,False,0.75,True
instruct,-5.625,False,-0.5625,False
complex,-5.625,False,1.53125,True
simple,-2.6875,False,0.96875,True
instruct,-2.6875,False,-0.125,False
complex,-2.6875,False,1.53125,True
simple,-5.0625,False,0.6875,True
instruct,-5.0625,False,-0.3125,False
complex,-5.0625,False,1.15625,True
simple,-4.8125,False,0.90625,True
instruct,-4.8125,False,-0.3125,False
complex,-4.8125,False,1.3125,True
simple,-2.4375,False,0.6875,True
instruct,-2.4375,False,-0.625,False
complex,-2.4375,False,1.46875,True
simple,-3.0625,False,0.875,True
instruct,-3.0625,False,-0.6875,False
complex,-3.0625,False,1.40625,True
simple,-3.0,False,0.96875,True
instruct,-3.0,False,-1.0,False
complex,-3.0,False,1.25,True
simple,-3.25,False,0.96875,True
instruct,-3.25,False,-0.125,False
complex,-3.25,False,1.03125,True
simple,-2.125,False,0.84375,True
instruct,-2.125,False,-0.25,False
complex,-2.125,False,1.21875,True
simple,-4.875,False,0.6875,True
instruct,-4.875,False,-0.3125,False
complex,-4.875,False,1.4375,True
simple,-9.4375,False,0.75,True
instruct,-9.4375,False,-1.0,False
complex,-9.4375,False,1.21875,True
simple,-4.875,False,0.6875,True
instruct,-4.875,False,-0.875,False
complex,-4.875,False,1.59375,True
simple,-4.125,False,0.625,True
instruct,-4.125,False,-0.1875,False
complex,-4.125,False,1.25,True
simple,-5.3125,False,0.8125,True
instruct,-5.3125,False,-0.3125,False
complex,-5.3125,False,1.125,True
simple,-2.5,False,1.0,True
instruct,-2.5,False,-0.875,False
complex,-2.5,False,1.09375,True
simple,-3.5625,False,0.6875,True
instruct,-3.5625,False,-0.3125,False
complex,-3.5625,False,1.40625,True
simple,-4.125,False,0.8125,True
instruct,-4.125,False,-0.6875,False
complex,-4.125,False,0.9375,True
simple,-4.6875,False,0.875,True
instruct,-4.6875,False,-0.3125,False
complex,-4.6875,False,1.21875,True
simple,-1.8125,False,0.9375,True
instruct,-1.8125,False,-0.5,False
complex,-1.8125,False,1.375,True
simple,-1.5,False,0.96875,True
instruct,-1.5,False,-0.375,False
complex,-1.5,False,1.3125,True
simple,-3.25,False,0.875,True
instruct,-3.25,False,-0.125,False
complex,-3.25,False,1.1875,True
simple,-5.4375,False,1.03125,True
instruct,-5.4375,False,-0.125,False
complex,-5.4375,False,1.28125,True
simple,-0.1875,False,1.1875,True
instruct,-0.1875,False,-0.125,False
complex,-0.1875,False,1.375,True
simple,-6.625,False,1.09375,True
instruct,-6.625,False,-0.375,False
complex,-6.625,False,1.375,True
simple,-21.125,False,0.8125,True
instruct,-21.125,False,-0.5625,False
complex,-21.125,False,1.59375,True
simple,-12.125,False,0.625,True
instruct,-12.125,False,-0.75,False
complex,-12.125,False,1.40625,True
simple,-2.375,False,0.8125,True
instruct,-2.375,False,-0.75,False
complex,-2.375,False,1.125,True
simple,-2.0625,False,0.78125,True
instruct,-2.0625,False,0.0,False
complex,-2.0625,False,1.1875,True
simple,-1.9375,False,0.75,True
instruct,-1.9375,False,-0.8125,False
complex,-1.9375,False,1.40625,True
simple,-5.5,False,0.96875,True
instruct,-5.5,False,-0.5,False
complex,-5.5,False,1.21875,True
simple,-5.1875,False,1.15625,True
instruct,-5.1875,False,0.0625,True
complex,-5.1875,False,1.21875,True
simple,-4.4375,False,0.75,True
instruct,-4.4375,False,-0.5625,False
complex,-4.4375,False,1.21875,True
simple,-4.5,False,1.125,True
instruct,-4.5,False,-0.5625,False
complex,-4.5,False,1.21875,True
simple,-2.3125,False,1.03125,True
instruct,-2.3125,False,-0.125,False
complex,-2.3125,False,1.28125,True
simple,-5.125,False,0.90625,True
instruct,-5.125,False,-0.1875,False
complex,-5.125,False,1.125,True
simple,-2.875,False,0.625,True
instruct,-2.875,False,-0.375,False
complex,-2.875,False,1.09375,True
simple,-2.3125,False,0.875,True
instruct,-2.3125,False,-0.75,False
complex,-2.3125,False,1.5625,True
simple,-4.875,False,0.875,True
instruct,-4.875,False,-0.3125,False
complex,-4.875,False,1.1875,True
simple,-2.875,False,0.8125,True
instruct,-2.875,False,-0.375,False
complex,-2.875,False,1.34375,True
simple,-4.3125,False,1.0,True
instruct,-4.3125,False,-0.0625,False
complex,-4.3125,False,1.125,True
simple,-3.125,False,1.09375,True
instruct,-3.125,False,0.0625,True
complex,-3.125,False,1.59375,True
simple,-7.9375,False,0.96875,True
instruct,-7.9375,False,-0.625,False
complex,-7.9375,False,0.875,True
simple,-1.5,False,0.59375,True
instruct,-1.5,False,-0.5625,False
complex,-1.5,False,1.0,True
simple,-2.5625,False,1.0625,True
instruct,-2.5625,False,-0.375,False
complex,-2.5625,False,1.03125,True
simple,-10.875,False,0.8125,True
instruct,-10.875,False,-0.1875,False
complex,-10.875,False,1.0,True
simple,-3.5,False,0.5,True
instruct,-3.5,False,-0.75,False
complex,-3.5,False,1.21875,True
simple,-4.375,False,0.78125,True
instruct,-4.375,False,-0.625,False
complex,-4.375,False,0.875,True
simple,-3.6875,False,0.90625,True
instruct,-3.6875,False,-0.3125,False
complex,-3.6875,False,1.46875,True
simple,-8.875,False,0.75,True
instruct,-8.875,False,0.0,False
complex,-8.875,False,1.0,True
simple,-7.1875,False,0.625,True
instruct,-7.1875,False,-0.625,False
complex,-7.1875,False,1.4375,True
simple,-6.375,False,0.75,True
instruct,-6.375,False,-0.3125,False
complex,-6.375,False,1.34375,True
simple,-5.875,False,0.90625,True
instruct,-5.875,False,-0.4375,False
complex,-5.875,False,1.28125,True
simple,-6.9375,False,0.90625,True
instruct,-6.9375,False,-0.375,False
complex,-6.9375,False,0.9375,True
simple,-7.125,False,0.59375,True
instruct,-7.125,False,-0.625,False
complex,-7.125,False,1.0,True
simple,-6.3125,False,0.65625,True
instruct,-6.3125,False,-0.25,False
complex,-6.3125,False,1.34375,True
simple,-7.25,False,0.8125,True
instruct,-7.25,False,-0.1875,False
complex,-7.25,False,1.3125,True
simple,-2.125,False,0.4375,True
instruct,-2.125,False,-0.625,False
complex,-2.125,False,1.21875,True
simple,-7.25,False,0.96875,True
instruct,-7.25,False,-0.1875,False
complex,-7.25,False,1.0625,True
simple,-2.0625,False,0.84375,True
instruct,-2.0625,False,-0.0625,False
complex,-2.0625,False,1.21875,True
simple,0.125,True,1.0625,True
instruct,0.125,True,-0.1875,False
complex,0.125,True,1.15625,True
simple,-3.75,False,0.625,True
instruct,-3.75,False,-0.125,False
complex,-3.75,False,1.375,True
simple,-4.375,False,0.78125,True
instruct,-4.375,False,-0.125,False
complex,-4.375,False,1.21875,True
simple,-5.0625,False,1.3125,True
instruct,-5.0625,False,-0.125,False
complex,-5.0625,False,0.6875,True
simple,-16.1875,False,0.84375,True
instruct,-16.1875,False,-0.3125,False
complex,-16.1875,False,1.5,True
simple,-10.1875,False,1.0,True
instruct,-10.1875,False,0.0625,True
complex,-10.1875,False,1.40625,True
simple,-6.0625,False,0.78125,True
instruct,-6.0625,False,0.0625,True
complex,-6.0625,False,1.09375,True
simple,-4.5625,False,0.96875,True
instruct,-4.5625,False,-0.3125,False
complex,-4.5625,False,1.125,True
simple,-6.375,False,0.90625,True
instruct,-6.375,False,-0.3125,False
complex,-6.375,False,1.59375,True
simple,-4.375,False,0.96875,True
instruct,-4.375,False,-0.375,False
complex,-4.375,False,1.1875,True
simple,-4.0625,False,0.5625,True
instruct,-4.0625,False,-0.1875,False
complex,-4.0625,False,1.5,True
simple,-4.4375,False,0.71875,True
instruct,-4.4375,False,-0.6875,False
complex,-4.4375,False,0.84375,True
simple,-2.875,False,0.71875,True
instruct,-2.875,False,-0.625,False
complex,-2.875,False,1.21875,True
simple,-3.875,False,0.8125,True
instruct,-3.875,False,-0.5625,False
complex,-3.875,False,0.875,True
simple,-7.0,False,0.90625,True
instruct,-7.0,False,-0.125,False
complex,-7.0,False,1.15625,True
simple,-8.3125,False,0.4375,True
instruct,-8.3125,False,-0.5,False
complex,-8.3125,False,1.15625,True
simple,-0.8125,False,1.15625,True
instruct,-0.8125,False,-0.5,False
complex,-0.8125,False,1.03125,True
simple,-3.4375,False,1.125,True
instruct,-3.4375,False,-0.4375,False
complex,-3.4375,False,1.1875,True
simple,-3.75,False,0.84375,True
instruct,-3.75,False,-0.375,False
complex,-3.75,False,1.34375,True
simple,-4.0625,False,0.75,True
instruct,-4.0625,False,-0.5,False
complex,-4.0625,False,1.4375,True
simple,-2.6875,False,0.875,True
instruct,-2.6875,False,-0.5,False
complex,-2.6875,False,1.25,True
simple,-7.0,False,1.125,True
instruct,-7.0,False,0.3125,True
complex,-7.0,False,1.53125,True
simple,-6.625,False,1.15625,True
instruct,-6.625,False,0.125,True
complex,-6.625,False,1.625,True
simple,-6.125,False,1.09375,True
instruct,-6.125,False,0.1875,True
complex,-6.125,False,1.625,True
simple,-7.0625,False,1.09375,True
instruct,-7.0625,False,0.125,True
complex,-7.0625,False,1.6875,True
simple,-8.0,False,1.1875,True
instruct,-8.0,False,0.1875,True
complex,-8.0,False,1.5,True
simple,-9.0625,False,1.0,True
instruct,-9.0625,False,0.0625,True
complex,-9.0625,False,1.625,True
simple,-7.4375,False,1.1875,True
instruct,-7.4375,False,0.0,False
complex,-7.4375,False,1.625,True
simple,-6.9375,False,1.0625,True
instruct,-6.9375,False,0.3125,True
complex,-6.9375,False,1.46875,True
simple,-6.5,False,1.125,True
instruct,-6.5,False,0.1875,True
complex,-6.5,False,1.59375,True
simple,-6.4375,False,1.0625,True
instruct,-6.4375,False,0.3125,True
complex,-6.4375,False,1.59375,True
simple,-8.9375,False,0.9375,True
instruct,-8.9375,False,0.25,True
complex,-8.9375,False,1.46875,True
simple,-6.5,False,1.1875,True
instruct,-6.5,False,0.4375,True
complex,-6.5,False,1.65625,True
simple,-6.5625,False,1.15625,True
instruct,-6.5625,False,0.3125,True
complex,-6.5625,False,1.5625,True
simple,-8.25,False,1.0,True
instruct,-8.25,False,0.125,True
complex,-8.25,False,1.625,True
simple,-8.25,False,1.09375,True
instruct,-8.25,False,0.1875,True
complex,-8.25,False,1.59375,True
simple,-7.0625,False,1.03125,True
instruct,-7.0625,False,0.1875,True
complex,-7.0625,False,1.5,True
simple,-7.0625,False,1.25,True
instruct,-7.0625,False,0.5,True
complex,-7.0625,False,1.5625,True
simple,-6.625,False,1.1875,True
instruct,-6.625,False,0.375,True
complex,-6.625,False,1.5,True
simple,-7.75,False,1.15625,True
instruct,-7.75,False,0.125,True
complex,-7.75,False,1.40625,True
simple,-7.3125,False,1.21875,True
instruct,-7.3125,False,0.1875,True
complex,-7.3125,False,1.53125,True
simple,-7.4375,False,1.125,True
instruct,-7.4375,False,0.0625,True
complex,-7.4375,False,1.5625,True
simple,-5.9375,False,1.28125,True
instruct,-5.9375,False,0.5,True
complex,-5.9375,False,1.59375,True
simple,-7.5625,False,1.1875,True
instruct,-7.5625,False,0.25,True
complex,-7.5625,False,1.40625,True
simple,-8.3125,False,1.0,True
instruct,-8.3125,False,0.125,True
complex,-8.3125,False,1.53125,True
simple,-8.25,False,1.03125,True
instruct,-8.25,False,0.0625,True
complex,-8.25,False,1.5625,True
simple,-8.0625,False,1.15625,True
instruct,-8.0625,False,0.3125,True
complex,-8.0625,False,1.4375,True
simple,-7.125,False,1.15625,True
instruct,-7.125,False,0.25,True
complex,-7.125,False,1.53125,True
simple,-7.5,False,1.15625,True
instruct,-7.5,False,-0.0625,False
complex,-7.5,False,1.5625,True
simple,-7.125,False,1.09375,True
instruct,-7.125,False,0.0625,True
complex,-7.125,False,1.59375,True
simple,-7.1875,False,1.1875,True
instruct,-7.1875,False,0.3125,True
complex,-7.1875,False,1.53125,True
simple,-7.375,False,1.1875,True
instruct,-7.375,False,0.3125,True
complex,-7.375,False,1.5,True
simple,-6.5,False,1.34375,True
instruct,-6.5,False,0.3125,True
complex,-6.5,False,1.625,True
simple,-7.25,False,1.1875,True
instruct,-7.25,False,0.3125,True
complex,-7.25,False,1.4375,True
simple,-8.0625,False,1.09375,True
instruct,-8.0625,False,0.3125,True
complex,-8.0625,False,1.40625,True
simple,-6.875,False,1.21875,True
instruct,-6.875,False,0.125,True
complex,-6.875,False,1.5625,True
simple,-7.3125,False,1.0,True
instruct,-7.3125,False,0.125,True
complex,-7.3125,False,1.5625,True
simple,-8.1875,False,1.0,True
instruct,-8.1875,False,0.0625,True
complex,-8.1875,False,1.59375,True
simple,-6.5625,False,1.0625,True
instruct,-6.5625,False,-0.125,False
complex,-6.5625,False,1.375,True
simple,-7.125,False,1.09375,True
instruct,-7.125,False,0.0625,True
complex,-7.125,False,1.5,True
simple,-6.375,False,1.15625,True
instruct,-6.375,False,0.375,True
complex,-6.375,False,1.71875,True
simple,-8.0625,False,1.1875,True
instruct,-8.0625,False,0.5,True
complex,-8.0625,False,1.5625,True
simple,-6.9375,False,1.21875,True
instruct,-6.9375,False,0.5,True
complex,-6.9375,False,1.59375,True
simple,-7.6875,False,1.25,True
instruct,-7.6875,False,0.1875,True
complex,-7.6875,False,1.59375,True
simple,-6.6875,False,0.96875,True
instruct,-6.6875,False,0.0625,True
complex,-6.6875,False,1.4375,True
simple,-6.4375,False,1.0625,True
instruct,-6.4375,False,0.125,True
complex,-6.4375,False,1.34375,True
simple,-7.9375,False,1.15625,True
instruct,-7.9375,False,0.3125,True
complex,-7.9375,False,1.59375,True
simple,-6.625,False,1.1875,True
instruct,-6.625,False,-0.1875,False
complex,-6.625,False,1.40625,True
simple,-8.3125,False,1.1875,True
instruct,-8.3125,False,0.1875,True
complex,-8.3125,False,1.5,True
simple,-7.875,False,1.375,True
instruct,-7.875,False,0.0625,True
complex,-7.875,False,1.4375,True
simple,-7.4375,False,1.0625,True
instruct,-7.4375,False,-0.125,False
complex,-7.4375,False,1.53125,True
simple,-6.25,False,1.125,True
instruct,-6.25,False,0.25,True
complex,-6.25,False,1.5,True
simple,-7.25,False,1.25,True
instruct,-7.25,False,0.3125,True
complex,-7.25,False,1.5,True
simple,-6.75,False,1.09375,True
instruct,-6.75,False,0.0625,True
complex,-6.75,False,1.46875,True
simple,-5.875,False,1.09375,True
instruct,-5.875,False,0.3125,True
complex,-5.875,False,1.5,True
simple,-7.6875,False,1.125,True
instruct,-7.6875,False,0.125,True
complex,-7.6875,False,1.53125,True
simple,-7.25,False,1.09375,True
instruct,-7.25,False,0.3125,True
complex,-7.25,False,1.59375,True
simple,-7.0,False,1.03125,True
instruct,-7.0,False,0.125,True
complex,-7.0,False,1.59375,True
simple,-7.375,False,1.1875,True
instruct,-7.375,False,-0.25,False
complex,-7.375,False,1.53125,True
simple,-6.875,False,1.0,True
instruct,-6.875,False,0.25,True
complex,-6.875,False,1.53125,True
simple,-5.0,False,1.03125,True
instruct,-5.0,False,0.25,True
complex,-5.0,False,1.375,True
simple,-6.625,False,1.1875,True
instruct,-6.625,False,0.25,True
complex,-6.625,False,1.53125,True
simple,-7.8125,False,1.1875,True
instruct,-7.8125,False,0.375,True
complex,-7.8125,False,1.40625,True
simple,-6.0625,False,1.25,True
instruct,-6.0625,False,-0.0625,False
complex,-6.0625,False,1.34375,True
simple,-8.375,False,1.1875,True
instruct,-8.375,False,-0.0625,False
complex,-8.375,False,1.4375,True
simple,-6.5,False,1.1875,True
instruct,-6.5,False,0.3125,True
complex,-6.5,False,1.53125,True
simple,-7.625,False,1.0625,True
instruct,-7.625,False,0.0625,True
complex,-7.625,False,1.4375,True
simple,-7.75,False,1.25,True
instruct,-7.75,False,0.375,True
complex,-7.75,False,1.59375,True
simple,-7.25,False,1.03125,True
instruct,-7.25,False,0.125,True
complex,-7.25,False,1.5,True
simple,-6.25,False,1.3125,True
instruct,-6.25,False,0.625,True
complex,-6.25,False,1.53125,True
simple,-7.1875,False,1.125,True
instruct,-7.1875,False,0.0,False
complex,-7.1875,False,1.375,True
simple,-7.5,False,1.0,True
instruct,-7.5,False,-0.3125,False
complex,-7.5,False,1.46875,True
simple,-7.9375,False,1.09375,True
instruct,-7.9375,False,0.3125,True
complex,-7.9375,False,1.3125,True
simple,-7.75,False,1.09375,True
instruct,-7.75,False,0.1875,True
complex,-7.75,False,1.4375,True
simple,-6.25,False,1.25,True
instruct,-6.25,False,0.0,False
complex,-6.25,False,1.3125,True
simple,-6.6875,False,1.0625,True
instruct,-6.6875,False,0.25,True
complex,-6.6875,False,1.4375,True
simple,-8.125,False,1.03125,True
instruct,-8.125,False,0.0,False
complex,-8.125,False,1.40625,True
simple,-7.625,False,1.0625,True
instruct,-7.625,False,0.0625,True
complex,-7.625,False,1.5,True
simple,-5.5625,False,0.96875,True
instruct,-5.5625,False,0.0625,True
complex,-5.5625,False,1.3125,True
simple,-6.75,False,1.3125,True
instruct,-6.75,False,0.25,True
complex,-6.75,False,1.53125,True
simple,-5.625,False,1.03125,True
instruct,-5.625,False,0.375,True
complex,-5.625,False,1.46875,True
simple,-7.375,False,1.15625,True
instruct,-7.375,False,0.3125,True
complex,-7.375,False,1.4375,True
simple,-7.625,False,1.09375,True
instruct,-7.625,False,0.0625,True
complex,-7.625,False,1.15625,True
simple,-7.1875,False,1.15625,True
instruct,-7.1875,False,-0.0625,False
complex,-7.1875,False,1.5,True
simple,-8.0625,False,1.1875,True
instruct,-8.0625,False,0.1875,True
complex,-8.0625,False,1.25,True
simple,-7.5,False,0.9375,True
instruct,-7.5,False,-0.1875,False
complex,-7.5,False,1.46875,True
simple,-8.125,False,1.09375,True
instruct,-8.125,False,0.0625,True
complex,-8.125,False,1.4375,True
simple,-6.875,False,1.34375,True
instruct,-6.875,False,0.0625,True
complex,-6.875,False,1.53125,True
simple,-5.9375,False,0.8125,True
instruct,-5.9375,False,-0.1875,False
complex,-5.9375,False,1.4375,True
simple,-7.6875,False,0.90625,True
instruct,-7.6875,False,0.0625,True
complex,-7.6875,False,1.5,True
simple,-7.3125,False,1.125,True
instruct,-7.3125,False,-0.125,False
complex,-7.3125,False,1.34375,True
simple,-7.9375,False,1.0625,True
instruct,-7.9375,False,0.125,True
complex,-7.9375,False,1.40625,True
simple,-7.8125,False,1.0625,True
instruct,-7.8125,False,-0.1875,False
complex,-7.8125,False,1.40625,True
simple,-6.625,False,1.1875,True
instruct,-6.625,False,0.25,True
complex,-6.625,False,1.34375,True
simple,-6.8125,False,0.90625,True
instruct,-6.8125,False,0.1875,True
complex,-6.8125,False,1.4375,True
simple,-6.9375,False,0.96875,True
instruct,-6.9375,False,-0.125,False
complex,-6.9375,False,1.5625,True
simple,-5.875,False,1.1875,True
instruct,-5.875,False,0.1875,True
complex,-5.875,False,1.34375,True
simple,-7.4375,False,1.0625,True
instruct,-7.4375,False,0.4375,True
complex,-7.4375,False,1.4375,True
simple,-7.4375,False,0.9375,True
instruct,-7.4375,False,-0.625,False
complex,-7.4375,False,1.28125,True
simple,-7.9375,False,0.96875,True
instruct,-7.9375,False,-0.0625,False
complex,-7.9375,False,1.375,True
simple,-7.8125,False,0.96875,True
instruct,-7.8125,False,0.1875,True
complex,-7.8125,False,1.53125,True
simple,-5.25,False,1.125,True
instruct,-5.25,False,0.25,True
complex,-5.25,False,1.3125,True
simple,-4.53125,False,1.09375,True
instruct,-4.53125,False,0.0625,True
complex,-4.53125,False,1.375,True
simple,-4.8125,False,0.8125,True
instruct,-4.8125,False,0.125,True
complex,-4.8125,False,1.5,True
simple,-5.5,False,0.4375,True
instruct,-5.5,False,-0.625,False
complex,-5.5,False,1.28125,True
simple,-4.5625,False,0.6875,True
instruct,-4.5625,False,-0.1875,False
complex,-4.5625,False,1.375,True
simple,-4.0,False,0.84375,True
instruct,-4.0,False,-0.25,False
complex,-4.0,False,1.40625,True
simple,-4.25,False,0.9375,True
instruct,-4.25,False,-0.0625,False
complex,-4.25,False,1.375,True
simple,-3.53125,False,1.0,True
instruct,-3.53125,False,-0.0625,False
complex,-3.53125,False,1.375,True
simple,-4.28125,False,0.75,True
instruct,-4.28125,False,-0.4375,False
complex,-4.28125,False,1.375,True
simple,-5.5,False,1.09375,True
instruct,-5.5,False,0.1875,True
complex,-5.5,False,1.40625,True
simple,-5.25,False,0.90625,True
instruct,-5.25,False,0.0,False
complex,-5.25,False,1.28125,True
simple,-4.59375,False,0.75,True
instruct,-4.59375,False,-0.5,False
complex,-4.59375,False,1.25,True
simple,-5.25,False,0.9375,True
instruct,-5.25,False,0.0,False
complex,-5.25,False,1.375,True
simple,-4.34375,False,1.0625,True
instruct,-4.34375,False,0.0,False
complex,-4.34375,False,1.34375,True
simple,-4.25,False,0.875,True
instruct,-4.25,False,-0.125,False
complex,-4.25,False,1.375,True
simple,-4.84375,False,0.875,True
instruct,-4.84375,False,-0.0625,False
complex,-4.84375,False,1.46875,True
simple,-5.1875,False,1.0,True
instruct,-5.1875,False,0.1875,True
complex,-5.1875,False,1.4375,True
simple,-4.6875,False,0.875,True
instruct,-4.6875,False,0.125,True
complex,-4.6875,False,1.3125,True
simple,-4.25,False,0.6875,True
instruct,-4.25,False,-0.375,False
complex,-4.25,False,1.3125,True
simple,-4.28125,False,0.96875,True
instruct,-4.28125,False,0.25,True
complex,-4.28125,False,1.4375,True
simple,-3.75,False,0.9375,True
instruct,-3.75,False,0.0625,True
complex,-3.75,False,1.40625,True
simple,-5.84375,False,0.71875,True
instruct,-5.84375,False,-0.4375,False
complex,-5.84375,False,1.3125,True
simple,-4.6875,False,0.90625,True
instruct,-4.6875,False,0.0625,True
complex,-4.6875,False,1.40625,True
simple,-4.375,False,0.78125,True
instruct,-4.375,False,0.125,True
complex,-4.375,False,1.40625,True
simple,-5.03125,False,0.875,True
instruct,-5.03125,False,-0.0625,False
complex,-5.03125,False,1.375,True
simple,-3.84375,False,0.71875,True
instruct,-3.84375,False,-0.1875,False
complex,-3.84375,False,1.375,True
simple,-4.375,False,1.0625,True
instruct,-4.375,False,0.0,False
complex,-4.375,False,1.375,True
simple,-4.78125,False,1.125,True
instruct,-4.78125,False,0.25,True
complex,-4.78125,False,1.34375,True
simple,-5.09375,False,1.21875,True
instruct,-5.09375,False,0.25,True
complex,-5.09375,False,1.3125,True
simple,-4.125,False,0.75,True
instruct,-4.125,False,-0.25,False
complex,-4.125,False,1.40625,True
simple,-4.46875,False,0.8125,True
instruct,-4.46875,False,-0.0625,False
complex,-4.46875,False,1.375,True
simple,-4.4375,False,0.59375,True
instruct,-4.4375,False,-0.5625,False
complex,-4.4375,False,1.34375,True
simple,-5.625,False,0.375,True
instruct,-5.625,False,-0.6875,False
complex,-5.625,False,1.34375,True
simple,-4.5,False,0.8125,True
instruct,-4.5,False,0.1875,True
complex,-4.5,False,1.34375,True
simple,-3.25,False,1.03125,True
instruct,-3.25,False,0.0625,True
complex,-3.25,False,1.34375,True
simple,-4.0,False,0.96875,True
instruct,-4.0,False,-0.1875,False
complex,-4.0,False,1.34375,True
simple,-5.3125,False,0.96875,True
instruct,-5.3125,False,-0.3125,False
complex,-5.3125,False,1.25,True
simple,-4.5,False,0.875,True
instruct,-4.5,False,0.3125,True
complex,-4.5,False,1.46875,True
simple,-5.0625,False,0.875,True
instruct,-5.0625,False,0.0625,True
complex,-5.0625,False,1.3125,True
simple,-13.5625,False,0.71875,True
instruct,-13.5625,False,-0.4375,False
complex,-13.5625,False,1.5,True
simple,-4.71875,False,0.75,True
instruct,-4.71875,False,-0.1875,False
complex,-4.71875,False,1.28125,True
simple,-5.25,False,0.75,True
instruct,-5.25,False,0.125,True
complex,-5.25,False,1.4375,True
simple,-5.0625,False,0.875,True
instruct,-5.0625,False,0.125,True
complex,-5.0625,False,1.28125,True
simple,-4.5625,False,0.9375,True
instruct,-4.5625,False,0.0625,True
complex,-4.5625,False,1.3125,True
simple,-4.625,False,0.96875,True
instruct,-4.625,False,0.125,True
complex,-4.625,False,1.3125,True
simple,-4.5625,False,0.8125,True
instruct,-4.5625,False,0.0,False
complex,-4.5625,False,1.5,True
simple,-3.96875,False,1.15625,True
instruct,-3.96875,False,0.0,False
complex,-3.96875,False,1.28125,True
simple,-5.0,False,0.71875,True
instruct,-5.0,False,0.0,False
complex,-5.0,False,1.40625,True
simple,-3.875,False,0.71875,True
instruct,-3.875,False,-0.625,False
complex,-3.875,False,1.28125,True
simple,-5.25,False,0.65625,True
instruct,-5.25,False,-0.5625,False
complex,-5.25,False,1.46875,True
simple,-5.53125,False,0.84375,True
instruct,-5.53125,False,-0.3125,False
complex,-5.53125,False,1.34375,True
simple,-4.25,False,0.75,True
instruct,-4.25,False,-0.375,False
complex,-4.25,False,1.3125,True
simple,-5.0,False,0.625,True
instruct,-5.0,False,-0.5,False
complex,-5.0,False,1.25,True
simple,-4.75,False,0.90625,True
instruct,-4.75,False,-0.25,False
complex,-4.75,False,1.34375,True
simple,-3.625,False,0.875,True
instruct,-3.625,False,0.0,False
complex,-3.625,False,1.40625,True
simple,-4.75,False,0.6875,True
instruct,-4.75,False,0.1875,True
complex,-4.75,False,1.4375,True
simple,-4.9375,False,0.75,True
instruct,-4.9375,False,0.0625,True
complex,-4.9375,False,1.34375,True
simple,-3.4375,False,0.9375,True
instruct,-3.4375,False,-0.25,False
complex,-3.4375,False,1.125,True
simple,-3.25,False,0.65625,True
instruct,-3.25,False,-0.375,False
complex,-3.25,False,1.40625,True
simple,-4.875,False,0.90625,True
instruct,-4.875,False,-0.3125,False
complex,-4.875,False,1.3125,True
simple,-4.9375,False,0.84375,True
instruct,-4.9375,False,-0.5,False
complex,-4.9375,False,1.34375,True
simple,-3.6875,False,0.84375,True
instruct,-3.6875,False,-0.625,False
complex,-3.6875,False,1.375,True
simple,-4.375,False,0.625,True
instruct,-4.375,False,-0.625,False
complex,-4.375,False,1.25,True
simple,-3.1875,False,0.71875,True
instruct,-3.1875,False,-0.375,False
complex,-3.1875,False,1.3125,True
simple,-4.84375,False,0.71875,True
instruct,-4.84375,False,-0.625,False
complex,-4.84375,False,1.1875,True
simple,-4.3125,False,0.90625,True
instruct,-4.3125,False,-0.3125,False
complex,-4.3125,False,1.375,True
simple,-3.6875,False,0.90625,True
instruct,-3.6875,False,-0.3125,False
complex,-3.6875,False,1.09375,True
simple,-3.5625,False,0.5625,True
instruct,-3.5625,False,-0.3125,False
complex,-3.5625,False,1.25,True
simple,-4.875,False,0.71875,True
instruct,-4.875,False,-0.1875,False
complex,-4.875,False,1.34375,True
simple,-2.6875,False,1.15625,True
instruct,-2.6875,False,-0.125,False
complex,-2.6875,False,1.34375,True
simple,-4.375,False,1.09375,True
instruct,-4.375,False,0.0,False
complex,-4.375,False,1.25,True
simple,-5.75,False,0.84375,True
instruct,-5.75,False,-0.125,False
complex,-5.75,False,1.28125,True
simple,-3.3125,False,0.8125,True
instruct,-3.3125,False,-0.4375,False
complex,-3.3125,False,1.3125,True
simple,-4.125,False,0.78125,True
instruct,-4.125,False,-0.1875,False
complex,-4.125,False,1.34375,True
simple,-4.34375,False,0.65625,True
instruct,-4.34375,False,-0.25,False
complex,-4.34375,False,1.3125,True
simple,-3.6875,False,0.1875,True
instruct,-3.6875,False,-0.625,False
complex,-3.6875,False,1.3125,True
simple,-4.1875,False,0.65625,True
instruct,-4.1875,False,-0.4375,False
complex,-4.1875,False,1.34375,True
simple,-4.5625,False,0.84375,True
instruct,-4.5625,False,0.0625,True
complex,-4.5625,False,1.28125,True
simple,-5.75,False,0.8125,True
instruct,-5.75,False,-0.1875,False
complex,-5.75,False,1.25,True
simple,-5.4375,False,0.625,True
instruct,-5.4375,False,0.25,True
complex,-5.4375,False,1.3125,True
simple,-5.1875,False,0.78125,True
instruct,-5.1875,False,0.0625,True
complex,-5.1875,False,1.3125,True
simple,-3.0625,False,1.125,True
instruct,-3.0625,False,0.1875,True
complex,-3.0625,False,1.28125,True
simple,-5.25,False,0.53125,True
instruct,-5.25,False,-0.0625,False
complex,-5.25,False,1.375,True
simple,-5.3125,False,0.4375,True
instruct,-5.3125,False,-0.4375,False
complex,-5.3125,False,1.34375,True
simple,-5.0,False,0.78125,True
instruct,-5.0,False,-0.125,False
complex,-5.0,False,1.28125,True
simple,-4.5625,False,0.84375,True
instruct,-4.5625,False,-0.25,False
complex,-4.5625,False,1.28125,True
simple,-4.125,False,0.90625,True
instruct,-4.125,False,-0.1875,False
complex,-4.125,False,1.40625,True
simple,-3.6875,False,0.90625,True
instruct,-3.6875,False,-0.25,False
complex,-3.6875,False,1.0625,True
simple,-5.03125,False,0.6875,True
instruct,-5.03125,False,-0.125,False
complex,-5.03125,False,1.3125,True
simple,-5.0625,False,0.78125,True
instruct,-5.0625,False,0.1875,True
complex,-5.0625,False,1.3125,True
simple,-4.875,False,0.65625,True
instruct,-4.875,False,-0.4375,False
complex,-4.875,False,1.3125,True
simple,-6.28125,False,0.8125,True
instruct,-6.28125,False,-0.1875,False
complex,-6.28125,False,1.3125,True
simple,-4.46875,False,0.625,True
instruct,-4.46875,False,-0.5625,False
complex,-4.46875,False,1.40625,True
simple,-4.3125,False,0.6875,True
instruct,-4.3125,False,-0.5,False
complex,-4.3125,False,1.1875,True
simple,-5.8125,False,0.5625,True
instruct,-5.8125,False,-0.25,False
complex,-5.8125,False,1.53125,True
simple,-3.125,False,0.75,True
instruct,-3.125,False,-0.4375,False
complex,-3.125,False,1.40625,True
simple,-4.625,False,0.84375,True
instruct,-4.625,False,-0.0625,False
complex,-4.625,False,1.40625,True
simple,-4.5625,False,0.84375,True
instruct,-4.5625,False,-0.1875,False
complex,-4.5625,False,1.34375,True
simple,-4.5625,False,1.125,True
instruct,-4.5625,False,0.125,True
complex,-4.5625,False,1.34375,True
simple,-6.4375,False,0.4375,True
instruct,-6.4375,False,-0.1875,False
complex,-6.4375,False,1.5,True
simple,-7.4375,False,0.8125,True
instruct,-7.4375,False,-0.4375,False
complex,-7.4375,False,1.15625,True
simple,-8.3125,False,0.71875,True
instruct,-8.3125,False,-0.1875,False
complex,-8.3125,False,1.25,True
simple,-4.0625,False,0.625,True
instruct,-4.0625,False,-0.4375,False
complex,-4.0625,False,1.21875,True
simple,-6.0625,False,0.71875,True
instruct,-6.0625,False,-0.4375,False
complex,-6.0625,False,1.0625,True
simple,-8.875,False,0.5625,True
instruct,-8.875,False,-0.375,False
complex,-8.875,False,1.0,True
simple,-7.25,False,0.5625,True
instruct,-7.25,False,-0.0625,False
complex,-7.25,False,1.0625,True
simple,-6.9375,False,0.6875,True
instruct,-6.9375,False,-0.3125,False
complex,-6.9375,False,1.21875,True
simple,-5.75,False,0.71875,True
instruct,-5.75,False,-0.25,False
complex,-5.75,False,1.15625,True
simple,-7.5,False,0.84375,True
instruct,-7.5,False,-0.5625,False
complex,-7.5,False,1.0,True
simple,-6.75,False,0.5625,True
instruct,-6.75,False,-0.375,False
complex,-6.75,False,1.09375,True
simple,-4.75,False,0.8125,True
instruct,-4.75,False,-0.1875,False
complex,-4.75,False,1.0625,True
simple,-8.625,False,0.4375,True
instruct,-8.625,False,-0.3125,False
complex,-8.625,False,1.15625,True
simple,-5.9375,False,0.78125,True
instruct,-5.9375,False,0.0,False
complex,-5.9375,False,0.96875,True
simple,-8.03125,False,0.8125,True
instruct,-8.03125,False,-0.4375,False
complex,-8.03125,False,1.3125,True
simple,-7.125,False,0.75,True
instruct,-7.125,False,-0.625,False
complex,-7.125,False,0.96875,True
simple,-6.6875,False,0.75,True
instruct,-6.6875,False,-0.3125,False
complex,-6.6875,False,1.25,True
simple,-6.3125,False,1.03125,True
instruct,-6.3125,False,-0.5625,False
complex,-6.3125,False,0.9375,True
simple,-8.8125,False,0.6875,True
instruct,-8.8125,False,-0.0625,False
complex,-8.8125,False,1.09375,True
simple,-7.3125,False,0.53125,True
instruct,-7.3125,False,-0.1875,False
complex,-7.3125,False,1.0,True
simple,-4.875,False,0.65625,True
instruct,-4.875,False,-0.5,False
complex,-4.875,False,0.90625,True
simple,-9.8125,False,0.375,True
instruct,-9.8125,False,-0.625,False
complex,-9.8125,False,0.84375,True
simple,-6.0625,False,0.84375,True
instruct,-6.0625,False,-0.125,False
complex,-6.0625,False,1.25,True
simple,-5.125,False,0.40625,True
instruct,-5.125,False,-0.625,False
complex,-5.125,False,0.875,True
simple,-8.4375,False,0.90625,True
instruct,-8.4375,False,-0.5,False
complex,-8.4375,False,1.0,True
simple,-7.25,False,0.59375,True
instruct,-7.25,False,-0.5625,False
complex,-7.25,False,1.15625,True
simple,-8.0625,False,0.78125,True
instruct,-8.0625,False,-0.125,False
complex,-8.0625,False,1.15625,True
simple,-8.0625,False,0.875,True
instruct,-8.0625,False,-0.8125,False
complex,-8.0625,False,1.0625,True
simple,-3.125,False,0.75,True
instruct,-3.125,False,-0.3125,False
complex,-3.125,False,1.09375,True
simple,-7.0625,False,0.6875,True
instruct,-7.0625,False,-0.375,False
complex,-7.0625,False,1.21875,True
simple,-7.3125,False,0.90625,True
instruct,-7.3125,False,-0.1875,False
complex,-7.3125,False,0.9375,True
simple,-7.4375,False,0.40625,True
instruct,-7.4375,False,-0.5,False
complex,-7.4375,False,0.9375,True
simple,-7.625,False,0.6875,True
instruct,-7.625,False,-0.375,False
complex,-7.625,False,0.9375,True
simple,-5.6875,False,0.71875,True
instruct,-5.6875,False,-0.3125,False
complex,-5.6875,False,0.75,True
simple,-7.9375,False,0.625,True
instruct,-7.9375,False,-0.3125,False
complex,-7.9375,False,1.0625,True
simple,-10.1875,False,0.6875,True
instruct,-10.1875,False,0.0625,True
complex,-10.1875,False,0.71875,True
simple,-1.5625,False,0.5625,True
instruct,-1.5625,False,-0.375,False
complex,-1.5625,False,1.21875,True
simple,-8.5625,False,0.40625,True
instruct,-8.5625,False,-0.5625,False
complex,-8.5625,False,0.9375,True
simple,-8.6875,False,0.9375,True
instruct,-8.6875,False,-0.375,False
complex,-8.6875,False,0.875,True
simple,-8.375,False,0.71875,True
instruct,-8.375,False,-0.625,False
complex,-8.375,False,0.6875,True
simple,-6.5625,False,0.84375,True
instruct,-6.5625,False,-0.3125,False
complex,-6.5625,False,1.34375,True
simple,-6.5625,False,0.53125,True
instruct,-6.5625,False,-0.5625,False
complex,-6.5625,False,1.03125,True
simple,-4.6875,False,0.9375,True
instruct,-4.6875,False,-0.125,False
complex,-4.6875,False,0.9375,True
simple,-8.8125,False,0.90625,True
instruct,-8.8125,False,-0.4375,False
complex,-8.8125,False,1.0625,True
simple,-17.9375,False,0.6875,True
instruct,-17.9375,False,-0.125,False
complex,-17.9375,False,1.15625,True
simple,-6.5,False,0.6875,True
instruct,-6.5,False,-0.4375,False
complex,-6.5,False,1.15625,True
simple,-6.875,False,0.65625,True
instruct,-6.875,False,-0.3125,False
complex,-6.875,False,1.125,True
simple,-8.125,False,0.3125,True
instruct,-8.125,False,-0.75,False
complex,-8.125,False,0.90625,True
simple,-7.3125,False,0.96875,True
instruct,-7.3125,False,-0.375,False
complex,-7.3125,False,0.96875,True
simple,-6.0,False,0.8125,True
instruct,-6.0,False,-0.375,False
complex,-6.0,False,1.25,True
simple,-9.625,False,0.5625,True
instruct,-9.625,False,-0.5,False
complex,-9.625,False,0.96875,True
simple,-6.5625,False,0.5625,True
instruct,-6.5625,False,-0.0625,False
complex,-6.5625,False,0.96875,True
simple,-7.625,False,0.5625,True
instruct,-7.625,False,-0.0625,False
complex,-7.625,False,0.96875,True
simple,-7.0625,False,0.6875,True
instruct,-7.0625,False,-0.125,False
complex,-7.0625,False,0.96875,True
simple,-6.125,False,0.71875,True
instruct,-6.125,False,-0.125,False
complex,-6.125,False,0.78125,True
simple,-11.25,False,0.375,True
instruct,-11.25,False,-0.6875,False
complex,-11.25,False,0.59375,True
simple,-7.0625,False,0.46875,True
instruct,-7.0625,False,-0.6875,False
complex,-7.0625,False,1.09375,True
simple,-7.375,False,0.71875,True
instruct,-7.375,False,-0.375,False
complex,-7.375,False,1.03125,True
simple,-8.0625,False,0.53125,True
instruct,-8.0625,False,-0.3125,False
complex,-8.0625,False,1.1875,True
simple,-7.0,False,0.5625,True
instruct,-7.0,False,-0.5,False
complex,-7.0,False,0.84375,True
simple,-5.25,False,0.78125,True
instruct,-5.25,False,-0.375,False
complex,-5.25,False,1.21875,True
simple,-7.5625,False,0.5,True
instruct,-7.5625,False,-0.3125,False
complex,-7.5625,False,0.875,True
simple,-6.375,False,0.78125,True
instruct,-6.375,False,-0.3125,False
complex,-6.375,False,1.0,True
simple,-7.1875,False,0.84375,True
instruct,-7.1875,False,-0.125,False
complex,-7.1875,False,1.0,True
simple,-11.625,False,0.4375,True
instruct,-11.625,False,-0.4375,False
complex,-11.625,False,0.8125,True
simple,-5.625,False,0.84375,True
instruct,-5.625,False,-0.3125,False
complex,-5.625,False,0.9375,True
simple,-7.5625,False,0.34375,True
instruct,-7.5625,False,-0.4375,False
complex,-7.5625,False,0.8125,True
simple,-5.75,False,1.09375,True
instruct,-5.75,False,-0.0625,False
complex,-5.75,False,0.96875,True
simple,-9.25,False,0.65625,True
instruct,-9.25,False,0.0,False
complex,-9.25,False,1.3125,True
simple,-8.25,False,0.8125,True
instruct,-8.25,False,-0.125,False
complex,-8.25,False,1.0,True
simple,-7.6875,False,0.875,True
instruct,-7.6875,False,0.0625,True
complex,-7.6875,False,0.8125,True
simple,-7.9375,False,0.34375,True
instruct,-7.9375,False,-0.25,False
complex,-7.9375,False,1.03125,True
simple,-6.625,False,0.59375,True
instruct,-6.625,False,-0.75,False
complex,-6.625,False,0.84375,True
simple,-8.6875,False,0.6875,True
instruct,-8.6875,False,0.0,False
complex,-8.6875,False,0.9375,True
simple,-8.0,False,1.0,True
instruct,-8.0,False,-0.4375,False
complex,-8.0,False,1.0,True
simple,-7.625,False,0.8125,True
instruct,-7.625,False,-0.75,False
complex,-7.625,False,0.84375,True
simple,-5.8125,False,0.9375,True
instruct,-5.8125,False,0.0,False
complex,-5.8125,False,1.03125,True
simple,-6.875,False,0.59375,True
instruct,-6.875,False,-0.5625,False
complex,-6.875,False,1.03125,True
simple,-6.125,False,0.8125,True
instruct,-6.125,False,-0.25,False
complex,-6.125,False,0.96875,True
simple,-7.375,False,0.3125,True
instruct,-7.375,False,-0.125,False
complex,-7.375,False,1.09375,True
simple,-7.5,False,0.6875,True
instruct,-7.5,False,-0.1875,False
complex,-7.5,False,0.96875,True
simple,-10.5,False,0.5,True
instruct,-10.5,False,-0.25,False
complex,-10.5,False,1.0625,True
simple,-5.6875,False,0.8125,True
instruct,-5.6875,False,-0.1875,False
complex,-5.6875,False,0.75,True
simple,-7.125,False,1.0625,True
instruct,-7.125,False,0.0625,True
complex,-7.125,False,1.125,True
simple,-7.625,False,0.75,True
instruct,-7.625,False,-0.5,False
complex,-7.625,False,1.0,True
simple,-6.625,False,0.78125,True
instruct,-6.625,False,-0.4375,False
complex,-6.625,False,0.8125,True
simple,-9.3125,False,0.6875,True
instruct,-9.3125,False,-0.0625,False
complex,-9.3125,False,0.96875,True
simple,-6.0625,False,0.625,True
instruct,-6.0625,False,-0.5625,False
complex,-6.0625,False,0.8125,True
simple,-5.875,False,0.71875,True
instruct,-5.875,False,-0.25,False
complex,-5.875,False,1.15625,True
simple,-7.0,False,0.875,True
instruct,-7.0,False,-0.4375,False
complex,-7.0,False,0.9375,True
simple,-5.3125,False,0.625,True
instruct,-5.3125,False,-0.3125,False
complex,-5.3125,False,0.78125,True
simple,-7.875,False,0.25,True
instruct,-7.875,False,-0.3125,False
complex,-7.875,False,0.90625,True
simple,-7.5625,False,0.71875,True
instruct,-7.5625,False,-0.4375,False
complex,-7.5625,False,1.125,True
simple,-5.625,False,0.71875,True
instruct,-5.625,False,-0.125,False
complex,-5.625,False,0.90625,True
simple,-7.6875,False,1.0625,True
instruct,-7.6875,False,-0.4375,False
complex,-7.6875,False,1.03125,True
simple,-7.25,False,0.5625,True
instruct,-7.25,False,-0.75,False
complex,-7.25,False,1.0,True
simple,-6.3125,False,0.84375,True
instruct,-6.3125,False,-0.5625,False
complex,-6.3125,False,1.03125,True
simple,-4.9375,False,0.8125,True
instruct,-4.9375,False,-0.3125,False
complex,-4.9375,False,0.90625,True
simple,-7.9375,False,0.5625,True
instruct,-7.9375,False,-0.4375,False
complex,-7.9375,False,0.875,True
simple,-8.25,False,0.59375,True
instruct,-8.25,False,-0.625,False
complex,-8.25,False,0.75,True
simple,-6.0,False,0.625,True
instruct,-6.0,False,-0.1875,False
complex,-6.0,False,0.9375,True
simple,-5.1875,False,0.875,True
instruct,-5.1875,False,0.0625,True
complex,-5.1875,False,1.53125,True
simple,-4.5,False,0.96875,True
instruct,-4.5,False,0.0625,True
complex,-4.5,False,1.53125,True
simple,-4.4375,False,0.90625,True
instruct,-4.4375,False,0.0625,True
complex,-4.4375,False,1.46875,True
simple,-4.8125,False,0.875,True
instruct,-4.8125,False,0.3125,True
complex,-4.8125,False,1.4375,True
simple,-4.75,False,0.96875,True
instruct,-4.75,False,0.25,True
complex,-4.75,False,1.46875,True
simple,-5.0625,False,0.5,True
instruct,-5.0625,False,-0.0625,False
complex,-5.0625,False,1.40625,True
simple,-4.25,False,0.96875,True
instruct,-4.25,False,0.125,True
complex,-4.25,False,1.4375,True
simple,-5.25,False,0.90625,True
instruct,-5.25,False,0.0625,True
complex,-5.25,False,1.4375,True
simple,-3.6875,False,1.125,True
instruct,-3.6875,False,0.1875,True
complex,-3.6875,False,1.5625,True
simple,-4.8125,False,0.90625,True
instruct,-4.8125,False,0.25,True
complex,-4.8125,False,1.46875,True
simple,-5.0,False,0.96875,True
instruct,-5.0,False,0.125,True
complex,-5.0,False,1.5,True
simple,-5.0625,False,0.96875,True
instruct,-5.0625,False,0.0,False
complex,-5.0625,False,1.5,True
simple,-4.875,False,0.9375,True
instruct,-4.875,False,0.125,True
complex,-4.875,False,1.4375,True
simple,-6.8125,False,0.71875,True
instruct,-6.8125,False,-0.125,False
complex,-6.8125,False,1.5,True
simple,-4.625,False,0.8125,True
instruct,-4.625,False,-0.25,False
complex,-4.625,False,1.46875,True
simple,-5.25,False,0.9375,True
instruct,-5.25,False,0.125,True
complex,-5.25,False,1.5,True
simple,-4.5625,False,0.90625,True
instruct,-4.5625,False,0.4375,True
complex,-4.5625,False,1.46875,True
simple,-4.9375,False,0.875,True
instruct,-4.9375,False,0.0,False
complex,-4.9375,False,1.40625,True
simple,-6.0625,False,0.9375,True
instruct,-6.0625,False,-0.125,False
complex,-6.0625,False,1.34375,True
simple,-5.125,False,0.96875,True
instruct,-5.125,False,0.125,True
complex,-5.125,False,1.59375,True
simple,-4.5,False,1.0,True
instruct,-4.5,False,0.1875,True
complex,-4.5,False,1.53125,True
simple,-6.5625,False,1.09375,True
instruct,-6.5625,False,0.125,True
complex,-6.5625,False,1.53125,True
simple,-4.0625,False,0.71875,True
instruct,-4.0625,False,0.1875,True
complex,-4.0625,False,1.40625,True
simple,-4.75,False,1.03125,True
instruct,-4.75,False,-0.0625,False
complex,-4.75,False,1.4375,True
simple,-5.9375,False,0.90625,True
instruct,-5.9375,False,0.25,True
complex,-5.9375,False,1.53125,True
simple,-5.125,False,0.96875,True
instruct,-5.125,False,0.125,True
complex,-5.125,False,1.53125,True
simple,-5.8125,False,0.9375,True
instruct,-5.8125,False,0.0625,True
complex,-5.8125,False,1.53125,True
simple,-4.4375,False,1.0,True
instruct,-4.4375,False,0.0625,True
complex,-4.4375,False,1.46875,True
simple,-5.125,False,0.96875,True
instruct,-5.125,False,0.0625,True
complex,-5.125,False,1.4375,True
simple,-4.9375,False,0.8125,True
instruct,-4.9375,False,-0.15625,False
complex,-4.9375,False,1.5625,True
simple,-4.9375,False,0.84375,True
instruct,-4.9375,False,0.0625,True
complex,-4.9375,False,1.46875,True
simple,-6.0625,False,0.9375,True
instruct,-6.0625,False,0.125,True
complex,-6.0625,False,1.46875,True
simple,-5.375,False,0.9375,True
instruct,-5.375,False,0.125,True
complex,-5.375,False,1.46875,True
simple,-4.5,False,1.0,True
instruct,-4.5,False,0.375,True
complex,-4.5,False,1.5625,True
simple,-4.8125,False,0.9375,True
instruct,-4.8125,False,0.0625,True
complex,-4.8125,False,1.53125,True
simple,-4.8125,False,0.84375,True
instruct,-4.8125,False,0.0,False
complex,-4.8125,False,1.4375,True
simple,-4.4375,False,0.9375,True
instruct,-4.4375,False,0.125,True
complex,-4.4375,False,1.53125,True
simple,-4.0625,False,0.90625,True
instruct,-4.0625,False,-0.125,False
complex,-4.0625,False,1.46875,True
simple,-4.0625,False,0.65625,True
instruct,-4.0625,False,-0.25,False
complex,-4.0625,False,1.46875,True
simple,-5.25,False,0.84375,True
instruct,-5.25,False,0.25,True
complex,-5.25,False,1.34375,True
simple,-5.75,False,0.75,True
instruct,-5.75,False,0.4375,True
complex,-5.75,False,1.53125,True
simple,-4.8125,False,1.0625,True
instruct,-4.8125,False,0.0625,True
complex,-4.8125,False,1.40625,True
simple,-5.375,False,1.0625,True
instruct,-5.375,False,-0.375,False
complex,-5.375,False,1.375,True
simple,-6.125,False,0.5625,True
instruct,-6.125,False,-0.125,False
complex,-6.125,False,1.53125,True
simple,-5.0,False,1.0625,True
instruct,-5.0,False,0.0625,True
complex,-5.0,False,1.4375,True
simple,-5.5,False,0.9375,True
instruct,-5.5,False,-0.0625,False
complex,-5.5,False,1.46875,True
simple,-5.6875,False,0.84375,True
instruct,-5.6875,False,0.0625,True
complex,-5.6875,False,1.53125,True
simple,-4.625,False,0.9375,True
instruct,-4.625,False,0.125,True
complex,-4.625,False,1.5,True
simple,-6.1875,False,0.65625,True
instruct,-6.1875,False,-0.25,False
complex,-6.1875,False,1.4375,True
simple,-5.0,False,0.90625,True
instruct,-5.0,False,0.1875,True
complex,-5.0,False,1.40625,True
simple,-4.1875,False,1.125,True
instruct,-4.1875,False,0.0625,True
complex,-4.1875,False,1.34375,True
simple,-4.25,False,0.90625,True
instruct,-4.25,False,0.0625,True
complex,-4.25,False,1.46875,True
simple,-5.25,False,1.0,True
instruct,-5.25,False,-0.125,False
complex,-5.25,False,1.5,True
simple,-4.875,False,1.0625,True
instruct,-4.875,False,0.1875,True
complex,-4.875,False,1.5625,True
simple,-5.0,False,1.15625,True
instruct,-5.0,False,0.25,True
complex,-5.0,False,1.59375,True
simple,-4.8125,False,0.84375,True
instruct,-4.8125,False,0.125,True
complex,-4.8125,False,1.5625,True
simple,-4.1875,False,1.09375,True
instruct,-4.1875,False,0.1875,True
complex,-4.1875,False,1.4375,True
simple,-5.375,False,0.875,True
instruct,-5.375,False,0.375,True
complex,-5.375,False,1.5625,True
simple,-5.9375,False,0.9375,True
instruct,-5.9375,False,0.0,False
complex,-5.9375,False,1.21875,True
simple,-5.0,False,0.875,True
instruct,-5.0,False,0.0625,True
complex,-5.0,False,1.46875,True
simple,-5.375,False,1.0625,True
instruct,-5.375,False,0.125,True
complex,-5.375,False,1.46875,True
simple,-5.25,False,0.96875,True
instruct,-5.25,False,0.4375,True
complex,-5.25,False,1.4375,True
simple,-5.3125,False,0.90625,True
instruct,-5.3125,False,0.25,True
complex,-5.3125,False,1.53125,True
simple,-4.75,False,1.09375,True
instruct,-4.75,False,-0.0625,False
complex,-4.75,False,1.40625,True
simple,-5.75,False,1.0625,True
instruct,-5.75,False,0.0625,True
complex,-5.75,False,1.34375,True
simple,-5.625,False,0.90625,True
instruct,-5.625,False,0.0625,True
complex,-5.625,False,1.375,True
simple,-5.375,False,0.875,True
instruct,-5.375,False,0.25,True
complex,-5.375,False,1.4375,True
simple,-3.1875,False,0.96875,True
instruct,-3.1875,False,0.3125,True
complex,-3.1875,False,1.375,True
simple,-3.8125,False,0.6875,True
instruct,-3.8125,False,-0.1875,False
complex,-3.8125,False,1.40625,True
simple,-5.0625,False,0.96875,True
instruct,-5.0625,False,0.25,True
complex,-5.0625,False,1.5,True
simple,-5.25,False,0.90625,True
instruct,-5.25,False,0.0,False
complex,-5.25,False,1.4375,True
simple,-5.625,False,0.875,True
instruct,-5.625,False,0.0625,True
complex,-5.625,False,1.40625,True
simple,-4.25,False,0.875,True
instruct,-4.25,False,-0.0625,False
complex,-4.25,False,1.40625,True
simple,-5.375,False,0.84375,True
instruct,-5.375,False,0.125,True
complex,-5.375,False,1.5625,True
simple,-5.3125,False,0.90625,True
instruct,-5.3125,False,0.1875,True
complex,-5.3125,False,1.53125,True
simple,-4.375,False,1.03125,True
instruct,-4.375,False,0.3125,True
complex,-4.375,False,1.4375,True
simple,-5.6875,False,0.90625,True
instruct,-5.6875,False,0.1875,True
complex,-5.6875,False,1.5,True
simple,-3.59375,False,0.90625,True
instruct,-3.59375,False,0.1875,True
complex,-3.59375,False,1.46875,True
simple,-4.6875,False,0.9375,True
instruct,-4.6875,False,0.0625,True
complex,-4.6875,False,1.40625,True
simple,-4.9375,False,1.0,True
instruct,-4.9375,False,0.125,True
complex,-4.9375,False,1.5,True
simple,-8.75,False,1.0625,True
instruct,-8.75,False,0.125,True
complex,-8.75,False,1.375,True
simple,-5.3125,False,0.90625,True
instruct,-5.3125,False,0.125,True
complex,-5.3125,False,1.46875,True
simple,-5.25,False,1.0625,True
instruct,-5.25,False,0.0,False
complex,-5.25,False,1.5,True
simple,-4.625,False,0.9375,True
instruct,-4.625,False,0.125,True
complex,-4.625,False,1.46875,True
simple,-5.0,False,0.6875,True
instruct,-5.0,False,-0.125,False
complex,-5.0,False,1.34375,True
simple,-4.125,False,0.71875,True
instruct,-4.125,False,-0.0625,False
complex,-4.125,False,1.34375,True
simple,-5.5,False,0.96875,True
instruct,-5.5,False,0.0,False
complex,-5.5,False,1.5,True
simple,-4.9375,False,0.96875,True
instruct,-4.9375,False,-0.125,False
complex,-4.9375,False,1.28125,True
simple,-5.9375,False,0.78125,True
instruct,-5.9375,False,0.1875,True
complex,-5.9375,False,1.65625,True
simple,-5.875,False,0.84375,True
instruct,-5.875,False,0.1875,True
complex,-5.875,False,1.5,True
simple,-4.5,False,1.0,True
instruct,-4.5,False,-0.125,False
complex,-4.5,False,1.375,True
simple,-3.75,False,0.875,True
instruct,-3.75,False,0.1875,True
complex,-3.75,False,1.4375,True
simple,-5.125,False,0.71875,True
instruct,-5.125,False,0.0625,True
complex,-5.125,False,1.4375,True
simple,-7.25,False,1.125,True
instruct,-7.25,False,0.25,True
complex,-7.25,False,1.46875,True
simple,-4.5625,False,0.875,True
instruct,-4.5625,False,0.25,True
complex,-4.5625,False,1.5,True
simple,-5.875,False,0.75,True
instruct,-5.875,False,-0.125,False
complex,-5.875,False,1.53125,True
simple,-4.4375,False,0.90625,True
instruct,-4.4375,False,0.0,False
complex,-4.4375,False,1.46875,True
simple,-4.125,False,0.75,True
instruct,-4.125,False,0.0625,True
complex,-4.125,False,1.375,True
simple,-3.75,False,0.65625,True
instruct,-3.75,False,-0.0625,False
complex,-3.75,False,1.3125,True
simple,-4.125,False,0.9375,True
instruct,-4.125,False,0.5,True
complex,-4.125,False,1.59375,True
simple,-3.625,False,1.4375,True
instruct,-3.625,False,0.5625,True
complex,-3.625,False,1.25,True
simple,-4.375,False,1.34375,True
instruct,-4.375,False,0.3125,True
complex,-4.375,False,1.375,True
simple,-2.75,False,1.375,True
instruct,-2.75,False,0.3125,True
complex,-2.75,False,1.15625,True
simple,-3.25,False,1.40625,True
instruct,-3.25,False,0.4375,True
complex,-3.25,False,1.375,True
simple,-2.6875,False,1.3125,True
instruct,-2.6875,False,0.5,True
complex,-2.6875,False,1.375,True
simple,-2.5,False,1.25,True
instruct,-2.5,False,0.4375,True
complex,-2.5,False,1.28125,True
simple,-4.9375,False,1.25,True
instruct,-4.9375,False,0.25,True
complex,-4.9375,False,1.34375,True
simple,-2.375,False,1.5,True
instruct,-2.375,False,0.75,True
complex,-2.375,False,1.375,True
simple,-3.375,False,1.1875,True
instruct,-3.375,False,0.25,True
complex,-3.375,False,1.3125,True
simple,-4.0625,False,1.40625,True
instruct,-4.0625,False,0.375,True
complex,-4.0625,False,1.375,True
simple,-0.625,False,1.46875,True
instruct,-0.625,False,0.25,True
complex,-0.625,False,1.3125,True
simple,-3.5,False,1.3125,True
instruct,-3.5,False,0.375,True
complex,-3.5,False,1.375,True
simple,-3.90625,False,1.21875,True
instruct,-3.90625,False,0.3125,True
complex,-3.90625,False,1.4375,True
simple,-3.1875,False,1.40625,True
instruct,-3.1875,False,0.5,True
complex,-3.1875,False,1.28125,True
simple,-3.75,False,1.34375,True
instruct,-3.75,False,0.375,True
complex,-3.75,False,1.34375,True
simple,-3.5,False,1.3125,True
instruct,-3.5,False,0.25,True
complex,-3.5,False,1.375,True
simple,-2.5625,False,1.1875,True
instruct,-2.5625,False,0.375,True
complex,-2.5625,False,1.375,True
simple,-1.0625,False,1.5,True
instruct,-1.0625,False,0.3125,True
complex,-1.0625,False,1.3125,True
simple,-5.1875,False,1.3125,True
instruct,-5.1875,False,0.3125,True
complex,-5.1875,False,1.40625,True
simple,-4.8125,False,1.46875,True
instruct,-4.8125,False,0.5625,True
complex,-4.8125,False,1.28125,True
simple,-2.8125,False,1.40625,True
instruct,-2.8125,False,0.5625,True
complex,-2.8125,False,1.28125,True
simple,-5.5625,False,1.375,True
instruct,-5.5625,False,0.3125,True
complex,-5.5625,False,1.375,True
simple,-3.3125,False,1.3125,True
instruct,-3.3125,False,0.3125,True
complex,-3.3125,False,1.25,True
simple,-5.1875,False,1.40625,True
instruct,-5.1875,False,0.1875,True
complex,-5.1875,False,0.96875,True
simple,-2.8125,False,1.34375,True
instruct,-2.8125,False,0.4375,True
complex,-2.8125,False,1.375,True
simple,-6.4375,False,1.3125,True
instruct,-6.4375,False,0.3125,True
complex,-6.4375,False,1.4375,True
simple,-3.875,False,1.1875,True
instruct,-3.875,False,0.3125,True
complex,-3.875,False,1.46875,True
simple,-4.5625,False,1.3125,True
instruct,-4.5625,False,0.4375,True
complex,-4.5625,False,1.4375,True
simple,-2.125,False,1.25,True
instruct,-2.125,False,0.375,True
complex,-2.125,False,1.4375,True
simple,-2.6875,False,1.1875,True
instruct,-2.6875,False,0.4375,True
complex,-2.6875,False,1.34375,True
simple,-3.875,False,1.375,True
instruct,-3.875,False,0.125,True
complex,-3.875,False,1.25,True
simple,-6.1875,False,1.1875,True
instruct,-6.1875,False,0.1875,True
complex,-6.1875,False,1.375,True
simple,-4.3125,False,1.375,True
instruct,-4.3125,False,0.4375,True
complex,-4.3125,False,1.34375,True
simple,-3.5625,False,1.34375,True
instruct,-3.5625,False,0.25,True
complex,-3.5625,False,1.25,True
simple,-4.3125,False,1.3125,True
instruct,-4.3125,False,0.75,True
complex,-4.3125,False,1.40625,True
simple,-3.0625,False,1.21875,True
instruct,-3.0625,False,0.3125,True
complex,-3.0625,False,1.3125,True
simple,-3.375,False,1.3125,True
instruct,-3.375,False,0.375,True
complex,-3.375,False,1.3125,True
simple,-5.0625,False,1.3125,True
instruct,-5.0625,False,0.4375,True
complex,-5.0625,False,1.3125,True
simple,-2.625,False,1.21875,True
instruct,-2.625,False,0.3125,True
complex,-2.625,False,1.34375,True
simple,-4.75,False,1.25,True
instruct,-4.75,False,0.0625,True
complex,-4.75,False,1.03125,True
simple,-4.75,False,1.25,True
instruct,-4.75,False,0.375,True
complex,-4.75,False,1.40625,True
simple,-5.6875,False,1.1875,True
instruct,-5.6875,False,0.3125,True
complex,-5.6875,False,1.375,True
simple,-3.75,False,1.21875,True
instruct,-3.75,False,0.4375,True
complex,-3.75,False,1.5625,True
simple,-2.1875,False,1.25,True
instruct,-2.1875,False,0.6875,True
complex,-2.1875,False,1.46875,True
simple,-4.5625,False,1.28125,True
instruct,-4.5625,False,0.5625,True
complex,-4.5625,False,1.4375,True
simple,-3.5625,False,1.1875,True
instruct,-3.5625,False,0.375,True
complex,-3.5625,False,1.40625,True
simple,-2.875,False,1.25,True
instruct,-2.875,False,0.125,True
complex,-2.875,False,0.96875,True
simple,-6.0,False,1.25,True
instruct,-6.0,False,0.25,True
complex,-6.0,False,1.25,True
simple,-1.5625,False,1.375,True
instruct,-1.5625,False,0.4375,True
complex,-1.5625,False,1.21875,True
simple,-2.9375,False,1.375,True
instruct,-2.9375,False,0.25,True
complex,-2.9375,False,1.25,True
simple,-4.125,False,1.25,True
instruct,-4.125,False,0.1875,True
complex,-4.125,False,1.3125,True
simple,-3.0,False,1.34375,True
instruct,-3.0,False,0.375,True
complex,-3.0,False,1.3125,True
simple,-3.4375,False,1.21875,True
instruct,-3.4375,False,0.125,True
complex,-3.4375,False,1.40625,True
simple,-3.625,False,1.28125,True
instruct,-3.625,False,0.375,True
complex,-3.625,False,1.40625,True
simple,-4.125,False,1.1875,True
instruct,-4.125,False,0.0,False
complex,-4.125,False,1.0625,True
simple,-3.3125,False,1.4375,True
instruct,-3.3125,False,0.375,True
complex,-3.3125,False,1.25,True
simple,-4.4375,False,1.1875,True
instruct,-4.4375,False,0.375,True
complex,-4.4375,False,1.34375,True
simple,-4.75,False,1.28125,True
instruct,-4.75,False,0.1875,True
complex,-4.75,False,1.3125,True
simple,-4.0,False,1.25,True
instruct,-4.0,False,0.25,True
complex,-4.0,False,1.25,True
simple,-3.5,False,1.4375,True
instruct,-3.5,False,0.5,True
complex,-3.5,False,1.53125,True
simple,-3.5625,False,1.25,True
instruct,-3.5625,False,0.25,True
complex,-3.5625,False,1.3125,True
simple,-6.8125,False,1.3125,True
instruct,-6.8125,False,0.375,True
complex,-6.8125,False,1.21875,True
simple,-4.0,False,1.34375,True
instruct,-4.0,False,0.4375,True
complex,-4.0,False,1.21875,True
simple,-2.25,False,1.5,True
instruct,-2.25,False,-0.125,False
complex,-2.25,False,1.21875,True
simple,-3.4375,False,1.28125,True
instruct,-3.4375,False,0.3125,True
complex,-3.4375,False,1.375,True
simple,-2.5625,False,1.34375,True
instruct,-2.5625,False,0.3125,True
complex,-2.5625,False,1.46875,True
simple,-5.0625,False,1.46875,True
instruct,-5.0625,False,0.25,True
complex,-5.0625,False,1.1875,True
simple,-5.375,False,1.3125,True
instruct,-5.375,False,0.25,True
complex,-5.375,False,1.09375,True
simple,-1.6875,False,1.5,True
instruct,-1.6875,False,0.625,True
complex,-1.6875,False,1.1875,True
simple,-1.1875,False,1.375,True
instruct,-1.1875,False,0.1875,True
complex,-1.1875,False,1.09375,True
simple,-3.6875,False,1.28125,True
instruct,-3.6875,False,0.375,True
complex,-3.6875,False,1.40625,True
simple,-3.25,False,1.15625,True
instruct,-3.25,False,0.25,True
complex,-3.25,False,1.15625,True
simple,-3.1875,False,1.25,True
instruct,-3.1875,False,0.1875,True
complex,-3.1875,False,1.03125,True
simple,-1.0625,False,1.34375,True
instruct,-1.0625,False,0.3125,True
complex,-1.0625,False,1.40625,True
simple,-3.375,False,1.1875,True
instruct,-3.375,False,0.4375,True
complex,-3.375,False,1.03125,True
simple,-5.25,False,1.0625,True
instruct,-5.25,False,0.0,False
complex,-5.25,False,0.96875,True
simple,-4.4375,False,1.3125,True
instruct,-4.4375,False,0.3125,True
complex,-4.4375,False,1.25,True
simple,-4.4375,False,1.3125,True
instruct,-4.4375,False,0.1875,True
complex,-4.4375,False,1.3125,True
simple,-3.3125,False,1.25,True
instruct,-3.3125,False,0.4375,True
complex,-3.3125,False,1.34375,True
simple,-4.125,False,1.34375,True
instruct,-4.125,False,0.25,True
complex,-4.125,False,1.25,True
simple,-3.25,False,1.28125,True
instruct,-3.25,False,0.125,True
complex,-3.25,False,0.96875,True
simple,-4.6875,False,1.375,True
instruct,-4.6875,False,0.1875,True
complex,-4.6875,False,1.4375,True
simple,-3.25,False,1.3125,True
instruct,-3.25,False,0.4375,True
complex,-3.25,False,1.25,True
simple,-3.0,False,1.25,True
instruct,-3.0,False,0.3125,True
complex,-3.0,False,1.34375,True
simple,-4.1875,False,1.1875,True
instruct,-4.1875,False,0.1875,True
complex,-4.1875,False,1.15625,True
simple,-3.25,False,1.21875,True
instruct,-3.25,False,0.125,True
complex,-3.25,False,1.0625,True
simple,-4.5625,False,1.21875,True
instruct,-4.5625,False,0.0625,True
complex,-4.5625,False,1.1875,True
simple,-4.625,False,1.40625,True
instruct,-4.625,False,0.375,True
complex,-4.625,False,1.375,True
simple,-3.75,False,1.15625,True
instruct,-3.75,False,0.25,True
complex,-3.75,False,1.1875,True
simple,-5.25,False,1.1875,True
instruct,-5.25,False,0.0,False
complex,-5.25,False,1.15625,True
simple,-4.5625,False,1.28125,True
instruct,-4.5625,False,0.3125,True
complex,-4.5625,False,1.34375,True
simple,-4.625,False,1.3125,True
instruct,-4.625,False,0.1875,True
complex,-4.625,False,1.03125,True
simple,-4.125,False,1.40625,True
instruct,-4.125,False,0.4375,True
complex,-4.125,False,1.25,True
simple,-4.5625,False,1.28125,True
instruct,-4.5625,False,0.4375,True
complex,-4.5625,False,1.5625,True
simple,-4.4375,False,1.09375,True
instruct,-4.4375,False,0.25,True
complex,-4.4375,False,1.28125,True
simple,-4.25,False,1.28125,True
instruct,-4.25,False,0.375,True
complex,-4.25,False,1.25,True
simple,-5.4375,False,1.34375,True
instruct,-5.4375,False,0.5625,True
complex,-5.4375,False,1.28125,True
simple,-3.875,False,1.21875,True
instruct,-3.875,False,0.1875,True
complex,-3.875,False,1.125,True
simple,-5.1875,False,1.25,True
instruct,-5.1875,False,0.5625,True
complex,-5.1875,False,1.4375,True
simple,-2.4375,False,1.34375,True
instruct,-2.4375,False,0.625,True
complex,-2.4375,False,1.1875,True
simple,-6.9375,False,0.90625,True
instruct,-6.9375,False,-0.1875,False
complex,-6.9375,False,1.59375,True
simple,-6.5,False,1.0625,True
instruct,-6.5,False,-0.1875,False
complex,-6.5,False,1.65625,True
simple,-4.75,False,0.9375,True
instruct,-4.75,False,-0.125,False
complex,-4.75,False,1.4375,True
simple,-5.4375,False,1.125,True
instruct,-5.4375,False,-0.125,False
complex,-5.4375,False,1.625,True
simple,-7.625,False,0.96875,True
instruct,-7.625,False,-0.0625,False
complex,-7.625,False,1.59375,True
simple,-8.3125,False,1.09375,True
instruct,-8.3125,False,-0.1875,False
complex,-8.3125,False,1.625,True
simple,-7.3125,False,1.03125,True
instruct,-7.3125,False,-0.3125,False
complex,-7.3125,False,1.5625,True
simple,-5.4375,False,1.125,True
instruct,-5.4375,False,-0.375,False
complex,-5.4375,False,1.375,True
simple,-7.125,False,0.9375,True
instruct,-7.125,False,-0.375,False
complex,-7.125,False,1.53125,True
simple,-6.625,False,1.03125,True
instruct,-6.625,False,-0.125,False
complex,-6.625,False,1.53125,True
simple,-7.4375,False,1.0625,True
instruct,-7.4375,False,-0.3125,False
complex,-7.4375,False,1.53125,True
simple,-6.625,False,0.9375,True
instruct,-6.625,False,-0.375,False
complex,-6.625,False,1.375,True
simple,-6.375,False,1.0625,True
instruct,-6.375,False,-0.0625,False
complex,-6.375,False,1.46875,True
simple,-6.875,False,0.96875,True
instruct,-6.875,False,-0.25,False
complex,-6.875,False,1.46875,True
simple,-6.3125,False,1.09375,True
instruct,-6.3125,False,-0.1875,False
complex,-6.3125,False,1.625,True
simple,-6.1875,False,0.96875,True
instruct,-6.1875,False,-0.1875,False
complex,-6.1875,False,1.625,True
simple,-6.5625,False,1.03125,True
instruct,-6.5625,False,-0.125,False
complex,-6.5625,False,1.40625,True
simple,-5.8125,False,1.03125,True
instruct,-5.8125,False,0.0,False
complex,-5.8125,False,1.59375,True
simple,-6.5625,False,1.0625,True
instruct,-6.5625,False,-0.3125,False
complex,-6.5625,False,1.53125,True
simple,-6.375,False,1.03125,True
instruct,-6.375,False,-0.25,False
complex,-6.375,False,1.5625,True
simple,-7.375,False,0.875,True
instruct,-7.375,False,-0.125,False
complex,-7.375,False,1.5625,True
simple,-6.8125,False,0.84375,True
instruct,-6.8125,False,-0.0625,False
complex,-6.8125,False,1.46875,True
simple,-7.0625,False,1.25,True
instruct,-7.0625,False,0.0,False
complex,-7.0625,False,1.5625,True
simple,-6.625,False,1.09375,True
instruct,-6.625,False,-0.25,False
complex,-6.625,False,1.5625,True
simple,-6.75,False,1.0625,True
instruct,-6.75,False,0.0,False
complex,-6.75,False,1.59375,True
simple,-7.6875,False,1.0625,True
instruct,-7.6875,False,-0.1875,False
complex,-7.6875,False,1.5625,True
simple,-7.6875,False,1.0625,True
instruct,-7.6875,False,-0.375,False
complex,-7.6875,False,1.46875,True
simple,-7.75,False,1.03125,True
instruct,-7.75,False,-0.3125,False
complex,-7.75,False,1.65625,True
simple,-6.75,False,1.125,True
instruct,-6.75,False,-0.375,False
complex,-6.75,False,1.4375,True
simple,-6.625,False,0.875,True
instruct,-6.625,False,-0.5625,False
complex,-6.625,False,1.34375,True
simple,-7.0625,False,1.0,True
instruct,-7.0625,False,-0.25,False
complex,-7.0625,False,1.46875,True
simple,-6.3125,False,1.03125,True
instruct,-6.3125,False,-0.0625,False
complex,-6.3125,False,1.53125,True
simple,-7.5625,False,1.15625,True
instruct,-7.5625,False,-0.125,False
complex,-7.5625,False,1.53125,True
simple,-6.8125,False,1.0,True
instruct,-6.8125,False,-0.0625,False
complex,-6.8125,False,1.5,True
simple,-7.5625,False,0.96875,True
instruct,-7.5625,False,-0.0625,False
complex,-7.5625,False,1.5625,True
simple,-7.0625,False,1.0,True
instruct,-7.0625,False,-0.1875,False
complex,-7.0625,False,1.5,True
simple,-6.6875,False,1.0,True
instruct,-6.6875,False,0.125,True
complex,-6.6875,False,1.5625,True
simple,-6.5625,False,1.1875,True
instruct,-6.5625,False,-0.25,False
complex,-6.5625,False,1.5625,True
simple,-6.375,False,0.84375,True
instruct,-6.375,False,-0.5,False
complex,-6.375,False,1.5625,True
simple,-6.5,False,1.0625,True
instruct,-6.5,False,-0.0625,False
complex,-6.5,False,1.625,True
simple,-7.375,False,1.125,True
instruct,-7.375,False,-0.125,False
complex,-7.375,False,1.5,True
simple,-6.9375,False,1.0,True
instruct,-6.9375,False,-0.6875,False
complex,-6.9375,False,1.34375,True
simple,-7.25,False,0.90625,True
instruct,-7.25,False,-0.5,False
complex,-7.25,False,1.40625,True
simple,-6.5625,False,1.0,True
instruct,-6.5625,False,-0.0625,False
complex,-6.5625,False,1.59375,True
simple,-7.5625,False,0.875,True
instruct,-7.5625,False,-0.125,False
complex,-7.5625,False,1.5,True
simple,-6.5,False,0.875,True
instruct,-6.5,False,-0.125,False
complex,-6.5,False,1.4375,True
simple,-6.4375,False,1.09375,True
instruct,-6.4375,False,-0.125,False
complex,-6.4375,False,1.5,True
simple,-5.6875,False,1.09375,True
instruct,-5.6875,False,-0.1875,False
complex,-5.6875,False,1.53125,True
simple,-6.4375,False,1.0625,True
instruct,-6.4375,False,0.0,False
complex,-6.4375,False,1.46875,True
simple,-6.9375,False,0.96875,True
instruct,-6.9375,False,-0.125,False
complex,-6.9375,False,1.46875,True
simple,-5.4375,False,1.0625,True
instruct,-5.4375,False,0.0,False
complex,-5.4375,False,1.59375,True
simple,-7.8125,False,1.0625,True
instruct,-7.8125,False,-0.1875,False
complex,-7.8125,False,1.5,True
simple,-7.3125,False,1.0625,True
instruct,-7.3125,False,-0.25,False
complex,-7.3125,False,1.40625,True
simple,-6.75,False,1.0625,True
instruct,-6.75,False,-0.125,False
complex,-6.75,False,1.5,True
simple,-6.25,False,1.0,True
instruct,-6.25,False,-0.125,False
complex,-6.25,False,1.5625,True
simple,-8.1875,False,0.9375,True
instruct,-8.1875,False,-0.4375,False
complex,-8.1875,False,1.21875,True
simple,-6.5625,False,1.0,True
instruct,-6.5625,False,-0.25,False
complex,-6.5625,False,1.34375,True
simple,-7.125,False,0.90625,True
instruct,-7.125,False,-0.5,False
complex,-7.125,False,1.03125,True
simple,-7.8125,False,0.9375,True
instruct,-7.8125,False,-0.1875,False
complex,-7.8125,False,1.40625,True
simple,-7.125,False,1.09375,True
instruct,-7.125,False,-0.3125,False
complex,-7.125,False,1.46875,True
simple,-5.5625,False,1.15625,True
instruct,-5.5625,False,-0.1875,False
complex,-5.5625,False,1.5625,True
simple,-7.375,False,1.0625,True
instruct,-7.375,False,-0.25,False
complex,-7.375,False,1.5,True
simple,-9.8125,False,0.90625,True
instruct,-9.8125,False,-0.125,False
complex,-9.8125,False,1.4375,True
simple,-7.0625,False,1.0625,True
instruct,-7.0625,False,-0.125,False
complex,-7.0625,False,1.625,True
simple,-7.375,False,1.0,True
instruct,-7.375,False,-0.3125,False
complex,-7.375,False,1.5625,True
simple,-7.0625,False,0.75,True
instruct,-7.0625,False,-0.5,False
complex,-7.0625,False,1.375,True
simple,-6.375,False,0.96875,True
instruct,-6.375,False,-0.1875,False
complex,-6.375,False,1.625,True
simple,-6.125,False,0.8125,True
instruct,-6.125,False,-0.25,False
complex,-6.125,False,1.375,True
simple,-7.0625,False,1.0625,True
instruct,-7.0625,False,-0.0625,False
complex,-7.0625,False,1.46875,True
simple,-7.25,False,1.03125,True
instruct,-7.25,False,-0.0625,False
complex,-7.25,False,1.46875,True
simple,-7.1875,False,1.0,True
instruct,-7.1875,False,-0.25,False
complex,-7.1875,False,1.4375,True
simple,-6.8125,False,0.96875,True
instruct,-6.8125,False,-0.4375,False
complex,-6.8125,False,1.40625,True
simple,-7.875,False,0.625,True
instruct,-7.875,False,-0.4375,False
complex,-7.875,False,1.25,True
simple,-6.5625,False,1.0625,True
instruct,-6.5625,False,-0.375,False
complex,-6.5625,False,1.53125,True
simple,-8.0,False,1.1875,True
instruct,-8.0,False,-0.125,False
complex,-8.0,False,1.53125,True
simple,-6.5,False,0.8125,True
instruct,-6.5,False,-0.4375,False
complex,-6.5,False,1.3125,True
simple,-5.875,False,0.96875,True
instruct,-5.875,False,-0.3125,False
complex,-5.875,False,1.34375,True
simple,-9.1875,False,1.125,True
instruct,-9.1875,False,0.0,False
complex,-9.1875,False,1.4375,True
simple,-6.0,False,0.84375,True
instruct,-6.0,False,-0.125,False
complex,-6.0,False,1.5,True
simple,-6.5,False,0.875,True
instruct,-6.5,False,-0.3125,False
complex,-6.5,False,1.46875,True
simple,-9.0625,False,0.6875,True
instruct,-9.0625,False,-0.5625,False
complex,-9.0625,False,1.28125,True
simple,-7.875,False,1.0,True
instruct,-7.875,False,-0.25,False
complex,-7.875,False,1.40625,True
simple,-6.8125,False,1.125,True
instruct,-6.8125,False,-0.0625,False
complex,-6.8125,False,1.59375,True
simple,-6.75,False,1.0625,True
instruct,-6.75,False,-0.25,False
complex,-6.75,False,1.4375,True
simple,-6.4375,False,1.0,True
instruct,-6.4375,False,-0.25,False
complex,-6.4375,False,1.59375,True
simple,-7.9375,False,0.96875,True
instruct,-7.9375,False,-0.1875,False
complex,-7.9375,False,1.4375,True
simple,-5.625,False,0.96875,True
instruct,-5.625,False,-0.4375,False
complex,-5.625,False,1.46875,True
simple,-6.625,False,0.90625,True
instruct,-6.625,False,-0.4375,False
complex,-6.625,False,1.40625,True
simple,-7.8125,False,1.03125,True
instruct,-7.8125,False,-0.5,False
complex,-7.8125,False,1.375,True
simple,-7.625,False,0.9375,True
instruct,-7.625,False,-0.4375,False
complex,-7.625,False,1.5,True
simple,-5.8125,False,0.8125,True
instruct,-5.8125,False,-0.375,False
complex,-5.8125,False,1.375,True
simple,-8.5625,False,0.75,True
instruct,-8.5625,False,-0.4375,False
complex,-8.5625,False,1.34375,True
simple,-6.1875,False,1.15625,True
instruct,-6.1875,False,-0.125,False
complex,-6.1875,False,1.5625,True
simple,-5.75,False,1.0,True
instruct,-5.75,False,0.1875,True
complex,-5.75,False,1.65625,True
simple,-7.0625,False,1.1875,True
instruct,-7.0625,False,-0.0625,False
complex,-7.0625,False,1.65625,True
simple,-6.8125,False,1.125,True
instruct,-6.8125,False,0.0625,True
complex,-6.8125,False,1.34375,True
simple,-5.0,False,0.78125,True
instruct,-5.0,False,-0.625,False
complex,-5.0,False,1.375,True
simple,-6.625,False,1.0625,True
instruct,-6.625,False,-0.25,False
complex,-6.625,False,1.40625,True
simple,-7.0,False,1.03125,True
instruct,-7.0,False,-0.4375,False
complex,-7.0,False,1.34375,True
simple,-6.9375,False,1.09375,True
instruct,-6.9375,False,-0.1875,False
complex,-6.9375,False,1.53125,True
simple,-6.5,False,1.0625,True
instruct,-6.5,False,-0.1875,False
complex,-6.5,False,1.4375,True
simple,-8.1875,False,1.25,True
instruct,-8.1875,False,-0.125,False
complex,-8.1875,False,1.3125,True
simple,-8.25,False,1.28125,True
instruct,-8.25,False,0.1875,True
complex,-8.25,False,1.40625,True
simple,-7.25,False,1.15625,True
instruct,-7.25,False,-0.375,False
complex,-7.25,False,1.46875,True
simple,-6.25,False,1.25,True
instruct,-6.25,False,-0.1875,False
complex,-6.25,False,1.125,True
simple,-8.4375,False,1.03125,True
instruct,-8.4375,False,-0.5,False
complex,-8.4375,False,1.375,True
simple,-8.5625,False,1.25,True
instruct,-8.5625,False,-0.25,False
complex,-8.5625,False,0.84375,True
simple,-6.625,False,1.25,True
instruct,-6.625,False,-0.5625,False
complex,-6.625,False,1.28125,True
simple,-5.75,False,1.0625,True
instruct,-5.75,False,-0.5625,False
complex,-5.75,False,0.96875,True
simple,-10.125,False,1.09375,True
instruct,-10.125,False,-0.5,False
complex,-10.125,False,1.25,True
simple,-8.5,False,1.09375,True
instruct,-8.5,False,0.1875,True
complex,-8.5,False,1.0625,True
simple,-10.0,False,0.9375,True
instruct,-10.0,False,-0.25,False
complex,-10.0,False,1.125,True
simple,-8.375,False,0.9375,True
instruct,-8.375,False,-0.125,False
complex,-8.375,False,0.96875,True
simple,-5.25,False,1.0625,True
instruct,-5.25,False,-0.4375,False
complex,-5.25,False,1.0,True
simple,-8.0,False,1.25,True
instruct,-8.0,False,-0.1875,False
complex,-8.0,False,0.9375,True
simple,-8.3125,False,0.9375,True
instruct,-8.3125,False,-0.5,False
complex,-8.3125,False,0.625,True
simple,-7.3125,False,1.09375,True
instruct,-7.3125,False,-0.3125,False
complex,-7.3125,False,1.1875,True
simple,-8.75,False,1.03125,True
instruct,-8.75,False,-0.3125,False
complex,-8.75,False,1.125,True
simple,-8.5625,False,1.0,True
instruct,-8.5625,False,-0.75,False
complex,-8.5625,False,1.21875,True
simple,-7.5625,False,1.0,True
instruct,-7.5625,False,-0.5,False
complex,-7.5625,False,1.09375,True
simple,-6.875,False,0.78125,True
instruct,-6.875,False,-0.4375,False
complex,-6.875,False,1.09375,True
simple,-10.6875,False,1.1875,True
instruct,-10.6875,False,-0.8125,False
complex,-10.6875,False,1.0,True
simple,-5.1875,False,0.90625,True
instruct,-5.1875,False,-0.5,False
complex,-5.1875,False,1.0,True
simple,-4.75,False,1.25,True
instruct,-4.75,False,-0.5,False
complex,-4.75,False,1.0,True
simple,-5.875,False,0.78125,True
instruct,-5.875,False,-0.1875,False
complex,-5.875,False,1.03125,True
simple,-8.625,False,1.0625,True
instruct,-8.625,False,-0.8125,False
complex,-8.625,False,1.0625,True
simple,-9.125,False,1.28125,True
instruct,-9.125,False,-0.25,False
complex,-9.125,False,1.0625,True
simple,-5.1875,False,1.25,True
instruct,-5.1875,False,-0.1875,False
complex,-5.1875,False,1.125,True
simple,-8.875,False,0.96875,True
instruct,-8.875,False,-0.5625,False
complex,-8.875,False,1.03125,True
simple,-8.375,False,1.03125,True
instruct,-8.375,False,-0.1875,False
complex,-8.375,False,1.125,True
simple,-8.9375,False,1.0625,True
instruct,-8.9375,False,-0.4375,False
complex,-8.9375,False,1.34375,True
simple,-6.0,False,0.9375,True
instruct,-6.0,False,-0.3125,False
complex,-6.0,False,1.15625,True
simple,-7.8125,False,0.9375,True
instruct,-7.8125,False,0.0,False
complex,-7.8125,False,1.1875,True
simple,-5.5625,False,0.90625,True
instruct,-5.5625,False,-0.0625,False
complex,-5.5625,False,0.875,True
simple,-3.125,False,0.90625,True
instruct,-3.125,False,-0.0625,False
complex,-3.125,False,1.28125,True
simple,-7.875,False,1.0625,True
instruct,-7.875,False,-0.375,False
complex,-7.875,False,1.28125,True
simple,-6.875,False,1.125,True
instruct,-6.875,False,-0.3125,False
complex,-6.875,False,1.03125,True
simple,-6.375,False,0.96875,True
instruct,-6.375,False,-0.4375,False
complex,-6.375,False,1.1875,True
simple,-7.375,False,0.9375,True
instruct,-7.375,False,-0.4375,False
complex,-7.375,False,0.96875,True
simple,-6.5,False,1.09375,True
instruct,-6.5,False,-0.5625,False
complex,-6.5,False,1.125,True
simple,-7.3125,False,1.03125,True
instruct,-7.3125,False,-0.1875,False
complex,-7.3125,False,1.03125,True
simple,-7.625,False,1.1875,True
instruct,-7.625,False,-0.125,False
complex,-7.625,False,1.09375,True
simple,-8.125,False,1.0,True
instruct,-8.125,False,-0.4375,False
complex,-8.125,False,0.96875,True
simple,-9.4375,False,1.0,True
instruct,-9.4375,False,-0.5625,False
complex,-9.4375,False,0.8125,True
simple,-8.25,False,1.1875,True
instruct,-8.25,False,-0.4375,False
complex,-8.25,False,0.90625,True
simple,-7.4375,False,1.0,True
instruct,-7.4375,False,-0.1875,False
complex,-7.4375,False,0.8125,True
simple,-7.125,False,0.90625,True
instruct,-7.125,False,-0.0625,False
complex,-7.125,False,0.9375,True
simple,-4.3125,False,0.9375,True
instruct,-4.3125,False,-0.5625,False
complex,-4.3125,False,1.03125,True
simple,-6.6875,False,1.09375,True
instruct,-6.6875,False,-0.0625,False
complex,-6.6875,False,1.15625,True
simple,-12.0625,False,1.0625,True
instruct,-12.0625,False,-0.625,False
complex,-12.0625,False,1.125,True
simple,-9.3125,False,0.90625,True
instruct,-9.3125,False,-0.5,False
complex,-9.3125,False,1.34375,True
simple,-9.4375,False,0.84375,True
instruct,-9.4375,False,-0.375,False
complex,-9.4375,False,1.28125,True
simple,-8.875,False,1.0,True
instruct,-8.875,False,-0.5,False
complex,-8.875,False,1.1875,True
simple,-7.875,False,0.875,True
instruct,-7.875,False,-0.5,False
complex,-7.875,False,0.875,True
simple,-5.625,False,0.96875,True
instruct,-5.625,False,-0.25,False
complex,-5.625,False,0.96875,True
simple,-6.5625,False,1.0,True
instruct,-6.5625,False,-0.3125,False
complex,-6.5625,False,1.1875,True
simple,-7.75,False,1.0625,True
instruct,-7.75,False,-0.625,False
complex,-7.75,False,1.09375,True
simple,-8.8125,False,1.03125,True
instruct,-8.8125,False,-0.1875,False
complex,-8.8125,False,0.96875,True
simple,-6.375,False,0.78125,True
instruct,-6.375,False,-0.75,False
complex,-6.375,False,1.3125,True
simple,-8.8125,False,0.96875,True
instruct,-8.8125,False,-0.5625,False
complex,-8.8125,False,0.9375,True
simple,-5.375,False,1.03125,True
instruct,-5.375,False,-0.25,False
complex,-5.375,False,1.0625,True
simple,-7.25,False,1.0,True
instruct,-7.25,False,-0.0625,False
complex,-7.25,False,1.125,True
simple,-5.3125,False,1.1875,True
instruct,-5.3125,False,-0.3125,False
complex,-5.3125,False,1.0625,True
simple,-7.0,False,1.09375,True
instruct,-7.0,False,-0.6875,False
complex,-7.0,False,1.125,True
simple,-7.875,False,1.0,True
instruct,-7.875,False,-0.625,False
complex,-7.875,False,1.21875,True
simple,-4.625,False,1.0625,True
instruct,-4.625,False,-0.5,False
complex,-4.625,False,1.1875,True
simple,-7.375,False,0.875,True
instruct,-7.375,False,-0.9375,False
complex,-7.375,False,0.6875,True
simple,-6.6875,False,1.0625,True
instruct,-6.6875,False,-0.5,False
complex,-6.6875,False,1.03125,True
simple,-10.8125,False,1.375,True
instruct,-10.8125,False,-0.625,False
complex,-10.8125,False,1.15625,True
simple,-4.8125,False,1.09375,True
instruct,-4.8125,False,-0.375,False
complex,-4.8125,False,1.28125,True
simple,-8.125,False,1.09375,True
instruct,-8.125,False,-0.125,False
complex,-8.125,False,1.0,True
simple,-8.0,False,1.03125,True
instruct,-8.0,False,-0.375,False
complex,-8.0,False,1.15625,True
simple,-7.375,False,1.0625,True
instruct,-7.375,False,-0.5,False
complex,-7.375,False,1.21875,True
simple,-7.9375,False,1.0,True
instruct,-7.9375,False,-0.4375,False
complex,-7.9375,False,1.1875,True
simple,-9.8125,False,1.15625,True
instruct,-9.8125,False,-0.3125,False
complex,-9.8125,False,1.25,True
simple,-6.4375,False,0.9375,True
instruct,-6.4375,False,-0.75,False
complex,-6.4375,False,1.15625,True
simple,-7.5,False,1.0,True
instruct,-7.5,False,-0.6875,False
complex,-7.5,False,0.90625,True
simple,-6.75,False,1.125,True
instruct,-6.75,False,-0.625,False
complex,-6.75,False,0.90625,True
simple,-5.625,False,1.09375,True
instruct,-5.625,False,-0.625,False
complex,-5.625,False,1.0,True
simple,-5.0,False,0.90625,True
instruct,-5.0,False,-0.1875,False
complex,-5.0,False,1.15625,True
simple,-6.5625,False,1.15625,True
instruct,-6.5625,False,-0.1875,False
complex,-6.5625,False,0.9375,True
simple,-4.125,False,0.90625,True
instruct,-4.125,False,-0.1875,False
complex,-4.125,False,1.0625,True
simple,-7.5625,False,1.0625,True
instruct,-7.5625,False,-0.1875,False
complex,-7.5625,False,1.09375,True
simple,-5.9375,False,1.03125,True
instruct,-5.9375,False,-0.25,False
complex,-5.9375,False,1.25,True
simple,-7.6875,False,0.9375,True
instruct,-7.6875,False,-0.125,False
complex,-7.6875,False,0.84375,True
simple,-7.625,False,0.90625,True
instruct,-7.625,False,-0.3125,False
complex,-7.625,False,1.125,True
simple,-7.125,False,1.03125,True
instruct,-7.125,False,-0.4375,False
complex,-7.125,False,0.84375,True
simple,-6.625,False,1.0,True
instruct,-6.625,False,-0.5,False
complex,-6.625,False,1.21875,True
simple,-8.0625,False,0.875,True
instruct,-8.0625,False,0.0,False
complex,-8.0625,False,1.21875,True
simple,-5.5,False,1.09375,True
instruct,-5.5,False,-0.4375,False
complex,-5.5,False,1.21875,True
simple,-4.875,False,1.09375,True
instruct,-4.875,False,-0.625,False
complex,-4.875,False,1.09375,True
simple,-8.125,False,1.03125,True
instruct,-8.125,False,-0.6875,False
complex,-8.125,False,1.03125,True
simple,-10.25,False,0.9375,True
instruct,-10.25,False,-0.4375,False
complex,-10.25,False,1.0625,True
simple,-9.5,False,1.34375,True
instruct,-9.5,False,-0.375,False
complex,-9.5,False,0.90625,True
simple,-6.375,False,1.03125,True
instruct,-6.375,False,-0.375,False
complex,-6.375,False,1.0,True
simple,-9.625,False,0.9375,True
instruct,-9.625,False,-0.5,False
complex,-9.625,False,1.125,True
simple,-9.6875,False,0.875,True
instruct,-9.6875,False,-0.6875,False
complex,-9.6875,False,1.15625,True
simple,-8.5625,False,0.96875,True
instruct,-8.5625,False,-0.3125,False
complex,-8.5625,False,1.09375,True
simple,-6.25,False,1.0,True
instruct,-6.25,False,-0.4375,False
complex,-6.25,False,1.03125,True
simple,-8.6875,False,1.03125,True
instruct,-8.6875,False,0.0625,True
complex,-8.6875,False,1.15625,True
simple,-7.1875,False,1.0625,True
instruct,-7.1875,False,0.6875,True
complex,-7.1875,False,1.15625,True
simple,-8.09375,False,0.84375,True
instruct,-8.09375,False,0.6875,True
complex,-8.09375,False,1.15625,True
simple,-7.8125,False,0.8125,True
instruct,-7.8125,False,0.65625,True
complex,-7.8125,False,1.3125,True
simple,-8.34375,False,1.03125,True
instruct,-8.34375,False,0.8125,True
complex,-8.34375,False,1.09375,True
simple,-8.34375,False,1.03125,True
instruct,-8.34375,False,0.59375,True
complex,-8.34375,False,1.21875,True
simple,-7.25,False,0.96875,True
instruct,-7.25,False,0.65625,True
complex,-7.25,False,1.15625,True
simple,-8.4375,False,0.9375,True
instruct,-8.4375,False,0.4375,True
complex,-8.4375,False,1.125,True
simple,-7.84375,False,0.9375,True
instruct,-7.84375,False,0.4375,True
complex,-7.84375,False,1.0,True
simple,-8.1875,False,1.03125,True
instruct,-8.1875,False,0.5625,True
complex,-8.1875,False,1.34375,True
simple,-8.375,False,0.96875,True
instruct,-8.375,False,0.625,True
complex,-8.375,False,1.21875,True
simple,-8.4375,False,0.9375,True
instruct,-8.4375,False,0.4375,True
complex,-8.4375,False,1.0625,True
simple,-9.25,False,1.03125,True
instruct,-9.25,False,0.5625,True
complex,-9.25,False,1.125,True
simple,-9.1875,False,0.75,True
instruct,-9.1875,False,0.9375,True
complex,-9.1875,False,1.15625,True
simple,-8.625,False,0.78125,True
instruct,-8.625,False,0.75,True
complex,-8.625,False,1.125,True
simple,-8.0,False,1.03125,True
instruct,-8.0,False,0.6875,True
complex,-8.0,False,1.125,True
simple,-6.875,False,0.875,True
instruct,-6.875,False,0.3125,True
complex,-6.875,False,1.1875,True
simple,-7.5,False,0.9375,True
instruct,-7.5,False,0.59375,True
complex,-7.5,False,1.15625,True
simple,-7.5,False,0.9375,True
instruct,-7.5,False,0.375,True
complex,-7.5,False,1.125,True
simple,-7.875,False,1.1875,True
instruct,-7.875,False,0.5625,True
complex,-7.875,False,1.25,True
simple,-8.8125,False,0.90625,True
instruct,-8.8125,False,0.3125,True
complex,-8.8125,False,0.9375,True
simple,-9.0625,False,0.625,True
instruct,-9.0625,False,0.375,True
complex,-9.0625,False,1.03125,True
simple,-7.90625,False,0.9375,True
instruct,-7.90625,False,0.5625,True
complex,-7.90625,False,1.3125,True
simple,-7.5625,False,0.75,True
instruct,-7.5625,False,0.5625,True
complex,-7.5625,False,1.21875,True
simple,-8.875,False,1.125,True
instruct,-8.875,False,0.5625,True
complex,-8.875,False,1.1875,True
simple,-8.625,False,1.15625,True
instruct,-8.625,False,0.5625,True
complex,-8.625,False,1.28125,True
simple,-9.625,False,0.96875,True
instruct,-9.625,False,0.4375,True
complex,-9.625,False,1.3125,True
simple,-5.1875,False,0.625,True
instruct,-5.1875,False,0.5,True
complex,-5.1875,False,1.1875,True
simple,-9.78125,False,0.4375,True
instruct,-9.78125,False,0.375,True
complex,-9.78125,False,1.1875,True
simple,-8.25,False,0.90625,True
instruct,-8.25,False,0.6875,True
complex,-8.25,False,1.21875,True
simple,-8.5625,False,0.65625,True
instruct,-8.5625,False,0.5,True
complex,-8.5625,False,1.25,True
simple,-7.625,False,0.5,True
instruct,-7.625,False,0.75,True
complex,-7.625,False,1.0,True
simple,-21.71875,False,0.78125,True
instruct,-21.71875,False,0.6875,True
complex,-21.71875,False,1.34375,True
simple,-8.25,False,0.84375,True
instruct,-8.25,False,0.4375,True
complex,-8.25,False,1.03125,True
simple,-10.375,False,0.78125,True
instruct,-10.375,False,0.25,True
complex,-10.375,False,1.21875,True
simple,-8.125,False,1.0,True
instruct,-8.125,False,0.6875,True
complex,-8.125,False,1.21875,True
simple,-8.53125,False,0.90625,True
instruct,-8.53125,False,0.53125,True
complex,-8.53125,False,1.0625,True
simple,-9.6875,False,0.71875,True
instruct,-9.6875,False,0.6875,True
complex,-9.6875,False,1.25,True
simple,-9.25,False,0.84375,True
instruct,-9.25,False,0.25,True
complex,-9.25,False,1.03125,True
simple,-9.0,False,0.9375,True
instruct,-9.0,False,0.1875,True
complex,-9.0,False,1.03125,True
simple,-8.4375,False,0.75,True
instruct,-8.4375,False,0.3125,True
complex,-8.4375,False,1.125,True
simple,-7.34375,False,0.9375,True
instruct,-7.34375,False,0.8125,True
complex,-7.34375,False,1.21875,True
simple,-7.6875,False,0.53125,True
instruct,-7.6875,False,0.8125,True
complex,-7.6875,False,1.15625,True
simple,-8.125,False,0.8125,True
instruct,-8.125,False,0.6875,True
complex,-8.125,False,1.28125,True
simple,-9.5,False,1.0,True
instruct,-9.5,False,0.625,True
complex,-9.5,False,1.40625,True
simple,-9.0,False,0.78125,True
instruct,-9.0,False,0.625,True
complex,-9.0,False,1.15625,True
simple,-7.6875,False,0.71875,True
instruct,-7.6875,False,0.8125,True
complex,-7.6875,False,1.3125,True
simple,-9.0625,False,1.0625,True
instruct,-9.0625,False,0.40625,True
complex,-9.0625,False,1.1875,True
simple,-8.5625,False,0.84375,True
instruct,-8.5625,False,0.6875,True
complex,-8.5625,False,1.40625,True
simple,-8.5625,False,0.8125,True
instruct,-8.5625,False,0.5,True
complex,-8.5625,False,0.9375,True
simple,-9.0625,False,0.90625,True
instruct,-9.0625,False,0.625,True
complex,-9.0625,False,1.125,True
simple,-8.0625,False,0.75,True
instruct,-8.0625,False,0.8125,True
complex,-8.0625,False,1.21875,True
simple,-6.625,False,0.8125,True
instruct,-6.625,False,0.0,False
complex,-6.625,False,1.0625,True
simple,-7.875,False,0.65625,True
instruct,-7.875,False,0.25,True
complex,-7.875,False,0.90625,True
simple,-7.125,False,0.8125,True
instruct,-7.125,False,0.25,True
complex,-7.125,False,0.9375,True
simple,-7.90625,False,0.84375,True
instruct,-7.90625,False,0.5,True
complex,-7.90625,False,1.09375,True
simple,-9.25,False,0.84375,True
instruct,-9.25,False,0.5625,True
complex,-9.25,False,1.28125,True
simple,-8.3125,False,0.71875,True
instruct,-8.3125,False,0.3125,True
complex,-8.3125,False,1.1875,True
simple,-5.25,False,0.6875,True
instruct,-5.25,False,0.9375,True
complex,-5.25,False,1.1875,True
simple,-8.5625,False,0.84375,True
instruct,-8.5625,False,0.375,True
complex,-8.5625,False,1.09375,True
simple,-10.96875,False,0.625,True
instruct,-10.96875,False,0.3125,True
complex,-10.96875,False,1.1875,True
simple,-8.75,False,0.875,True
instruct,-8.75,False,0.71875,True
complex,-8.75,False,1.3125,True
simple,-6.875,False,0.71875,True
instruct,-6.875,False,0.8125,True
complex,-6.875,False,1.0625,True
simple,-9.1875,False,0.90625,True
instruct,-9.1875,False,0.625,True
complex,-9.1875,False,1.28125,True
simple,-5.6875,False,0.59375,True
instruct,-5.6875,False,0.5,True
complex,-5.6875,False,1.1875,True
simple,-8.9375,False,0.5625,True
instruct,-8.9375,False,0.75,True
complex,-8.9375,False,1.5625,True
simple,-8.5625,False,0.78125,True
instruct,-8.5625,False,0.125,True
complex,-8.5625,False,1.25,True
simple,-8.0,False,0.8125,True
instruct,-8.0,False,0.5,True
complex,-8.0,False,1.4375,True
simple,-10.0,False,0.8125,True
instruct,-10.0,False,0.3125,True
complex,-10.0,False,1.21875,True
simple,-8.875,False,0.875,True
instruct,-8.875,False,0.59375,True
complex,-8.875,False,1.15625,True
simple,-9.5625,False,0.625,True
instruct,-9.5625,False,0.25,True
complex,-9.5625,False,1.4375,True
simple,-9.3125,False,0.71875,True
instruct,-9.3125,False,0.625,True
complex,-9.3125,False,1.21875,True
simple,-8.25,False,0.84375,True
instruct,-8.25,False,0.5625,True
complex,-8.25,False,1.3125,True
simple,-10.0,False,0.84375,True
instruct,-10.0,False,0.5,True
complex,-10.0,False,1.09375,True
simple,-6.5625,False,0.84375,True
instruct,-6.5625,False,0.5,True
complex,-6.5625,False,1.28125,True
simple,-6.625,False,0.71875,True
instruct,-6.625,False,0.6875,True
complex,-6.625,False,1.25,True
simple,-21.0625,False,0.875,True
instruct,-21.0625,False,0.5625,True
complex,-21.0625,False,1.21875,True
simple,-7.8125,False,1.0,True
instruct,-7.8125,False,0.625,True
complex,-7.8125,False,1.46875,True
simple,-9.9375,False,0.75,True
instruct,-9.9375,False,0.8125,True
complex,-9.9375,False,1.3125,True
simple,-7.25,False,0.90625,True
instruct,-7.25,False,0.6875,True
complex,-7.25,False,1.3125,True
simple,-8.5625,False,0.78125,True
instruct,-8.5625,False,0.6875,True
complex,-8.5625,False,1.3125,True
simple,-8.75,False,1.0,True
instruct,-8.75,False,0.59375,True
complex,-8.75,False,1.34375,True
simple,-10.0,False,0.6875,True
instruct,-10.0,False,0.625,True
complex,-10.0,False,1.0,True
simple,-8.0,False,0.875,True
instruct,-8.0,False,0.625,True
complex,-8.0,False,1.09375,True
simple,-7.9375,False,0.65625,True
instruct,-7.9375,False,0.625,True
complex,-7.9375,False,1.21875,True
simple,-10.125,False,0.84375,True
instruct,-10.125,False,0.625,True
complex,-10.125,False,1.125,True
simple,-10.0625,False,0.625,True
instruct,-10.0625,False,0.6875,True
complex,-10.0625,False,1.15625,True
simple,-8.6875,False,0.78125,True
instruct,-8.6875,False,0.40625,True
complex,-8.6875,False,1.0625,True
simple,-6.6875,False,0.71875,True
instruct,-6.6875,False,0.53125,True
complex,-6.6875,False,1.15625,True
simple,-9.625,False,0.71875,True
instruct,-9.625,False,0.6875,True
complex,-9.625,False,1.21875,True
simple,-9.8125,False,0.6875,True
instruct,-9.8125,False,0.4375,True
complex,-9.8125,False,1.28125,True
simple,-9.3125,False,0.6875,True
instruct,-9.3125,False,0.71875,True
complex,-9.3125,False,1.40625,True
simple,-8.125,False,0.71875,True
instruct,-8.125,False,0.625,True
complex,-8.125,False,1.28125,True
simple,-7.5625,False,0.8125,True
instruct,-7.5625,False,0.75,True
complex,-7.5625,False,1.25,True
simple,-10.0,False,0.75,True
instruct,-10.0,False,0.5,True
complex,-10.0,False,1.15625,True
simple,-9.75,False,0.84375,True
instruct,-9.75,False,0.625,True
complex,-9.75,False,1.28125,True
simple,-8.4375,False,0.84375,True
instruct,-8.4375,False,0.625,True
complex,-8.4375,False,1.3125,True
simple,-8.875,False,0.75,True
instruct,-8.875,False,0.625,True
complex,-8.875,False,1.21875,True
simple,-5.1875,False,0.84375,True
instruct,-5.1875,False,0.8125,True
complex,-5.1875,False,1.1875,True
simple,-8.1875,False,0.78125,True
instruct,-8.1875,False,0.5,True
complex,-8.1875,False,1.125,True
simple,-8.25,False,0.6875,True
instruct,-8.25,False,0.5625,True
complex,-8.25,False,1.09375,True
simple,-7.375,False,1.0,True
instruct,-7.375,False,-0.25,False
complex,-7.375,False,1.03125,True
simple,-4.375,False,0.96875,True
instruct,-4.375,False,-0.375,False
complex,-4.375,False,1.03125,True
simple,-3.75,False,1.1875,True
instruct,-3.75,False,-0.125,False
complex,-3.75,False,1.15625,True
simple,-7.0,False,1.25,True
instruct,-7.0,False,0.0625,True
complex,-7.0,False,1.21875,True
simple,-5.5,False,1.09375,True
instruct,-5.5,False,0.0625,True
complex,-5.5,False,1.15625,True
simple,-23.75,False,1.1875,True
instruct,-23.75,False,0.125,True
complex,-23.75,False,1.25,True
simple,-5.25,False,1.125,True
instruct,-5.25,False,0.125,True
complex,-5.25,False,1.1875,True
simple,-5.625,False,1.125,True
instruct,-5.625,False,0.1875,True
complex,-5.625,False,1.0625,True
simple,-4.75,False,1.28125,True
instruct,-4.75,False,-0.125,False
complex,-4.75,False,1.1875,True
simple,-7.75,False,1.0625,True
instruct,-7.75,False,0.125,True
complex,-7.75,False,1.1875,True
simple,-6.125,False,1.0625,True
instruct,-6.125,False,-0.0625,False
complex,-6.125,False,1.0,True
simple,-4.9375,False,1.0625,True
instruct,-4.9375,False,0.0625,True
complex,-4.9375,False,1.1875,True
simple,-7.375,False,1.03125,True
instruct,-7.375,False,-0.1875,False
complex,-7.375,False,1.0625,True
simple,-6.875,False,0.875,True
instruct,-6.875,False,0.0,False
complex,-6.875,False,1.0,True
simple,-6.0625,False,1.0625,True
instruct,-6.0625,False,0.0,False
complex,-6.0625,False,1.15625,True
simple,-3.125,False,1.03125,True
instruct,-3.125,False,0.125,True
complex,-3.125,False,1.0625,True
simple,-2.75,False,0.96875,True
instruct,-2.75,False,-0.0625,False
complex,-2.75,False,1.15625,True
simple,-5.4375,False,1.0,True
instruct,-5.4375,False,-0.1875,False
complex,-5.4375,False,1.0,True
simple,-5.25,False,1.0625,True
instruct,-5.25,False,-0.125,False
complex,-5.25,False,1.03125,True
simple,-6.625,False,1.03125,True
instruct,-6.625,False,-0.0625,False
complex,-6.625,False,1.125,True
simple,-17.5,False,1.03125,True
instruct,-17.5,False,-0.125,False
complex,-17.5,False,1.34375,True
simple,-9.875,False,0.8125,True
instruct,-9.875,False,0.0,False
complex,-9.875,False,0.90625,True
simple,-5.5,False,0.9375,True
instruct,-5.5,False,-0.25,False
complex,-5.5,False,1.03125,True
simple,-4.1875,False,1.09375,True
instruct,-4.1875,False,0.1875,True
complex,-4.1875,False,1.34375,True
simple,-6.75,False,1.0625,True
instruct,-6.75,False,0.0,False
complex,-6.75,False,1.15625,True
simple,-5.75,False,1.0,True
instruct,-5.75,False,0.25,True
complex,-5.75,False,1.25,True
simple,-5.5,False,1.125,True
instruct,-5.5,False,0.0,False
complex,-5.5,False,1.0625,True
simple,-6.25,False,1.1875,True
instruct,-6.25,False,-0.1875,False
complex,-6.25,False,1.0,True
simple,-5.375,False,1.0,True
instruct,-5.375,False,0.1875,True
complex,-5.375,False,1.0,True
simple,-6.25,False,1.09375,True
instruct,-6.25,False,0.0,False
complex,-6.25,False,1.21875,True
simple,-6.5625,False,1.0,True
instruct,-6.5625,False,-0.125,False
complex,-6.5625,False,0.9375,True
simple,-4.75,False,1.0,True
instruct,-4.75,False,-0.125,False
complex,-4.75,False,1.03125,True
simple,-7.3125,False,1.03125,True
instruct,-7.3125,False,-0.125,False
complex,-7.3125,False,1.1875,True
simple,-4.25,False,1.03125,True
instruct,-4.25,False,0.0625,True
complex,-4.25,False,1.125,True
simple,-6.9375,False,1.03125,True
instruct,-6.9375,False,0.0,False
complex,-6.9375,False,1.25,True
simple,-5.375,False,0.96875,True
instruct,-5.375,False,-0.125,False
complex,-5.375,False,1.0,True
simple,-4.1875,False,1.125,True
instruct,-4.1875,False,0.0,False
complex,-4.1875,False,1.21875,True
simple,-5.0,False,1.0,True
instruct,-5.0,False,-0.125,False
complex,-5.0,False,1.09375,True
simple,-3.25,False,1.1875,True
instruct,-3.25,False,0.0,False
complex,-3.25,False,1.34375,True
simple,-5.5625,False,1.125,True
instruct,-5.5625,False,-0.25,False
complex,-5.5625,False,0.875,True
simple,-5.25,False,0.875,True
instruct,-5.25,False,0.0625,True
complex,-5.25,False,1.0625,True
simple,-4.875,False,1.1875,True
instruct,-4.875,False,0.0625,True
complex,-4.875,False,1.3125,True
simple,-3.6875,False,1.0,True
instruct,-3.6875,False,0.0,False
complex,-3.6875,False,1.34375,True
simple,-3.6875,False,1.21875,True
instruct,-3.6875,False,-0.0625,False
complex,-3.6875,False,1.15625,True
simple,-4.25,False,1.125,True
instruct,-4.25,False,-0.0625,False
complex,-4.25,False,0.96875,True
simple,-5.375,False,1.0,True
instruct,-5.375,False,-0.3125,False
complex,-5.375,False,1.0,True
simple,-3.1875,False,1.0625,True
instruct,-3.1875,False,-0.3125,False
complex,-3.1875,False,1.125,True
simple,-2.8125,False,1.125,True
instruct,-2.8125,False,-0.25,False
complex,-2.8125,False,1.125,True
simple,-5.75,False,1.0625,True
instruct,-5.75,False,-0.125,False
complex,-5.75,False,1.125,True
simple,-4.0625,False,1.4375,True
instruct,-4.0625,False,0.125,True
complex,-4.0625,False,0.9375,True
simple,-2.875,False,0.90625,True
instruct,-2.875,False,0.125,True
complex,-2.875,False,1.375,True
simple,-4.9375,False,1.0,True
instruct,-4.9375,False,0.125,True
complex,-4.9375,False,1.28125,True
simple,-6.4375,False,1.03125,True
instruct,-6.4375,False,-0.1875,False
complex,-6.4375,False,0.90625,True
simple,-6.625,False,1.0625,True
instruct,-6.625,False,0.0,False
complex,-6.625,False,1.0625,True
simple,-8.0,False,0.8125,True
instruct,-8.0,False,-0.1875,False
complex,-8.0,False,1.0625,True
simple,-4.625,False,0.875,True
instruct,-4.625,False,-0.125,False
complex,-4.625,False,1.03125,True
simple,-6.625,False,1.28125,True
instruct,-6.625,False,-0.25,False
complex,-6.625,False,0.875,True
simple,-6.875,False,1.09375,True
instruct,-6.875,False,-0.125,False
complex,-6.875,False,1.0625,True
simple,-5.875,False,1.09375,True
instruct,-5.875,False,-0.3125,False
complex,-5.875,False,1.03125,True
simple,-6.1875,False,1.0,True
instruct,-6.1875,False,0.375,True
complex,-6.1875,False,1.34375,True
simple,-5.375,False,0.9375,True
instruct,-5.375,False,-0.0625,False
complex,-5.375,False,1.28125,True
simple,-4.75,False,1.09375,True
instruct,-4.75,False,0.125,True
complex,-4.75,False,1.28125,True
simple,-9.0625,False,0.90625,True
instruct,-9.0625,False,-0.25,False
complex,-9.0625,False,1.125,True
simple,-8.75,False,0.71875,True
instruct,-8.75,False,0.0,False
complex,-8.75,False,1.15625,True
simple,-7.25,False,0.9375,True
instruct,-7.25,False,0.0,False
complex,-7.25,False,0.8125,True
simple,-5.5,False,1.0,True
instruct,-5.5,False,0.0,False
complex,-5.5,False,1.21875,True
simple,-3.8125,False,1.0625,True
instruct,-3.8125,False,-0.25,False
complex,-3.8125,False,1.03125,True
simple,-5.6875,False,1.25,True
instruct,-5.6875,False,0.0,False
complex,-5.6875,False,1.15625,True
simple,-5.375,False,0.84375,True
instruct,-5.375,False,0.0,False
complex,-5.375,False,1.0,True
simple,-7.3125,False,0.84375,True
instruct,-7.3125,False,0.1875,True
complex,-7.3125,False,1.125,True
simple,-6.9375,False,1.03125,True
instruct,-6.9375,False,0.25,True
complex,-6.9375,False,1.125,True
simple,-6.5,False,1.1875,True
instruct,-6.5,False,-0.25,False
complex,-6.5,False,1.15625,True
simple,-7.625,False,1.125,True
instruct,-7.625,False,0.0625,True
complex,-7.625,False,1.15625,True
simple,-5.75,False,1.125,True
instruct,-5.75,False,-0.125,False
complex,-5.75,False,1.15625,True
simple,-7.25,False,1.0625,True
instruct,-7.25,False,-0.3125,False
complex,-7.25,False,1.03125,True
simple,-6.0625,False,1.0625,True
instruct,-6.0625,False,-0.4375,False
complex,-6.0625,False,1.0625,True
simple,-5.25,False,1.0,True
instruct,-5.25,False,-0.25,False
complex,-5.25,False,0.84375,True
simple,-9.0,False,1.125,True
instruct,-9.0,False,-0.25,False
complex,-9.0,False,1.0625,True
simple,-7.0625,False,1.15625,True
instruct,-7.0625,False,0.1875,True
complex,-7.0625,False,1.0,True
simple,-4.25,False,1.0625,True
instruct,-4.25,False,0.0,False
complex,-4.25,False,1.0625,True
simple,-6.1875,False,0.9375,True
instruct,-6.1875,False,-0.25,False
complex,-6.1875,False,1.0,True
simple,-4.625,False,0.90625,True
instruct,-4.625,False,0.0,False
complex,-4.625,False,1.0625,True
simple,-4.9375,False,1.1875,True
instruct,-4.9375,False,0.0625,True
complex,-4.9375,False,1.1875,True
simple,-6.125,False,0.84375,True
instruct,-6.125,False,0.0625,True
complex,-6.125,False,1.0625,True
simple,-6.375,False,0.9375,True
instruct,-6.375,False,-0.125,False
complex,-6.375,False,0.84375,True
simple,-7.875,False,1.0,True
instruct,-7.875,False,-0.0625,False
complex,-7.875,False,1.0625,True
simple,-4.125,False,1.03125,True
instruct,-4.125,False,-0.3125,False
complex,-4.125,False,1.125,True
simple,-5.5625,False,1.125,True
instruct,-5.5625,False,0.125,True
complex,-5.5625,False,1.15625,True
simple,-6.25,False,1.1875,True
instruct,-6.25,False,-0.0625,False
complex,-6.25,False,1.21875,True
simple,-6.25,False,1.09375,True
instruct,-6.25,False,-0.1875,False
complex,-6.25,False,0.875,True
simple,-4.5,False,1.1875,True
instruct,-4.5,False,-0.25,False
complex,-4.5,False,1.1875,True
simple,-5.25,False,0.9375,True
instruct,-5.25,False,0.1875,True
complex,-5.25,False,1.15625,True
simple,-10.625,False,0.90625,True
instruct,-10.625,False,-0.25,False
complex,-10.625,False,1.09375,True
simple,-5.875,False,0.875,True
instruct,-5.875,False,-0.1875,False
complex,-5.875,False,1.0625,True
simple,-6.0,False,1.125,True
instruct,-6.0,False,0.0625,True
complex,-6.0,False,1.125,True
simple,-3.8125,False,1.0,True
instruct,-3.8125,False,-0.0625,False
complex,-3.8125,False,1.03125,True
simple,-2.5,False,1.09375,True
instruct,-2.5,False,-0.125,False
complex,-2.5,False,1.25,True
simple,-5.375,False,1.125,True
instruct,-5.375,False,-0.1875,False
complex,-5.375,False,1.125,True
simple,-4.6875,False,0.96875,True
instruct,-4.6875,False,0.0,False
complex,-4.6875,False,1.0,True
simple,-5.1875,False,0.96875,True
instruct,-5.1875,False,-0.125,False
complex,-5.1875,False,1.0,True
simple,-6.0,False,0.875,True
instruct,-6.0,False,-0.3125,False
complex,-6.0,False,1.40625,True
simple,-6.8125,False,1.0625,True
instruct,-6.8125,False,-0.125,False
complex,-6.8125,False,1.4375,True
simple,-7.25,False,1.09375,True
instruct,-7.25,False,-0.125,False
complex,-7.25,False,1.34375,True
simple,-5.875,False,0.875,True
instruct,-5.875,False,-0.0625,False
complex,-5.875,False,1.3125,True
simple,-8.1875,False,0.96875,True
instruct,-8.1875,False,-0.375,False
complex,-8.1875,False,1.28125,True
simple,-6.875,False,0.75,True
instruct,-6.875,False,-0.5625,False
complex,-6.875,False,1.40625,True
simple,-6.625,False,1.125,True
instruct,-6.625,False,-0.125,False
complex,-6.625,False,1.21875,True
simple,-7.3125,False,1.03125,True
instruct,-7.3125,False,-0.3125,False
complex,-7.3125,False,1.21875,True
simple,-5.25,False,1.3125,True
instruct,-5.25,False,-0.1875,False
complex,-5.25,False,1.28125,True
simple,-5.9375,False,1.03125,True
instruct,-5.9375,False,-0.25,False
complex,-5.9375,False,1.09375,True
simple,-7.75,False,0.875,True
instruct,-7.75,False,-0.1875,False
complex,-7.75,False,1.25,True
simple,-7.8125,False,1.09375,True
instruct,-7.8125,False,-0.1875,False
complex,-7.8125,False,1.15625,True
simple,-6.5625,False,0.9375,True
instruct,-6.5625,False,-0.4375,False
complex,-6.5625,False,1.03125,True
simple,-6.875,False,1.0625,True
instruct,-6.875,False,-0.1875,False
complex,-6.875,False,1.375,True
simple,-6.8125,False,0.9375,True
instruct,-6.8125,False,-0.4375,False
complex,-6.8125,False,1.25,True
simple,-7.4375,False,1.21875,True
instruct,-7.4375,False,-0.1875,False
complex,-7.4375,False,0.875,True
simple,-7.5,False,0.8125,True
instruct,-7.5,False,-0.375,False
complex,-7.5,False,1.3125,True
simple,-6.1875,False,1.3125,True
instruct,-6.1875,False,0.125,True
complex,-6.1875,False,1.3125,True
simple,-6.375,False,1.0,True
instruct,-6.375,False,-0.3125,False
complex,-6.375,False,1.03125,True
simple,-6.375,False,1.28125,True
instruct,-6.375,False,-0.3125,False
complex,-6.375,False,0.9375,True
simple,-6.1875,False,1.0625,True
instruct,-6.1875,False,-0.4375,False
complex,-6.1875,False,0.96875,True
simple,-6.6875,False,1.125,True
instruct,-6.6875,False,-0.5,False
complex,-6.6875,False,1.1875,True
simple,-7.125,False,1.03125,True
instruct,-7.125,False,-0.25,False
complex,-7.125,False,1.09375,True
simple,-7.1875,False,1.0,True
instruct,-7.1875,False,-0.4375,False
complex,-7.1875,False,1.1875,True
simple,-7.9375,False,1.15625,True
instruct,-7.9375,False,-0.25,False
complex,-7.9375,False,1.25,True
simple,-6.1875,False,1.1875,True
instruct,-6.1875,False,0.0625,True
complex,-6.1875,False,1.1875,True
simple,-6.4375,False,1.09375,True
instruct,-6.4375,False,-0.3125,False
complex,-6.4375,False,1.3125,True
simple,-5.875,False,1.25,True
instruct,-5.875,False,-0.0625,False
complex,-5.875,False,1.21875,True
simple,-6.6875,False,0.875,True
instruct,-6.6875,False,-0.6875,False
complex,-6.6875,False,0.90625,True
simple,-6.6875,False,1.28125,True
instruct,-6.6875,False,-0.25,False
complex,-6.6875,False,1.125,True
simple,-7.8125,False,1.09375,True
instruct,-7.8125,False,-0.4375,False
complex,-7.8125,False,1.28125,True
simple,-5.875,False,1.21875,True
instruct,-5.875,False,0.0,False
complex,-5.875,False,1.03125,True
simple,-6.875,False,1.125,True
instruct,-6.875,False,-0.3125,False
complex,-6.875,False,1.0625,True
simple,-8.1875,False,0.96875,True
instruct,-8.1875,False,-0.3125,False
complex,-8.1875,False,1.40625,True
simple,-5.3125,False,0.9375,True
instruct,-5.3125,False,-0.375,False
complex,-5.3125,False,1.21875,True
simple,-6.25,False,0.90625,True
instruct,-6.25,False,-0.3125,False
complex,-6.25,False,1.28125,True
simple,-7.1875,False,1.0,True
instruct,-7.1875,False,-0.375,False
complex,-7.1875,False,1.25,True
simple,-6.875,False,1.03125,True
instruct,-6.875,False,-0.3125,False
complex,-6.875,False,0.9375,True
simple,-7.4375,False,1.125,True
instruct,-7.4375,False,-0.3125,False
complex,-7.4375,False,1.125,True
simple,-7.625,False,1.0625,True
instruct,-7.625,False,-0.5,False
complex,-7.625,False,1.125,True
simple,-6.0,False,1.25,True
instruct,-6.0,False,-0.25,False
complex,-6.0,False,1.09375,True
simple,-6.6875,False,1.0625,True
instruct,-6.6875,False,-0.375,False
complex,-6.6875,False,0.90625,True
simple,-8.5,False,1.09375,True
instruct,-8.5,False,-0.5,False
complex,-8.5,False,1.15625,True
simple,-7.0625,False,1.25,True
instruct,-7.0625,False,-0.0625,False
complex,-7.0625,False,1.40625,True
simple,-5.6875,False,1.28125,True
instruct,-5.6875,False,-0.25,False
complex,-5.6875,False,1.0,True
simple,-7.6875,False,1.03125,True
instruct,-7.6875,False,-0.125,False
complex,-7.6875,False,1.125,True
simple,-8.625,False,0.96875,True
instruct,-8.625,False,-0.5,False
complex,-8.625,False,1.25,True
simple,-6.1875,False,1.21875,True
instruct,-6.1875,False,-0.4375,False
complex,-6.1875,False,1.3125,True
simple,-6.0625,False,1.03125,True
instruct,-6.0625,False,-0.375,False
complex,-6.0625,False,1.40625,True
simple,-6.6875,False,1.09375,True
instruct,-6.6875,False,-0.5,False
complex,-6.6875,False,0.875,True
simple,-7.3125,False,1.21875,True
instruct,-7.3125,False,-0.125,False
complex,-7.3125,False,1.25,True
simple,-5.3125,False,1.0625,True
instruct,-5.3125,False,-0.125,False
complex,-5.3125,False,1.34375,True
simple,-7.625,False,1.0625,True
instruct,-7.625,False,-0.1875,False
complex,-7.625,False,1.125,True
simple,-6.75,False,1.34375,True
instruct,-6.75,False,0.125,True
complex,-6.75,False,1.21875,True
simple,-6.0625,False,0.96875,True
instruct,-6.0625,False,-0.5,False
complex,-6.0625,False,0.75,True
simple,-6.125,False,1.09375,True
instruct,-6.125,False,-0.125,False
complex,-6.125,False,1.40625,True
simple,-8.25,False,0.96875,True
instruct,-8.25,False,-0.25,False
complex,-8.25,False,1.21875,True
simple,-7.1875,False,0.90625,True
instruct,-7.1875,False,-0.25,False
complex,-7.1875,False,1.03125,True
simple,-6.4375,False,1.28125,True
instruct,-6.4375,False,-0.0625,False
complex,-6.4375,False,1.34375,True
simple,-6.4375,False,0.9375,True
instruct,-6.4375,False,-0.1875,False
complex,-6.4375,False,1.28125,True
simple,-7.0,False,1.0,True
instruct,-7.0,False,-0.4375,False
complex,-7.0,False,1.0625,True
simple,-6.5625,False,0.71875,True
instruct,-6.5625,False,-0.3125,False
complex,-6.5625,False,1.21875,True
simple,-7.375,False,0.9375,True
instruct,-7.375,False,-0.5625,False
complex,-7.375,False,1.15625,True
simple,-7.5,False,1.09375,True
instruct,-7.5,False,-0.125,False
complex,-7.5,False,1.125,True
simple,-8.1875,False,0.875,True
instruct,-8.1875,False,-0.4375,False
complex,-8.1875,False,1.28125,True
simple,-6.1875,False,1.09375,True
instruct,-6.1875,False,-0.375,False
complex,-6.1875,False,1.1875,True
simple,-9.6875,False,1.03125,True
instruct,-9.6875,False,-0.75,False
complex,-9.6875,False,0.96875,True
simple,-8.5,False,1.15625,True
instruct,-8.5,False,-0.5,False
complex,-8.5,False,1.28125,True
simple,-6.5625,False,1.125,True
instruct,-6.5625,False,-0.1875,False
complex,-6.5625,False,1.0,True
simple,-7.5625,False,1.21875,True
instruct,-7.5625,False,-0.25,False
complex,-7.5625,False,1.3125,True
simple,-6.25,False,1.3125,True
instruct,-6.25,False,-0.25,False
complex,-6.25,False,1.15625,True
simple,-7.5,False,1.125,True
instruct,-7.5,False,-0.4375,False
complex,-7.5,False,1.15625,True
simple,-6.9375,False,1.21875,True
instruct,-6.9375,False,-0.3125,False
complex,-6.9375,False,1.15625,True
simple,-6.3125,False,1.21875,True
instruct,-6.3125,False,-0.25,False
complex,-6.3125,False,0.96875,True
simple,-7.125,False,1.1875,True
instruct,-7.125,False,-0.3125,False
complex,-7.125,False,0.9375,True
simple,-7.1875,False,1.125,True
instruct,-7.1875,False,-0.5,False
complex,-7.1875,False,0.96875,True
simple,-6.1875,False,0.9375,True
instruct,-6.1875,False,-0.625,False
complex,-6.1875,False,1.125,True
simple,-7.1875,False,0.875,True
instruct,-7.1875,False,-0.5625,False
complex,-7.1875,False,1.21875,True
simple,-6.1875,False,1.25,True
instruct,-6.1875,False,-0.1875,False
complex,-6.1875,False,1.0,True
simple,-7.5,False,1.21875,True
instruct,-7.5,False,-0.25,False
complex,-7.5,False,1.21875,True
simple,-8.625,False,1.03125,True
instruct,-8.625,False,-0.5625,False
complex,-8.625,False,1.34375,True
simple,-7.625,False,1.0,True
instruct,-7.625,False,-0.25,False
complex,-7.625,False,1.21875,True
simple,-6.3125,False,0.84375,True
instruct,-6.3125,False,-0.25,False
complex,-6.3125,False,1.40625,True
simple,-8.3125,False,0.90625,True
instruct,-8.3125,False,-0.6875,False
complex,-8.3125,False,0.96875,True
simple,-8.125,False,0.875,True
instruct,-8.125,False,-0.375,False
complex,-8.125,False,1.3125,True
simple,-6.75,False,0.84375,True
instruct,-6.75,False,-0.625,False
complex,-6.75,False,1.15625,True
simple,-6.875,False,1.1875,True
instruct,-6.875,False,-0.3125,False
complex,-6.875,False,1.1875,True
simple,-8.5,False,1.125,True
instruct,-8.5,False,-0.6875,False
complex,-8.5,False,1.125,True
simple,-7.875,False,1.0,True
instruct,-7.875,False,-0.5625,False
complex,-7.875,False,1.25,True
simple,-7.75,False,1.09375,True
instruct,-7.75,False,-0.3125,False
complex,-7.75,False,1.1875,True
simple,-7.875,False,1.15625,True
instruct,-7.875,False,-0.3125,False
complex,-7.875,False,1.0625,True
simple,-5.3125,False,1.03125,True
instruct,-5.3125,False,-0.1875,False
complex,-5.3125,False,1.125,True
simple,-7.375,False,1.28125,True
instruct,-7.375,False,-0.4375,False
complex,-7.375,False,1.125,True
simple,-8.0625,False,0.8125,True
instruct,-8.0625,False,-0.4375,False
complex,-8.0625,False,1.0625,True
simple,-6.5,False,0.8125,True
instruct,-6.5,False,-0.6875,False
complex,-6.5,False,1.3125,True
simple,-7.375,False,1.21875,True
instruct,-7.375,False,-0.375,False
complex,-7.375,False,1.15625,True
simple,-5.8125,False,0.84375,True
instruct,-5.8125,False,-0.4375,False
complex,-5.8125,False,1.15625,True
simple,-7.25,False,0.9375,True
instruct,-7.25,False,-0.1875,False
complex,-7.25,False,1.21875,True
simple,-6.875,False,1.0625,True
instruct,-6.875,False,-0.375,False
complex,-6.875,False,1.375,True
simple,-6.9375,False,1.09375,True
instruct,-6.9375,False,-0.625,False
complex,-6.9375,False,0.9375,True
simple,-6.875,False,1.125,True
instruct,-6.875,False,-0.0625,False
complex,-6.875,False,1.4375,True
simple,-20.9375,False,0.875,True
instruct,-20.9375,False,-0.375,False
complex,-20.9375,False,1.5,True
simple,-5.5625,False,1.03125,True
instruct,-5.5625,False,0.0625,True
complex,-5.5625,False,1.5625,True
simple,-5.875,False,1.15625,True
instruct,-5.875,False,0.0,False
complex,-5.875,False,1.40625,True
simple,-7.6875,False,1.125,True
instruct,-7.6875,False,0.1875,True
complex,-7.6875,False,1.4375,True
simple,-5.625,False,1.0625,True
instruct,-5.625,False,-0.1875,False
complex,-5.625,False,1.40625,True
simple,-7.3125,False,1.21875,True
instruct,-7.3125,False,0.125,True
complex,-7.3125,False,1.5,True
simple,-8.125,False,1.09375,True
instruct,-8.125,False,0.3125,True
complex,-8.125,False,1.46875,True
simple,-8.5,False,1.0,True
instruct,-8.5,False,0.0625,True
complex,-8.5,False,1.46875,True
simple,-6.3125,False,1.15625,True
instruct,-6.3125,False,0.0625,True
complex,-6.3125,False,1.46875,True
simple,-20.1875,False,0.90625,True
instruct,-20.1875,False,-0.25,False
complex,-20.1875,False,1.5625,True
simple,-6.25,False,1.09375,True
instruct,-6.25,False,0.0625,True
complex,-6.25,False,1.4375,True
simple,-5.4375,False,1.1875,True
instruct,-5.4375,False,0.375,True
complex,-5.4375,False,1.375,True
simple,-8.3125,False,1.09375,True
instruct,-8.3125,False,0.1875,True
complex,-8.3125,False,1.53125,True
simple,-5.1875,False,1.1875,True
instruct,-5.1875,False,0.1875,True
complex,-5.1875,False,1.3125,True
simple,-19.4375,False,0.875,True
instruct,-19.4375,False,-0.3125,False
complex,-19.4375,False,1.59375,True
simple,-6.0,False,0.9375,True
instruct,-6.0,False,0.0625,True
complex,-6.0,False,1.5,True
simple,-6.5625,False,1.15625,True
instruct,-6.5625,False,-0.125,False
complex,-6.5625,False,1.3125,True
simple,-5.875,False,1.09375,True
instruct,-5.875,False,0.1875,True
complex,-5.875,False,1.34375,True
simple,-5.625,False,1.125,True
instruct,-5.625,False,0.3125,True
complex,-5.625,False,1.34375,True
simple,-7.75,False,1.09375,True
instruct,-7.75,False,0.25,True
complex,-7.75,False,1.21875,True
simple,-20.6875,False,0.84375,True
instruct,-20.6875,False,-0.375,False
complex,-20.6875,False,1.53125,True
simple,-5.9375,False,1.09375,True
instruct,-5.9375,False,0.25,True
complex,-5.9375,False,1.28125,True
simple,-7.6875,False,0.96875,True
instruct,-7.6875,False,0.25,True
complex,-7.6875,False,1.4375,True
simple,-6.0,False,1.0625,True
instruct,-6.0,False,0.125,True
complex,-6.0,False,1.46875,True
simple,-4.9375,False,1.1875,True
instruct,-4.9375,False,0.25,True
complex,-4.9375,False,1.3125,True
simple,-19.25,False,0.75,True
instruct,-19.25,False,-0.25,False
complex,-19.25,False,1.375,True
simple,-6.0,False,1.21875,True
instruct,-6.0,False,0.3125,True
complex,-6.0,False,1.34375,True
simple,-5.875,False,1.09375,True
instruct,-5.875,False,0.0,False
complex,-5.875,False,1.4375,True
simple,-18.375,False,0.8125,True
instruct,-18.375,False,-0.625,False
complex,-18.375,False,1.65625,True
simple,-6.75,False,1.1875,True
instruct,-6.75,False,0.125,True
complex,-6.75,False,1.34375,True
simple,-6.375,False,1.03125,True
instruct,-6.375,False,0.125,True
complex,-6.375,False,1.375,True
simple,-7.9375,False,1.03125,True
instruct,-7.9375,False,0.0625,True
complex,-7.9375,False,1.34375,True
simple,-7.6875,False,0.96875,True
instruct,-7.6875,False,-0.1875,False
complex,-7.6875,False,1.25,True
simple,-7.625,False,1.0625,True
instruct,-7.625,False,-0.0625,False
complex,-7.625,False,1.34375,True
simple,-7.4375,False,1.15625,True
instruct,-7.4375,False,0.375,True
complex,-7.4375,False,1.25,True
simple,-6.125,False,1.3125,True
instruct,-6.125,False,0.375,True
complex,-6.125,False,1.25,True
simple,-6.0625,False,1.09375,True
instruct,-6.0625,False,0.25,True
complex,-6.0625,False,1.5,True
simple,-5.0,False,1.125,True
instruct,-5.0,False,0.1875,True
complex,-5.0,False,1.34375,True
simple,-4.9375,False,1.21875,True
instruct,-4.9375,False,0.1875,True
complex,-4.9375,False,1.4375,True
simple,-7.4375,False,1.1875,True
instruct,-7.4375,False,0.0625,True
complex,-7.4375,False,1.21875,True
simple,-5.875,False,1.03125,True
instruct,-5.875,False,-0.1875,False
complex,-5.875,False,1.34375,True
simple,-7.375,False,1.03125,True
instruct,-7.375,False,0.0625,True
complex,-7.375,False,1.4375,True
simple,-6.875,False,1.0625,True
instruct,-6.875,False,0.1875,True
complex,-6.875,False,1.46875,True
simple,-7.4375,False,1.09375,True
instruct,-7.4375,False,0.1875,True
complex,-7.4375,False,1.3125,True
simple,-8.5625,False,1.0625,True
instruct,-8.5625,False,0.1875,True
complex,-8.5625,False,1.46875,True
simple,-7.375,False,1.09375,True
instruct,-7.375,False,-0.0625,False
complex,-7.375,False,1.21875,True
simple,-5.875,False,1.25,True
instruct,-5.875,False,0.4375,True
complex,-5.875,False,1.34375,True
simple,-6.3125,False,1.0625,True
instruct,-6.3125,False,0.1875,True
complex,-6.3125,False,1.3125,True
simple,-5.8125,False,1.09375,True
instruct,-5.8125,False,0.0625,True
complex,-5.8125,False,1.4375,True
simple,-6.0,False,1.25,True
instruct,-6.0,False,0.125,True
complex,-6.0,False,1.3125,True
simple,-5.375,False,1.15625,True
instruct,-5.375,False,0.0,False
complex,-5.375,False,1.34375,True
simple,-6.5625,False,1.15625,True
instruct,-6.5625,False,0.125,True
complex,-6.5625,False,1.40625,True
simple,-6.3125,False,1.34375,True
instruct,-6.3125,False,0.0,False
complex,-6.3125,False,1.3125,True
simple,-5.5,False,0.96875,True
instruct,-5.5,False,0.25,True
complex,-5.5,False,1.34375,True
simple,-5.875,False,0.875,True
instruct,-5.875,False,0.3125,True
complex,-5.875,False,1.53125,True
simple,-5.4375,False,1.125,True
instruct,-5.4375,False,0.3125,True
complex,-5.4375,False,1.3125,True
simple,-7.625,False,1.15625,True
instruct,-7.625,False,0.3125,True
complex,-7.625,False,1.28125,True
simple,-7.375,False,0.96875,True
instruct,-7.375,False,0.125,True
complex,-7.375,False,1.15625,True
simple,-6.1875,False,1.09375,True
instruct,-6.1875,False,-0.0625,False
complex,-6.1875,False,1.375,True
simple,-7.0,False,1.09375,True
instruct,-7.0,False,0.375,True
complex,-7.0,False,1.3125,True
simple,-6.0625,False,1.09375,True
instruct,-6.0625,False,0.3125,True
complex,-6.0625,False,1.1875,True
simple,-6.9375,False,0.96875,True
instruct,-6.9375,False,0.0,False
complex,-6.9375,False,1.21875,True
simple,-6.75,False,1.0625,True
instruct,-6.75,False,0.125,True
complex,-6.75,False,1.28125,True
simple,-7.625,False,1.09375,True
instruct,-7.625,False,0.3125,True
complex,-7.625,False,1.4375,True
simple,-7.125,False,1.09375,True
instruct,-7.125,False,0.0625,True
complex,-7.125,False,1.28125,True
simple,-6.5,False,1.125,True
instruct,-6.5,False,0.125,True
complex,-6.5,False,1.40625,True
simple,-4.25,False,1.15625,True
instruct,-4.25,False,-0.0625,False
complex,-4.25,False,1.15625,True
simple,-3.625,False,1.15625,True
instruct,-3.625,False,-0.375,False
complex,-3.625,False,1.15625,True
simple,-7.75,False,1.25,True
instruct,-7.75,False,0.1875,True
complex,-7.75,False,1.4375,True
simple,-7.375,False,1.1875,True
instruct,-7.375,False,0.0,False
complex,-7.375,False,1.34375,True
simple,-6.625,False,1.125,True
instruct,-6.625,False,-0.1875,False
complex,-6.625,False,1.25,True
simple,-6.0,False,1.0625,True
instruct,-6.0,False,0.125,True
complex,-6.0,False,1.46875,True
simple,-5.1875,False,1.125,True
instruct,-5.1875,False,-0.125,False
complex,-5.1875,False,1.28125,True
simple,-5.8125,False,1.09375,True
instruct,-5.8125,False,0.0,False
complex,-5.8125,False,1.375,True
simple,-6.0,False,1.03125,True
instruct,-6.0,False,-0.1875,False
complex,-6.0,False,1.09375,True
simple,-5.75,False,1.0625,True
instruct,-5.75,False,-0.125,False
complex,-5.75,False,1.34375,True
simple,-6.375,False,1.1875,True
instruct,-6.375,False,0.375,True
complex,-6.375,False,1.4375,True
simple,-6.5,False,1.21875,True
instruct,-6.5,False,0.1875,True
complex,-6.5,False,1.25,True
simple,-7.6875,False,1.03125,True
instruct,-7.6875,False,0.1875,True
complex,-7.6875,False,1.3125,True
simple,-6.9375,False,1.03125,True
instruct,-6.9375,False,0.0,False
complex,-6.9375,False,1.25,True
simple,-7.75,False,1.125,True
instruct,-7.75,False,0.0625,True
complex,-7.75,False,1.3125,True
simple,-6.4375,False,1.21875,True
instruct,-6.4375,False,0.1875,True
complex,-6.4375,False,1.28125,True
simple,-4.75,False,1.0625,True
instruct,-4.75,False,0.4375,True
complex,-4.75,False,1.5625,True
simple,-4.625,False,1.1875,True
instruct,-4.625,False,0.0,False
complex,-4.625,False,1.1875,True
simple,-6.25,False,0.6875,True
instruct,-6.25,False,-0.4375,False
complex,-6.25,False,1.21875,True
simple,-5.9375,False,0.90625,True
instruct,-5.9375,False,-0.125,False
complex,-5.9375,False,1.15625,True
simple,-5.1875,False,1.21875,True
instruct,-5.1875,False,0.125,True
complex,-5.1875,False,1.25,True
simple,-7.625,False,1.03125,True
instruct,-7.625,False,0.1875,True
complex,-7.625,False,1.40625,True
simple,-4.1875,False,1.0625,True
instruct,-4.1875,False,0.0,False
complex,-4.1875,False,1.0625,True
simple,-6.8125,False,1.03125,True
instruct,-6.8125,False,0.1875,True
complex,-6.8125,False,1.28125,True
simple,-7.75,False,1.0,True
instruct,-7.75,False,-0.3125,False
complex,-7.75,False,1.21875,True
simple,-5.6875,False,1.03125,True
instruct,-5.6875,False,-0.25,False
complex,-5.6875,False,0.90625,True
simple,-5.875,False,1.15625,True
instruct,-5.875,False,0.0625,True
complex,-5.875,False,1.3125,True
simple,-4.6875,False,1.125,True
instruct,-4.6875,False,0.125,True
complex,-4.6875,False,1.03125,True
simple,-6.4375,False,1.0625,True
instruct,-6.4375,False,0.0625,True
complex,-6.4375,False,1.21875,True
simple,-6.6875,False,1.03125,True
instruct,-6.6875,False,-0.0625,False
complex,-6.6875,False,1.21875,True
simple,-6.9375,False,1.3125,True
instruct,-6.9375,False,0.25,True
complex,-6.9375,False,1.375,True
simple,-7.25,False,1.0,True
instruct,-7.25,False,0.25,True
complex,-7.25,False,1.28125,True
simple,-6.6875,False,1.0625,True
instruct,-6.6875,False,0.1875,True
complex,-6.6875,False,1.28125,True
simple,-6.5,False,1.21875,True
instruct,-6.5,False,-0.375,False
complex,-6.5,False,1.53125,True
simple,-7.0,False,1.28125,True
instruct,-7.0,False,-0.25,False
complex,-7.0,False,1.5,True
simple,-6.75,False,1.28125,True
instruct,-6.75,False,-0.3125,False
complex,-6.75,False,1.59375,True
simple,-6.8125,False,1.40625,True
instruct,-6.8125,False,0.0625,True
complex,-6.8125,False,1.4375,True
simple,-5.75,False,1.34375,True
instruct,-5.75,False,-0.125,False
complex,-5.75,False,1.53125,True
simple,-6.1875,False,1.34375,True
instruct,-6.1875,False,-0.375,False
complex,-6.1875,False,1.34375,True
simple,-6.75,False,1.28125,True
instruct,-6.75,False,-0.3125,False
complex,-6.75,False,1.5625,True
simple,-8.0,False,1.40625,True
instruct,-8.0,False,0.0625,True
complex,-8.0,False,1.5,True
simple,-9.0625,False,1.25,True
instruct,-9.0625,False,-0.125,False
complex,-9.0625,False,1.5625,True
simple,-7.6875,False,1.1875,True
instruct,-7.6875,False,-0.4375,False
complex,-7.6875,False,1.46875,True
simple,-6.25,False,1.25,True
instruct,-6.25,False,-0.1875,False
complex,-6.25,False,1.6875,True
simple,-7.0,False,1.25,True
instruct,-7.0,False,-0.1875,False
complex,-7.0,False,1.53125,True
simple,-7.125,False,1.34375,True
instruct,-7.125,False,-0.6875,False
complex,-7.125,False,1.40625,True
simple,-6.625,False,1.375,True
instruct,-6.625,False,-0.25,False
complex,-6.625,False,1.46875,True
simple,-7.375,False,1.34375,True
instruct,-7.375,False,-0.4375,False
complex,-7.375,False,1.40625,True
simple,-7.5,False,1.21875,True
instruct,-7.5,False,-0.3125,False
complex,-7.5,False,1.59375,True
simple,-6.8125,False,1.25,True
instruct,-6.8125,False,-0.4375,False
complex,-6.8125,False,1.5625,True
simple,-5.25,False,1.25,True
instruct,-5.25,False,-0.4375,False
complex,-5.25,False,1.3125,True
simple,-6.25,False,1.21875,True
instruct,-6.25,False,-0.3125,False
complex,-6.25,False,1.34375,True
simple,-6.6875,False,1.125,True
instruct,-6.6875,False,-0.1875,False
complex,-6.6875,False,1.65625,True
simple,-7.0,False,1.21875,True
instruct,-7.0,False,-0.5,False
complex,-7.0,False,1.46875,True
simple,-6.6875,False,1.40625,True
instruct,-6.6875,False,-0.3125,False
complex,-6.6875,False,1.5625,True
simple,-7.6875,False,1.34375,True
instruct,-7.6875,False,-0.25,False
complex,-7.6875,False,1.4375,True
simple,-6.6875,False,1.40625,True
instruct,-6.6875,False,-0.125,False
complex,-6.6875,False,1.34375,True
simple,-6.375,False,1.3125,True
instruct,-6.375,False,0.0,False
complex,-6.375,False,1.65625,True
simple,-5.9375,False,1.3125,True
instruct,-5.9375,False,0.375,True
complex,-5.9375,False,1.59375,True
simple,-6.4375,False,1.28125,True
instruct,-6.4375,False,-0.25,False
complex,-6.4375,False,1.40625,True
simple,-6.375,False,1.34375,True
instruct,-6.375,False,-0.3125,False
complex,-6.375,False,1.5,True
simple,-8.5,False,1.28125,True
instruct,-8.5,False,-0.1875,False
complex,-8.5,False,1.5,True
simple,-5.625,False,1.21875,True
instruct,-5.625,False,-0.4375,False
complex,-5.625,False,1.34375,True
simple,-6.625,False,1.28125,True
instruct,-6.625,False,-0.4375,False
complex,-6.625,False,1.4375,True
simple,-6.3125,False,0.8125,True
instruct,-6.3125,False,-0.1875,False
complex,-6.3125,False,1.53125,True
simple,-7.3125,False,1.1875,True
instruct,-7.3125,False,-0.4375,False
complex,-7.3125,False,1.46875,True
simple,-7.5,False,1.25,True
instruct,-7.5,False,-0.125,False
complex,-7.5,False,1.46875,True
simple,-7.375,False,1.25,True
instruct,-7.375,False,-0.4375,False
complex,-7.375,False,1.59375,True
simple,-7.0625,False,1.25,True
instruct,-7.0625,False,-0.5625,False
complex,-7.0625,False,1.53125,True
simple,-6.25,False,1.25,True
instruct,-6.25,False,-0.25,False
complex,-6.25,False,1.46875,True
simple,-7.375,False,1.25,True
instruct,-7.375,False,-0.125,False
complex,-7.375,False,1.5,True
simple,-7.75,False,1.40625,True
instruct,-7.75,False,-0.3125,False
complex,-7.75,False,1.5,True
simple,-6.875,False,1.34375,True
instruct,-6.875,False,-0.25,False
complex,-6.875,False,1.53125,True
simple,-7.5625,False,1.3125,True
instruct,-7.5625,False,-0.5,False
complex,-7.5625,False,1.4375,True
simple,-7.9375,False,1.375,True
instruct,-7.9375,False,-0.25,False
complex,-7.9375,False,1.46875,True
simple,-5.75,False,1.3125,True
instruct,-5.75,False,-0.375,False
complex,-5.75,False,1.53125,True
simple,-6.8125,False,1.34375,True
instruct,-6.8125,False,-0.1875,False
complex,-6.8125,False,1.4375,True
simple,-7.6875,False,1.21875,True
instruct,-7.6875,False,-0.25,False
complex,-7.6875,False,1.53125,True
simple,-7.4375,False,1.125,True
instruct,-7.4375,False,-0.5625,False
complex,-7.4375,False,1.4375,True
simple,-7.75,False,1.25,True
instruct,-7.75,False,-0.75,False
complex,-7.75,False,1.46875,True
simple,-7.6875,False,1.1875,True
instruct,-7.6875,False,-0.75,False
complex,-7.6875,False,1.375,True
simple,-7.5625,False,1.28125,True
instruct,-7.5625,False,-0.375,False
complex,-7.5625,False,1.34375,True
simple,-7.125,False,1.125,True
instruct,-7.125,False,-0.5,False
complex,-7.125,False,1.4375,True
simple,-6.8125,False,1.28125,True
instruct,-6.8125,False,-0.0625,False
complex,-6.8125,False,1.5,True
simple,-6.8125,False,1.34375,True
instruct,-6.8125,False,-0.25,False
complex,-6.8125,False,1.4375,True
simple,-7.75,False,1.21875,True
instruct,-7.75,False,0.0,False
complex,-7.75,False,1.375,True
simple,-6.5625,False,0.96875,True
instruct,-6.5625,False,-0.5625,False
complex,-6.5625,False,1.53125,True
simple,-6.9375,False,1.1875,True
instruct,-6.9375,False,-0.5625,False
complex,-6.9375,False,1.34375,True
simple,-6.8125,False,0.78125,True
instruct,-6.8125,False,0.125,True
complex,-6.8125,False,1.40625,True
simple,-6.5625,False,0.84375,True
instruct,-6.5625,False,-0.1875,False
complex,-6.5625,False,1.46875,True
simple,-4.75,False,1.0625,True
instruct,-4.75,False,-0.3125,False
complex,-4.75,False,1.4375,True
simple,-5.6875,False,1.09375,True
instruct,-5.6875,False,0.0625,True
complex,-5.6875,False,1.53125,True
simple,-5.5625,False,1.03125,True
instruct,-5.5625,False,-0.125,False
complex,-5.5625,False,1.5625,True
simple,-6.375,False,1.1875,True
instruct,-6.375,False,-0.1875,False
complex,-6.375,False,1.59375,True
simple,-5.0,False,1.15625,True
instruct,-5.0,False,-0.0625,False
complex,-5.0,False,1.5,True
simple,-6.6875,False,1.125,True
instruct,-6.6875,False,-0.1875,False
complex,-6.6875,False,1.65625,True
simple,-6.0625,False,1.15625,True
instruct,-6.0625,False,-0.3125,False
complex,-6.0625,False,1.5,True
simple,-5.0,False,1.15625,True
instruct,-5.0,False,-0.21875,False
complex,-5.0,False,1.4375,True
simple,-4.0,False,1.09375,True
instruct,-4.0,False,-0.25,False
complex,-4.0,False,1.4375,True
simple,-3.8125,False,1.0625,True
instruct,-3.8125,False,-0.1875,False
complex,-3.8125,False,1.46875,True
simple,-4.9375,False,1.25,True
instruct,-4.9375,False,0.125,True
complex,-4.9375,False,1.59375,True
simple,-8.75,False,1.25,True
instruct,-8.75,False,-0.1875,False
complex,-8.75,False,1.375,True
simple,-5.25,False,1.1875,True
instruct,-5.25,False,-0.3125,False
complex,-5.25,False,1.625,True
simple,-5.5625,False,1.125,True
instruct,-5.5625,False,-0.0625,False
complex,-5.5625,False,1.46875,True
simple,-6.625,False,1.28125,True
instruct,-6.625,False,-0.0625,False
complex,-6.625,False,1.59375,True
simple,-7.4375,False,1.09375,True
instruct,-7.4375,False,-0.0625,False
complex,-7.4375,False,1.40625,True
simple,-7.875,False,1.15625,True
instruct,-7.875,False,-0.125,False
complex,-7.875,False,1.53125,True
simple,-6.125,False,1.15625,True
instruct,-6.125,False,0.0,False
complex,-6.125,False,1.625,True
simple,-4.875,False,0.9375,True
instruct,-4.875,False,-0.125,False
complex,-4.875,False,1.3125,True
simple,-5.0,False,1.125,True
instruct,-5.0,False,0.125,True
complex,-5.0,False,1.46875,True
simple,-6.625,False,0.78125,True
instruct,-6.625,False,-0.4375,False
complex,-6.625,False,1.40625,True
simple,-6.75,False,1.1875,True
instruct,-6.75,False,0.0,False
complex,-6.75,False,1.53125,True
simple,-5.625,False,1.125,True
instruct,-5.625,False,-0.375,False
complex,-5.625,False,1.59375,True
simple,-7.125,False,1.21875,True
instruct,-7.125,False,0.0,False
complex,-7.125,False,1.59375,True
simple,-7.1875,False,1.1875,True
instruct,-7.1875,False,0.1875,True
complex,-7.1875,False,1.46875,True
simple,-6.9375,False,1.125,True
instruct,-6.9375,False,-0.0625,False
complex,-6.9375,False,1.46875,True
simple,-7.0,False,1.3125,True
instruct,-7.0,False,0.0625,True
complex,-7.0,False,1.5625,True
simple,-6.1875,False,1.15625,True
instruct,-6.1875,False,-0.1875,False
complex,-6.1875,False,1.5625,True
simple,-5.75,False,1.28125,True
instruct,-5.75,False,-0.125,False
complex,-5.75,False,1.40625,True
simple,-6.25,False,1.03125,True
instruct,-6.25,False,0.125,True
complex,-6.25,False,1.59375,True
simple,-5.25,False,1.21875,True
instruct,-5.25,False,-0.125,False
complex,-5.25,False,1.5,True
simple,-5.9375,False,1.09375,True
instruct,-5.9375,False,-0.375,False
complex,-5.9375,False,1.40625,True
simple,-4.6875,False,1.28125,True
instruct,-4.6875,False,0.1875,True
complex,-4.6875,False,1.625,True
simple,-6.0,False,0.78125,True
instruct,-6.0,False,-0.125,False
complex,-6.0,False,1.46875,True
simple,-7.875,False,1.40625,True
instruct,-7.875,False,-0.3125,False
complex,-7.875,False,1.65625,True
simple,-7.25,False,1.28125,True
instruct,-7.25,False,0.0,False
complex,-7.25,False,1.65625,True
simple,-7.375,False,1.40625,True
instruct,-7.375,False,-0.25,False
complex,-7.375,False,1.46875,True
simple,-7.75,False,0.9375,True
instruct,-7.75,False,-0.5,False
complex,-7.75,False,1.5,True
simple,-5.5,False,0.90625,True
instruct,-5.5,False,0.0,False
complex,-5.5,False,1.3125,True
simple,-5.5,False,0.875,True
instruct,-5.5,False,-0.125,False
complex,-5.5,False,1.375,True
simple,-4.75,False,1.125,True
instruct,-4.75,False,-0.3125,False
complex,-4.75,False,1.40625,True
simple,-5.875,False,1.15625,True
instruct,-5.875,False,0.0625,True
complex,-5.875,False,1.59375,True
simple,-5.3125,False,1.21875,True
instruct,-5.3125,False,-0.0625,False
complex,-5.3125,False,1.5625,True
simple,-1.8125,False,1.3125,True
instruct,-1.8125,False,-0.0625,False
complex,-1.8125,False,1.375,True
simple,-3.9375,False,1.28125,True
instruct,-3.9375,False,-0.1875,False
complex,-3.9375,False,1.5,True
simple,-5.25,False,1.34375,True
instruct,-5.25,False,-0.25,False
complex,-5.25,False,1.65625,True
simple,-1.625,False,1.34375,True
instruct,-1.625,False,0.3125,True
complex,-1.625,False,1.1875,True
simple,-5.1875,False,1.25,True
instruct,-5.1875,False,-0.125,False
complex,-5.1875,False,1.34375,True
simple,-2.9375,False,1.375,True
instruct,-2.9375,False,0.125,True
complex,-2.9375,False,1.375,True
simple,-3.125,False,1.21875,True
instruct,-3.125,False,0.1875,True
complex,-3.125,False,1.25,True
simple,-2.625,False,1.40625,True
instruct,-2.625,False,0.5625,True
complex,-2.625,False,1.25,True
simple,-2.5,False,1.1875,True
instruct,-2.5,False,-0.125,False
complex,-2.5,False,1.4375,True
simple,-3.25,False,1.40625,True
instruct,-3.25,False,-0.0625,False
complex,-3.25,False,1.40625,True
simple,-2.75,False,1.28125,True
instruct,-2.75,False,-0.0625,False
complex,-2.75,False,1.28125,True
simple,-4.0,False,1.21875,True
instruct,-4.0,False,0.0,False
complex,-4.0,False,1.5,True
simple,-4.625,False,1.21875,True
instruct,-4.625,False,-0.125,False
complex,-4.625,False,1.375,True
simple,-3.625,False,1.1875,True
instruct,-3.625,False,0.0,False
complex,-3.625,False,1.1875,True
simple,-5.125,False,1.25,True
instruct,-5.125,False,0.0,False
complex,-5.125,False,1.40625,True
simple,-4.25,False,1.125,True
instruct,-4.25,False,0.125,True
complex,-4.25,False,1.34375,True
simple,-5.3125,False,1.1875,True
instruct,-5.3125,False,-0.25,False
complex,-5.3125,False,1.4375,True
simple,-4.0,False,1.28125,True
instruct,-4.0,False,0.0,False
complex,-4.0,False,1.25,True
simple,-3.25,False,1.1875,True
instruct,-3.25,False,-0.1875,False
complex,-3.25,False,1.34375,True
simple,-3.25,False,1.28125,True
instruct,-3.25,False,0.25,True
complex,-3.25,False,1.375,True
simple,-5.25,False,1.0625,True
instruct,-5.25,False,-0.0625,False
complex,-5.25,False,1.53125,True
simple,-3.75,False,1.125,True
instruct,-3.75,False,-0.125,False
complex,-3.75,False,1.5,True
simple,-4.25,False,1.15625,True
instruct,-4.25,False,0.0,False
complex,-4.25,False,1.4375,True
simple,-4.125,False,1.3125,True
instruct,-4.125,False,-0.125,False
complex,-4.125,False,1.3125,True
simple,-4.375,False,1.1875,True
instruct,-4.375,False,-0.3125,False
complex,-4.375,False,1.25,True
simple,-5.625,False,1.125,True
instruct,-5.625,False,0.0625,True
complex,-5.625,False,1.375,True
simple,-3.5,False,1.28125,True
instruct,-3.5,False,0.0,False
complex,-3.5,False,1.3125,True
simple,-2.4375,False,1.28125,True
instruct,-2.4375,False,-0.0625,False
complex,-2.4375,False,1.3125,True
simple,-4.125,False,1.25,True
instruct,-4.125,False,-0.0625,False
complex,-4.125,False,1.3125,True
simple,-4.0,False,1.15625,True
instruct,-4.0,False,0.0625,True
complex,-4.0,False,1.40625,True
simple,-4.5,False,1.3125,True
instruct,-4.5,False,-0.25,False
complex,-4.5,False,1.4375,True
simple,-4.0625,False,1.25,True
instruct,-4.0625,False,-0.1875,False
complex,-4.0625,False,1.1875,True
simple,-4.25,False,1.1875,True
instruct,-4.25,False,0.0625,True
complex,-4.25,False,1.5,True
simple,-3.875,False,1.40625,True
instruct,-3.875,False,-0.25,False
complex,-3.875,False,1.46875,True
simple,-1.375,False,1.28125,True
instruct,-1.375,False,-0.0625,False
complex,-1.375,False,1.28125,True
simple,-5.625,False,1.34375,True
instruct,-5.625,False,0.1875,True
complex,-5.625,False,1.375,True
simple,-5.625,False,1.21875,True
instruct,-5.625,False,-0.125,False
complex,-5.625,False,1.40625,True
simple,-6.125,False,1.1875,True
instruct,-6.125,False,0.1875,True
complex,-6.125,False,1.46875,True
simple,-3.0,False,1.125,True
instruct,-3.0,False,-0.0625,False
complex,-3.0,False,1.0,True
simple,-4.25,False,1.21875,True
instruct,-4.25,False,-0.0625,False
complex,-4.25,False,1.53125,True
simple,-3.75,False,1.125,True
instruct,-3.75,False,0.0625,True
complex,-3.75,False,1.375,True
simple,-5.125,False,1.1875,True
instruct,-5.125,False,0.0,False
complex,-5.125,False,1.1875,True
simple,-2.5,False,1.1875,True
instruct,-2.5,False,-0.1875,False
complex,-2.5,False,1.25,True
simple,-4.375,False,1.15625,True
instruct,-4.375,False,-0.0625,False
complex,-4.375,False,1.40625,True
simple,-5.875,False,1.21875,True
instruct,-5.875,False,-0.3125,False
complex,-5.875,False,1.15625,True
simple,-4.25,False,1.1875,True
instruct,-4.25,False,0.0,False
complex,-4.25,False,1.34375,True
simple,-4.5,False,1.15625,True
instruct,-4.5,False,0.1875,True
complex,-4.5,False,1.15625,True
simple,-6.5,False,0.96875,True
instruct,-6.5,False,0.0625,True
complex,-6.5,False,1.25,True
simple,-2.625,False,1.21875,True
instruct,-2.625,False,0.25,True
complex,-2.625,False,1.28125,True
simple,-3.875,False,1.125,True
instruct,-3.875,False,0.125,True
complex,-3.875,False,1.25,True
simple,-3.5,False,1.09375,True
instruct,-3.5,False,0.1875,True
complex,-3.5,False,1.34375,True
simple,-4.375,False,1.09375,True
instruct,-4.375,False,0.1875,True
complex,-4.375,False,0.9375,True
simple,-3.375,False,1.1875,True
instruct,-3.375,False,-0.0625,False
complex,-3.375,False,1.15625,True
simple,-2.75,False,1.125,True
instruct,-2.75,False,0.25,True
complex,-2.75,False,0.9375,True
simple,-3.625,False,1.15625,True
instruct,-3.625,False,0.0,False
complex,-3.625,False,1.25,True
simple,-3.875,False,1.125,True
instruct,-3.875,False,0.0625,True
complex,-3.875,False,1.125,True
simple,-5.25,False,1.0,True
instruct,-5.25,False,0.3125,True
complex,-5.25,False,1.28125,True
simple,-2.75,False,1.28125,True
instruct,-2.75,False,0.1875,True
complex,-2.75,False,1.09375,True
simple,-3.625,False,1.25,True
instruct,-3.625,False,0.0625,True
complex,-3.625,False,1.03125,True
simple,-4.0,False,1.15625,True
instruct,-4.0,False,0.0625,True
complex,-4.0,False,1.5,True
simple,-2.25,False,1.375,True
instruct,-2.25,False,0.1875,True
complex,-2.25,False,1.28125,True
simple,-2.875,False,1.25,True
instruct,-2.875,False,-0.125,False
complex,-2.875,False,1.46875,True
simple,-3.25,False,1.34375,True
instruct,-3.25,False,0.375,True
complex,-3.25,False,1.3125,True
simple,-4.125,False,1.0625,True
instruct,-4.125,False,-0.0625,False
complex,-4.125,False,1.15625,True
simple,-6.125,False,1.09375,True
instruct,-6.125,False,-0.0625,False
complex,-6.125,False,1.59375,True
simple,-3.125,False,1.15625,True
instruct,-3.125,False,-0.125,False
complex,-3.125,False,1.15625,True
simple,-6.25,False,1.25,True
instruct,-6.25,False,-0.25,False
complex,-6.25,False,1.34375,True
simple,-4.625,False,1.125,True
instruct,-4.625,False,0.0,False
complex,-4.625,False,1.53125,True
simple,-3.125,False,1.25,True
instruct,-3.125,False,0.1875,True
complex,-3.125,False,1.28125,True
simple,-3.5625,False,1.1875,True
instruct,-3.5625,False,0.0625,True
complex,-3.5625,False,1.375,True
simple,-5.25,False,1.125,True
instruct,-5.25,False,-0.1875,False
complex,-5.25,False,1.25,True
simple,-2.125,False,1.46875,True
instruct,-2.125,False,0.1875,True
complex,-2.125,False,1.03125,True
simple,-3.375,False,1.28125,True
instruct,-3.375,False,-0.25,False
complex,-3.375,False,1.0,True
simple,-3.0,False,1.1875,True
instruct,-3.0,False,0.0,False
complex,-3.0,False,1.0625,True
simple,-4.25,False,1.1875,True
instruct,-4.25,False,0.125,True
complex,-4.25,False,1.25,True
simple,-5.125,False,1.21875,True
instruct,-5.125,False,0.0,False
complex,-5.125,False,1.125,True
simple,-3.75,False,1.1875,True
instruct,-3.75,False,-0.3125,False
complex,-3.75,False,1.4375,True
simple,-4.75,False,1.0625,True
instruct,-4.75,False,-0.1875,False
complex,-4.75,False,1.34375,True
simple,-1.125,False,1.125,True
instruct,-1.125,False,0.0,False
complex,-1.125,False,1.21875,True
simple,-4.75,False,0.96875,True
instruct,-4.75,False,-0.0625,False
complex,-4.75,False,1.375,True
simple,-4.875,False,1.09375,True
instruct,-4.875,False,-0.125,False
complex,-4.875,False,1.34375,True
simple,-4.75,False,0.9375,True
instruct,-4.75,False,0.3125,True
complex,-4.75,False,1.375,True
simple,-6.5,False,1.09375,True
instruct,-6.5,False,0.1875,True
complex,-6.5,False,0.9375,True
simple,-2.875,False,1.1875,True
instruct,-2.875,False,0.1875,True
complex,-2.875,False,1.4375,True
simple,-3.25,False,1.3125,True
instruct,-3.25,False,0.0625,True
complex,-3.25,False,1.53125,True
simple,-6.0625,False,1.28125,True
instruct,-6.0625,False,-0.1875,False
complex,-6.0625,False,0.8125,True
simple,-5.75,False,1.21875,True
instruct,-5.75,False,-0.125,False
complex,-5.75,False,1.40625,True
simple,-2.75,False,1.03125,True
instruct,-2.75,False,-0.25,False
complex,-2.75,False,1.34375,True
simple,-4.25,False,1.15625,True
instruct,-4.25,False,0.1875,True
complex,-4.25,False,1.09375,True
simple,-5.125,False,1.0,True
instruct,-5.125,False,0.0625,True
complex,-5.125,False,1.15625,True
simple,-3.625,False,0.96875,True
instruct,-3.625,False,0.125,True
complex,-3.625,False,1.375,True
simple,-2.5,False,1.1875,True
instruct,-2.5,False,0.1875,True
complex,-2.5,False,1.21875,True
simple,-18.0,False,1.1875,True
instruct,-18.0,False,0.1875,True
complex,-18.0,False,1.4375,True
simple,-3.25,False,1.09375,True
instruct,-3.25,False,0.4375,True
complex,-3.25,False,1.15625,True
simple,-3.0,False,1.25,True
instruct,-3.0,False,0.125,True
complex,-3.0,False,1.15625,True
simple,-4.4375,False,1.375,True
instruct,-4.4375,False,0.3125,True
complex,-4.4375,False,1.0625,True
simple,-1.125,False,1.25,True
instruct,-1.125,False,-0.1875,False
complex,-1.125,False,1.09375,True
simple,-2.25,False,1.46875,True
instruct,-2.25,False,0.5,True
complex,-2.25,False,1.0625,True
simple,-3.75,False,1.34375,True
instruct,-3.75,False,0.25,True
complex,-3.75,False,1.4375,True
simple,-2.5,False,1.125,True
instruct,-2.5,False,0.0625,True
complex,-2.5,False,1.34375,True
simple,-5.6875,False,1.15625,True
instruct,-5.6875,False,0.1875,True
complex,-5.6875,False,1.375,True
simple,-6.4375,False,1.21875,True
instruct,-6.4375,False,-0.0625,False
complex,-6.4375,False,1.3125,True
simple,-5.75,False,1.28125,True
instruct,-5.75,False,0.125,True
complex,-5.75,False,1.40625,True
simple,-5.375,False,1.28125,True
instruct,-5.375,False,-0.125,False
complex,-5.375,False,1.1875,True
simple,-6.375,False,1.09375,True
instruct,-6.375,False,0.0,False
complex,-6.375,False,1.40625,True
simple,-5.5625,False,1.21875,True
instruct,-5.5625,False,-0.0625,False
complex,-5.5625,False,1.375,True
simple,-7.3125,False,1.125,True
instruct,-7.3125,False,0.1875,True
complex,-7.3125,False,1.4375,True
simple,-3.9375,False,1.15625,True
instruct,-3.9375,False,0.1875,True
complex,-3.9375,False,1.34375,True
simple,-8.125,False,1.0625,True
instruct,-8.125,False,0.25,True
complex,-8.125,False,1.40625,True
simple,-6.125,False,1.25,True
instruct,-6.125,False,0.0625,True
complex,-6.125,False,1.3125,True
simple,-5.3125,False,1.0,True
instruct,-5.3125,False,0.0625,True
complex,-5.3125,False,1.4375,True
simple,-6.1875,False,1.25,True
instruct,-6.1875,False,0.0,False
complex,-6.1875,False,1.21875,True
simple,-5.3125,False,1.1875,True
instruct,-5.3125,False,0.0,False
complex,-5.3125,False,1.15625,True
simple,-6.5625,False,1.28125,True
instruct,-6.5625,False,0.1875,True
complex,-6.5625,False,1.40625,True
simple,-6.375,False,1.125,True
instruct,-6.375,False,-0.1875,False
complex,-6.375,False,1.25,True
simple,-7.25,False,1.1875,True
instruct,-7.25,False,0.25,True
complex,-7.25,False,1.59375,True
simple,-4.8125,False,1.125,True
instruct,-4.8125,False,-0.5,False
complex,-4.8125,False,1.0,True
simple,-4.8125,False,1.28125,True
instruct,-4.8125,False,-0.125,False
complex,-4.8125,False,1.34375,True
simple,-7.0625,False,1.125,True
instruct,-7.0625,False,0.25,True
complex,-7.0625,False,1.34375,True
simple,-8.4375,False,1.375,True
instruct,-8.4375,False,0.0625,True
complex,-8.4375,False,1.15625,True
simple,-6.875,False,1.0,True
instruct,-6.875,False,0.0,False
complex,-6.875,False,1.375,True
simple,-5.125,False,1.1875,True
instruct,-5.125,False,0.0625,True
complex,-5.125,False,1.3125,True
simple,-7.75,False,1.15625,True
instruct,-7.75,False,0.3125,True
complex,-7.75,False,1.3125,True
simple,-4.9375,False,1.25,True
instruct,-4.9375,False,0.0625,True
complex,-4.9375,False,1.25,True
simple,-7.25,False,1.15625,True
instruct,-7.25,False,0.375,True
complex,-7.25,False,1.375,True
simple,-4.5,False,1.21875,True
instruct,-4.5,False,0.375,True
complex,-4.5,False,1.3125,True
simple,-5.6875,False,1.21875,True
instruct,-5.6875,False,-0.1875,False
complex,-5.6875,False,1.09375,True
simple,-6.125,False,1.09375,True
instruct,-6.125,False,0.0,False
complex,-6.125,False,1.4375,True
simple,-4.25,False,1.28125,True
instruct,-4.25,False,0.25,True
complex,-4.25,False,1.28125,True
simple,-6.0625,False,1.1875,True
instruct,-6.0625,False,0.0625,True
complex,-6.0625,False,1.1875,True
simple,-5.125,False,1.09375,True
instruct,-5.125,False,0.3125,True
complex,-5.125,False,1.3125,True
simple,-5.5625,False,1.1875,True
instruct,-5.5625,False,-0.0625,False
complex,-5.5625,False,1.4375,True
simple,-4.4375,False,1.1875,True
instruct,-4.4375,False,0.25,True
complex,-4.4375,False,1.4375,True
simple,-6.75,False,0.96875,True
instruct,-6.75,False,0.4375,True
complex,-6.75,False,1.25,True
simple,-5.0,False,1.375,True
instruct,-5.0,False,0.3125,True
complex,-5.0,False,1.40625,True
simple,-5.125,False,1.09375,True
instruct,-5.125,False,0.0625,True
complex,-5.125,False,1.25,True
simple,-5.9375,False,1.1875,True
instruct,-5.9375,False,0.1875,True
complex,-5.9375,False,1.40625,True
simple,-5.0,False,1.1875,True
instruct,-5.0,False,0.0,False
complex,-5.0,False,1.125,True
simple,-5.3125,False,0.96875,True
instruct,-5.3125,False,0.0625,True
complex,-5.3125,False,1.25,True
simple,-5.1875,False,1.15625,True
instruct,-5.1875,False,-0.0625,False
complex,-5.1875,False,1.28125,True
simple,-4.375,False,1.15625,True
instruct,-4.375,False,0.0,False
complex,-4.375,False,1.34375,True
simple,-5.0625,False,0.9375,True
instruct,-5.0625,False,0.1875,True
complex,-5.0625,False,1.34375,True
simple,-6.9375,False,1.21875,True
instruct,-6.9375,False,-0.3125,False
complex,-6.9375,False,1.125,True
simple,-6.375,False,1.0625,True
instruct,-6.375,False,0.375,True
complex,-6.375,False,1.1875,True
simple,-6.625,False,1.03125,True
instruct,-6.625,False,-0.0625,False
complex,-6.625,False,1.3125,True
simple,-7.375,False,1.21875,True
instruct,-7.375,False,-0.5,False
complex,-7.375,False,1.09375,True
simple,-5.5625,False,1.21875,True
instruct,-5.5625,False,0.0,False
complex,-5.5625,False,1.28125,True
simple,-7.0625,False,1.21875,True
instruct,-7.0625,False,-0.1875,False
complex,-7.0625,False,1.25,True
simple,-5.9375,False,1.0,True
instruct,-5.9375,False,-0.125,False
complex,-5.9375,False,1.375,True
simple,-6.5625,False,1.125,True
instruct,-6.5625,False,-0.5,False
complex,-6.5625,False,1.125,True
simple,-4.6875,False,1.0,True
instruct,-4.6875,False,0.1875,True
complex,-4.6875,False,1.28125,True
simple,-5.375,False,1.0625,True
instruct,-5.375,False,0.0,False
complex,-5.375,False,1.125,True
simple,-5.625,False,1.09375,True
instruct,-5.625,False,0.0,False
complex,-5.625,False,1.3125,True
simple,-6.6875,False,0.9375,True
instruct,-6.6875,False,0.25,True
complex,-6.6875,False,1.28125,True
simple,-8.0625,False,1.28125,True
instruct,-8.0625,False,0.0625,True
complex,-8.0625,False,1.15625,True
simple,-6.4375,False,1.15625,True
instruct,-6.4375,False,-0.125,False
complex,-6.4375,False,1.3125,True
simple,-9.8125,False,1.5,True
instruct,-9.8125,False,0.4375,True
complex,-9.8125,False,1.25,True
simple,-5.0625,False,1.15625,True
instruct,-5.0625,False,0.125,True
complex,-5.0625,False,1.34375,True
simple,-5.0,False,0.96875,True
instruct,-5.0,False,0.5,True
complex,-5.0,False,1.3125,True
simple,-5.9375,False,1.0625,True
instruct,-5.9375,False,-0.1875,False
complex,-5.9375,False,1.125,True
simple,-5.25,False,1.09375,True
instruct,-5.25,False,-0.0625,False
complex,-5.25,False,1.3125,True
simple,-3.75,False,1.0,True
instruct,-3.75,False,0.125,True
complex,-3.75,False,1.5625,True
simple,-6.625,False,0.96875,True
instruct,-6.625,False,-0.25,False
complex,-6.625,False,1.28125,True
simple,-7.6875,False,1.15625,True
instruct,-7.6875,False,0.25,True
complex,-7.6875,False,1.28125,True
simple,-5.125,False,1.03125,True
instruct,-5.125,False,-0.4375,False
complex,-5.125,False,1.21875,True
simple,-5.1875,False,1.25,True
instruct,-5.1875,False,-0.3125,False
complex,-5.1875,False,1.1875,True
simple,-3.3125,False,1.25,True
instruct,-3.3125,False,0.25,True
complex,-3.3125,False,1.5,True
simple,-7.3125,False,1.125,True
instruct,-7.3125,False,-0.25,False
complex,-7.3125,False,1.25,True
simple,-5.9375,False,1.03125,True
instruct,-5.9375,False,0.0625,True
complex,-5.9375,False,1.3125,True
simple,-5.875,False,1.03125,True
instruct,-5.875,False,-0.25,False
complex,-5.875,False,1.125,True
simple,-6.8125,False,1.09375,True
instruct,-6.8125,False,-0.5,False
complex,-6.8125,False,1.3125,True
simple,-6.8125,False,1.1875,True
instruct,-6.8125,False,-0.1875,False
complex,-6.8125,False,1.15625,True
simple,-6.8125,False,1.15625,True
instruct,-6.8125,False,-0.1875,False
complex,-6.8125,False,1.25,True
simple,-5.625,False,1.0,True
instruct,-5.625,False,0.0,False
complex,-5.625,False,1.34375,True
simple,-5.5,False,1.09375,True
instruct,-5.5,False,-0.125,False
complex,-5.5,False,1.0625,True
simple,-6.8125,False,1.1875,True
instruct,-6.8125,False,0.25,True
complex,-6.8125,False,1.34375,True
simple,-5.875,False,1.0,True
instruct,-5.875,False,-0.1875,False
complex,-5.875,False,1.34375,True
simple,-6.9375,False,0.96875,True
instruct,-6.9375,False,-0.0625,False
complex,-6.9375,False,1.125,True
simple,-5.0625,False,1.25,True
instruct,-5.0625,False,-0.3125,False
complex,-5.0625,False,1.1875,True
simple,-6.1875,False,1.28125,True
instruct,-6.1875,False,0.0625,True
complex,-6.1875,False,1.21875,True
simple,-4.9375,False,1.03125,True
instruct,-4.9375,False,0.1875,True
complex,-4.9375,False,1.28125,True
simple,-7.75,False,1.1875,True
instruct,-7.75,False,0.0625,True
complex,-7.75,False,1.25,True
simple,-7.625,False,0.96875,True
instruct,-7.625,False,-0.125,False
complex,-7.625,False,1.3125,True
simple,-6.1875,False,1.375,True
instruct,-6.1875,False,-0.0625,False
complex,-6.1875,False,1.15625,True
simple,-8.125,False,1.125,True
instruct,-8.125,False,0.3125,True
complex,-8.125,False,1.40625,True
simple,-6.4375,False,1.1875,True
instruct,-6.4375,False,0.25,True
complex,-6.4375,False,1.40625,True
simple,-4.875,False,0.96875,True
instruct,-4.875,False,-0.0625,False
complex,-4.875,False,1.3125,True
simple,-7.625,False,1.09375,True
instruct,-7.625,False,-0.1875,False
complex,-7.625,False,1.25,True
simple,-7.9375,False,1.0625,True
instruct,-7.9375,False,-0.3125,False
complex,-7.9375,False,1.1875,True
simple,-6.3125,False,1.0625,True
instruct,-6.3125,False,0.0,False
complex,-6.3125,False,1.125,True
simple,-4.9375,False,1.03125,True
instruct,-4.9375,False,0.125,True
complex,-4.9375,False,1.125,True
simple,-7.3125,False,0.75,True
instruct,-7.3125,False,-0.0625,False
complex,-7.3125,False,1.3125,True
simple,-6.3125,False,1.125,True
instruct,-6.3125,False,0.0625,True
complex,-6.3125,False,1.28125,True
simple,-6.25,False,1.0,True
instruct,-6.25,False,-0.25,False
complex,-6.25,False,1.28125,True
simple,-5.875,False,1.125,True
instruct,-5.875,False,-0.25,False
complex,-5.875,False,0.9375,True
simple,-5.8125,False,1.1875,True
instruct,-5.8125,False,0.3125,True
complex,-5.8125,False,1.375,True
simple,-6.875,False,1.125,True
instruct,-6.875,False,0.0625,True
complex,-6.875,False,1.28125,True
simple,-4.4375,False,0.96875,True
instruct,-4.4375,False,0.1875,True
complex,-4.4375,False,1.375,True
simple,-9.3125,False,1.03125,True
instruct,-9.3125,False,0.25,True
complex,-9.3125,False,1.1875,True
simple,-6.125,False,1.0,True
instruct,-6.125,False,0.0625,True
complex,-6.125,False,1.25,True
simple,-7.1875,False,1.28125,True
instruct,-7.1875,False,-0.125,False
complex,-7.1875,False,1.59375,True
simple,-8.15625,False,1.4375,True
instruct,-8.15625,False,0.0625,True
complex,-8.15625,False,1.5625,True
simple,-6.0625,False,1.28125,True
instruct,-6.0625,False,-0.25,False
complex,-6.0625,False,1.3125,True
simple,-7.5,False,1.21875,True
instruct,-7.5,False,-0.3125,False
complex,-7.5,False,1.21875,True
simple,-5.5,False,1.53125,True
instruct,-5.5,False,0.0625,True
complex,-5.5,False,1.28125,True
simple,-8.15625,False,1.53125,True
instruct,-8.15625,False,0.0625,True
complex,-8.15625,False,1.5,True
simple,-5.125,False,1.375,True
instruct,-5.125,False,-0.0625,False
complex,-5.125,False,1.59375,True
simple,-8.40625,False,1.28125,True
instruct,-8.40625,False,-0.3125,False
complex,-8.40625,False,1.15625,True
simple,-10.09375,False,1.46875,True
instruct,-10.09375,False,-0.25,False
complex,-10.09375,False,1.46875,True
simple,-7.0625,False,1.25,True
instruct,-7.0625,False,-0.125,False
complex,-7.0625,False,1.5,True
simple,-8.4375,False,1.34375,True
instruct,-8.4375,False,-0.125,False
complex,-8.4375,False,1.3125,True
simple,-9.5625,False,1.0625,True
instruct,-9.5625,False,-0.5625,False
complex,-9.5625,False,1.1875,True
simple,-6.875,False,1.1875,True
instruct,-6.875,False,0.0,False
complex,-6.875,False,1.4375,True
simple,-7.4375,False,1.46875,True
instruct,-7.4375,False,-0.125,False
complex,-7.4375,False,1.34375,True
simple,-8.3125,False,1.15625,True
instruct,-8.3125,False,-0.3125,False
complex,-8.3125,False,1.46875,True
simple,-8.5,False,1.4375,True
instruct,-8.5,False,-0.25,False
complex,-8.5,False,1.59375,True
simple,-7.8125,False,1.15625,True
instruct,-7.8125,False,0.0625,True
complex,-7.8125,False,1.6875,True
simple,-10.1875,False,1.46875,True
instruct,-10.1875,False,-0.0625,False
complex,-10.1875,False,1.53125,True
simple,-5.0625,False,1.375,True
instruct,-5.0625,False,-0.1875,False
complex,-5.0625,False,1.3125,True
simple,-7.4375,False,1.25,True
instruct,-7.4375,False,-0.25,False
complex,-7.4375,False,1.4375,True
simple,-5.0,False,1.09375,True
instruct,-5.0,False,0.0625,True
complex,-5.0,False,1.40625,True
simple,-7.3125,False,1.375,True
instruct,-7.3125,False,-0.1875,False
complex,-7.3125,False,1.21875,True
simple,-8.625,False,1.28125,True
instruct,-8.625,False,0.1875,True
complex,-8.625,False,1.4375,True
simple,-5.0625,False,1.25,True
instruct,-5.0625,False,-0.0625,False
complex,-5.0625,False,1.3125,True
simple,-8.875,False,1.3125,True
instruct,-8.875,False,-0.0625,False
complex,-8.875,False,1.5,True
simple,-3.625,False,1.4375,True
instruct,-3.625,False,-0.1875,False
complex,-3.625,False,1.3125,True
simple,-8.75,False,1.34375,True
instruct,-8.75,False,-0.1875,False
complex,-8.75,False,1.28125,True
simple,-5.25,False,1.28125,True
instruct,-5.25,False,-0.125,False
complex,-5.25,False,1.375,True
simple,-9.3125,False,1.15625,True
instruct,-9.3125,False,0.0,False
complex,-9.3125,False,1.28125,True
simple,-8.25,False,1.25,True
instruct,-8.25,False,0.125,True
complex,-8.25,False,1.40625,True
simple,-5.6875,False,1.3125,True
instruct,-5.6875,False,0.0,False
complex,-5.6875,False,1.15625,True
simple,-4.1875,False,1.28125,True
instruct,-4.1875,False,-0.25,False
complex,-4.1875,False,1.40625,True
simple,-6.0,False,1.25,True
instruct,-6.0,False,0.3125,True
complex,-6.0,False,1.40625,True
simple,-8.4375,False,1.4375,True
instruct,-8.4375,False,-0.1875,False
complex,-8.4375,False,1.25,True
simple,-6.90625,False,1.28125,True
instruct,-6.90625,False,-0.3125,False
complex,-6.90625,False,1.4375,True
simple,-9.0,False,1.25,True
instruct,-9.0,False,-0.125,False
complex,-9.0,False,1.28125,True
simple,-9.75,False,1.375,True
instruct,-9.75,False,0.0,False
complex,-9.75,False,1.40625,True
simple,-8.8125,False,1.3125,True
instruct,-8.8125,False,-0.3125,False
complex,-8.8125,False,1.03125,True
simple,-4.625,False,1.375,True
instruct,-4.625,False,-0.25,False
complex,-4.625,False,1.25,True
simple,-4.25,False,1.09375,True
instruct,-4.25,False,0.0,False
complex,-4.25,False,1.21875,True
simple,-6.9375,False,1.46875,True
instruct,-6.9375,False,-0.3125,False
complex,-6.9375,False,1.28125,True
simple,-9.4375,False,1.34375,True
instruct,-9.4375,False,-0.1875,False
complex,-9.4375,False,1.5,True
simple,-3.0625,False,1.1875,True
instruct,-3.0625,False,0.0625,True
complex,-3.0625,False,1.21875,True
simple,-7.25,False,1.125,True
instruct,-7.25,False,-0.625,False
complex,-7.25,False,1.40625,True
simple,-5.8125,False,1.21875,True
instruct,-5.8125,False,0.1875,True
complex,-5.8125,False,1.21875,True
simple,-5.75,False,1.4375,True
instruct,-5.75,False,0.4375,True
complex,-5.75,False,1.46875,True
simple,-7.4375,False,1.0,True
instruct,-7.4375,False,0.0,False
complex,-7.4375,False,1.375,True
simple,-8.375,False,1.09375,True
instruct,-8.375,False,0.4375,True
complex,-8.375,False,1.375,True
simple,-7.25,False,1.21875,True
instruct,-7.25,False,0.3125,True
complex,-7.25,False,1.46875,True
simple,-9.0,False,1.0,True
instruct,-9.0,False,0.0625,True
complex,-9.0,False,1.25,True
simple,-6.3125,False,1.28125,True
instruct,-6.3125,False,0.375,True
complex,-6.3125,False,1.4375,True
simple,-5.75,False,1.25,True
instruct,-5.75,False,0.3125,True
complex,-5.75,False,1.375,True
simple,-4.5625,False,1.1875,True
instruct,-4.5625,False,0.125,True
complex,-4.5625,False,1.4375,True
simple,-5.0625,False,1.0625,True
instruct,-5.0625,False,-0.0625,False
complex,-5.0625,False,1.34375,True
simple,-4.5625,False,1.125,True
instruct,-4.5625,False,0.0625,True
complex,-4.5625,False,1.125,True
simple,-6.21875,False,1.34375,True
instruct,-6.21875,False,0.25,True
complex,-6.21875,False,1.3125,True
simple,-8.375,False,1.21875,True
instruct,-8.375,False,0.0,False
complex,-8.375,False,1.21875,True
simple,-6.75,False,1.28125,True
instruct,-6.75,False,0.125,True
complex,-6.75,False,1.28125,True
simple,-6.625,False,1.09375,True
instruct,-6.625,False,0.0,False
complex,-6.625,False,1.3125,True
simple,-7.25,False,1.25,True
instruct,-7.25,False,0.1875,True
complex,-7.25,False,1.25,True
simple,-6.875,False,1.125,True
instruct,-6.875,False,0.3125,True
complex,-6.875,False,1.3125,True
simple,-7.625,False,0.9375,True
instruct,-7.625,False,0.0625,True
complex,-7.625,False,1.25,True
simple,-4.5,False,1.5625,True
instruct,-4.5,False,0.0625,True
complex,-4.5,False,1.375,True
simple,-6.1875,False,1.1875,True
instruct,-6.1875,False,0.25,True
complex,-6.1875,False,1.4375,True
simple,-8.375,False,1.15625,True
instruct,-8.375,False,0.1875,True
complex,-8.375,False,1.375,True
simple,-7.5,False,1.40625,True
instruct,-7.5,False,0.0625,True
complex,-7.5,False,1.3125,True
simple,-7.875,False,1.53125,True
instruct,-7.875,False,0.375,True
complex,-7.875,False,1.3125,True
simple,-7.4375,False,1.25,True
instruct,-7.4375,False,0.125,True
complex,-7.4375,False,1.34375,True
simple,-4.375,False,1.1875,True
instruct,-4.375,False,0.25,True
complex,-4.375,False,1.1875,True
simple,-3.125,False,1.125,True
instruct,-3.125,False,0.125,True
complex,-3.125,False,1.375,True
simple,-7.5625,False,1.25,True
instruct,-7.5625,False,0.125,True
complex,-7.5625,False,1.40625,True
simple,-7.125,False,1.1875,True
instruct,-7.125,False,-0.0625,False
complex,-7.125,False,1.28125,True
simple,-8.5,False,1.3125,True
instruct,-8.5,False,0.125,True
complex,-8.5,False,1.1875,True
simple,-7.6875,False,0.90625,True
instruct,-7.6875,False,0.375,True
complex,-7.6875,False,1.3125,True
simple,-5.0625,False,1.21875,True
instruct,-5.0625,False,0.0,False
complex,-5.0625,False,1.25,True
simple,-6.9375,False,1.0625,True
instruct,-6.9375,False,0.0,False
complex,-6.9375,False,1.40625,True
simple,-4.5,False,1.09375,True
instruct,-4.5,False,0.0625,True
complex,-4.5,False,1.40625,True
simple,-6.625,False,1.28125,True
instruct,-6.625,False,-0.0625,False
complex,-6.625,False,1.09375,True
simple,-6.0625,False,1.3125,True
instruct,-6.0625,False,-0.125,False
complex,-6.0625,False,1.21875,True
simple,-8.5,False,1.34375,True
instruct,-8.5,False,0.3125,True
complex,-8.5,False,1.0625,True
simple,-3.75,False,1.15625,True
instruct,-3.75,False,0.0,False
complex,-3.75,False,1.375,True
simple,-5.5625,False,1.0,True
instruct,-5.5625,False,0.3125,True
complex,-5.5625,False,1.375,True
simple,-6.8125,False,1.375,True
instruct,-6.8125,False,0.4375,True
complex,-6.8125,False,1.3125,True
simple,-5.3125,False,1.0,True
instruct,-5.3125,False,-0.1875,False
complex,-5.3125,False,1.40625,True
simple,-4.25,False,1.09375,True
instruct,-4.25,False,0.3125,True
complex,-4.25,False,1.15625,True
simple,-6.9375,False,1.15625,True
instruct,-6.9375,False,0.0,False
complex,-6.9375,False,1.21875,True
simple,-6.375,False,0.9375,True
instruct,-6.375,False,0.6875,True
complex,-6.375,False,1.28125,True
simple,-7.625,False,1.0625,True
instruct,-7.625,False,0.3125,True
complex,-7.625,False,1.03125,True
simple,-6.125,False,1.03125,True
instruct,-6.125,False,0.3125,True
complex,-6.125,False,1.28125,True
simple,-7.375,False,1.1875,True
instruct,-7.375,False,0.0625,True
complex,-7.375,False,1.21875,True
simple,-4.8125,False,0.90625,True
instruct,-4.8125,False,0.0,False
complex,-4.8125,False,1.03125,True
simple,-7.5625,False,1.25,True
instruct,-7.5625,False,0.0,False
complex,-7.5625,False,1.28125,True
simple,-4.1875,False,1.125,True
instruct,-4.1875,False,0.3125,True
complex,-4.1875,False,1.125,True
simple,-9.5625,False,0.875,True
instruct,-9.5625,False,0.375,True
complex,-9.5625,False,0.96875,True
simple,-8.3125,False,0.96875,True
instruct,-8.3125,False,0.0625,True
complex,-8.3125,False,1.0625,True
simple,-6.4375,False,1.15625,True
instruct,-6.4375,False,0.0,False
complex,-6.4375,False,1.40625,True
simple,-8.6875,False,0.6875,True
instruct,-8.6875,False,0.1875,True
complex,-8.6875,False,1.25,True
simple,-6.21875,False,1.125,True
instruct,-6.21875,False,0.375,True
complex,-6.21875,False,1.34375,True
simple,-11.5,False,0.96875,True
instruct,-11.5,False,0.375,True
complex,-11.5,False,1.09375,True
simple,-8.75,False,0.84375,True
instruct,-8.75,False,0.625,True
complex,-8.75,False,1.25,True
simple,-4.0625,False,1.28125,True
instruct,-4.0625,False,0.125,True
complex,-4.0625,False,1.53125,True
simple,-4.125,False,1.375,True
instruct,-4.125,False,0.125,True
complex,-4.125,False,1.46875,True
simple,-3.0625,False,1.3125,True
instruct,-3.0625,False,0.0625,True
complex,-3.0625,False,1.40625,True
simple,-6.125,False,1.34375,True
instruct,-6.125,False,0.0625,True
complex,-6.125,False,1.4375,True
simple,-4.9375,False,1.34375,True
instruct,-4.9375,False,0.0,False
complex,-4.9375,False,1.4375,True
simple,-4.8125,False,1.25,True
instruct,-4.8125,False,0.1875,True
complex,-4.8125,False,1.375,True
simple,-4.875,False,1.375,True
instruct,-4.875,False,0.0,False
complex,-4.875,False,1.46875,True
simple,-5.125,False,1.3125,True
instruct,-5.125,False,0.125,True
complex,-5.125,False,1.375,True
simple,-5.625,False,1.375,True
instruct,-5.625,False,0.375,True
complex,-5.625,False,1.5625,True
simple,-5.125,False,1.28125,True
instruct,-5.125,False,-0.0625,False
complex,-5.125,False,1.34375,True
simple,-4.875,False,1.3125,True
instruct,-4.875,False,0.1875,True
complex,-4.875,False,1.5,True
simple,-4.875,False,1.375,True
instruct,-4.875,False,0.125,True
complex,-4.875,False,1.4375,True
simple,-3.0625,False,1.28125,True
instruct,-3.0625,False,0.25,True
complex,-3.0625,False,1.46875,True
simple,-4.4375,False,1.3125,True
instruct,-4.4375,False,0.125,True
complex,-4.4375,False,1.4375,True
simple,-5.4375,False,1.3125,True
instruct,-5.4375,False,0.3125,True
complex,-5.4375,False,1.5,True
simple,-5.625,False,1.375,True
instruct,-5.625,False,0.375,True
complex,-5.625,False,1.59375,True
simple,-5.375,False,1.4375,True
instruct,-5.375,False,0.0625,True
complex,-5.375,False,1.46875,True
simple,-5.0625,False,1.3125,True
instruct,-5.0625,False,0.0625,True
complex,-5.0625,False,1.40625,True
simple,-4.375,False,1.46875,True
instruct,-4.375,False,0.1875,True
complex,-4.375,False,1.59375,True
simple,-4.5,False,1.21875,True
instruct,-4.5,False,0.4375,True
complex,-4.5,False,1.5625,True
simple,-4.0,False,1.34375,True
instruct,-4.0,False,0.375,True
complex,-4.0,False,1.59375,True
simple,-4.4375,False,1.25,True
instruct,-4.4375,False,0.0,False
complex,-4.4375,False,1.3125,True
simple,-4.1875,False,1.40625,True
instruct,-4.1875,False,0.125,True
complex,-4.1875,False,1.3125,True
simple,-4.4375,False,1.21875,True
instruct,-4.4375,False,0.0625,True
complex,-4.4375,False,1.40625,True
simple,-4.8125,False,1.375,True
instruct,-4.8125,False,0.1875,True
complex,-4.8125,False,1.5,True
simple,-4.8125,False,1.4375,True
instruct,-4.8125,False,0.25,True
complex,-4.8125,False,1.375,True
simple,-4.4375,False,1.28125,True
instruct,-4.4375,False,0.1875,True
complex,-4.4375,False,1.40625,True
simple,-5.0,False,1.3125,True
instruct,-5.0,False,0.0,False
complex,-5.0,False,1.4375,True
simple,-4.9375,False,1.40625,True
instruct,-4.9375,False,0.0625,True
complex,-4.9375,False,1.40625,True
simple,-4.5625,False,1.15625,True
instruct,-4.5625,False,-0.1875,False
complex,-4.5625,False,1.34375,True
simple,-5.125,False,1.25,True
instruct,-5.125,False,-0.0625,False
complex,-5.125,False,1.53125,True
simple,-4.75,False,1.40625,True
instruct,-4.75,False,0.125,True
complex,-4.75,False,1.375,True
simple,-4.6875,False,1.375,True
instruct,-4.6875,False,0.25,True
complex,-4.6875,False,1.375,True
simple,-4.6875,False,1.375,True
instruct,-4.6875,False,0.0625,True
complex,-4.6875,False,1.4375,True
simple,-4.0625,False,1.28125,True
instruct,-4.0625,False,0.1875,True
complex,-4.0625,False,1.125,True
simple,-4.3125,False,1.28125,True
instruct,-4.3125,False,0.46875,True
complex,-4.3125,False,1.46875,True
simple,-4.125,False,1.34375,True
instruct,-4.125,False,0.125,True
complex,-4.125,False,1.375,True
simple,-3.625,False,1.40625,True
instruct,-3.625,False,0.125,True
complex,-3.625,False,1.4375,True
simple,-4.9375,False,1.3125,True
instruct,-4.9375,False,0.1875,True
complex,-4.9375,False,1.4375,True
simple,-3.75,False,1.28125,True
instruct,-3.75,False,0.625,True
complex,-3.75,False,1.4375,True
simple,-4.5625,False,1.28125,True
instruct,-4.5625,False,0.1875,True
complex,-4.5625,False,1.40625,True
simple,-5.0625,False,1.34375,True
instruct,-5.0625,False,0.0,False
complex,-5.0625,False,1.21875,True
simple,-5.6875,False,1.40625,True
instruct,-5.6875,False,0.3125,True
complex,-5.6875,False,1.34375,True
simple,-5.1875,False,1.3125,True
instruct,-5.1875,False,0.0625,True
complex,-5.1875,False,1.4375,True
simple,-4.25,False,1.3125,True
instruct,-4.25,False,0.0,False
complex,-4.25,False,1.53125,True
simple,-3.875,False,1.3125,True
instruct,-3.875,False,-0.0625,False
complex,-3.875,False,1.34375,True
simple,-3.125,False,1.34375,True
instruct,-3.125,False,-0.1875,False
complex,-3.125,False,1.34375,True
simple,-4.8125,False,1.34375,True
instruct,-4.8125,False,0.0625,True
complex,-4.8125,False,1.375,True
simple,-3.875,False,1.34375,True
instruct,-3.875,False,0.0,False
complex,-3.875,False,1.21875,True
simple,-4.3125,False,1.34375,True
instruct,-4.3125,False,0.375,True
complex,-4.3125,False,1.3125,True
simple,-4.1875,False,1.375,True
instruct,-4.1875,False,0.125,True
complex,-4.1875,False,1.4375,True
simple,-4.8125,False,1.375,True
instruct,-4.8125,False,0.0,False
complex,-4.8125,False,1.25,True
simple,-5.75,False,1.25,True
instruct,-5.75,False,0.0625,True
complex,-5.75,False,1.28125,True
simple,-5.25,False,1.28125,True
instruct,-5.25,False,0.375,True
complex,-5.25,False,1.28125,True
simple,-5.375,False,1.21875,True
instruct,-5.375,False,0.25,True
complex,-5.375,False,1.46875,True
simple,-5.5625,False,1.28125,True
instruct,-5.5625,False,0.125,True
complex,-5.5625,False,1.375,True
simple,-5.125,False,1.375,True
instruct,-5.125,False,0.09375,True
complex,-5.125,False,1.53125,True
simple,-4.0,False,1.25,True
instruct,-4.0,False,0.125,True
complex,-4.0,False,1.4375,True
simple,-5.25,False,1.46875,True
instruct,-5.25,False,0.25,True
complex,-5.25,False,1.46875,True
simple,-4.875,False,1.4375,True
instruct,-4.875,False,0.125,True
complex,-4.875,False,1.5,True
simple,-4.75,False,1.34375,True
instruct,-4.75,False,0.1875,True
complex,-4.75,False,1.5,True
simple,-4.0,False,1.34375,True
instruct,-4.0,False,0.3125,True
complex,-4.0,False,1.53125,True
simple,-5.25,False,1.28125,True
instruct,-5.25,False,0.125,True
complex,-5.25,False,1.3125,True
simple,-4.5625,False,1.3125,True
instruct,-4.5625,False,0.0625,True
complex,-4.5625,False,1.375,True
simple,-5.375,False,1.34375,True
instruct,-5.375,False,0.0,False
complex,-5.375,False,1.375,True
simple,-4.5,False,1.3125,True
instruct,-4.5,False,0.5,True
complex,-4.5,False,1.5,True
simple,-5.5625,False,1.28125,True
instruct,-5.5625,False,0.3125,True
complex,-5.5625,False,1.46875,True
simple,-4.8125,False,1.34375,True
instruct,-4.8125,False,0.0625,True
complex,-4.8125,False,1.46875,True
simple,-5.0,False,1.28125,True
instruct,-5.0,False,-0.25,False
complex,-5.0,False,1.375,True
simple,-5.1875,False,1.25,True
instruct,-5.1875,False,0.0625,True
complex,-5.1875,False,1.46875,True
simple,-5.40625,False,1.28125,True
instruct,-5.40625,False,0.0625,True
complex,-5.40625,False,1.4375,True
simple,-5.1875,False,1.3125,True
instruct,-5.1875,False,0.1875,True
complex,-5.1875,False,1.4375,True
simple,-5.0,False,1.28125,True
instruct,-5.0,False,-0.0625,False
complex,-5.0,False,1.46875,True
simple,-4.6875,False,1.28125,True
instruct,-4.6875,False,0.0,False
complex,-4.6875,False,1.46875,True
simple,-4.25,False,1.3125,True
instruct,-4.25,False,0.1875,True
complex,-4.25,False,1.46875,True
simple,-4.375,False,1.34375,True
instruct,-4.375,False,0.0,False
complex,-4.375,False,1.4375,True
simple,-4.6875,False,1.3125,True
instruct,-4.6875,False,0.1875,True
complex,-4.6875,False,1.5,True
simple,-4.6875,False,1.375,True
instruct,-4.6875,False,0.0625,True
complex,-4.6875,False,1.375,True
simple,-4.125,False,1.375,True
instruct,-4.125,False,-0.25,False
complex,-4.125,False,1.375,True
simple,-4.9375,False,1.3125,True
instruct,-4.9375,False,0.0,False
complex,-4.9375,False,1.46875,True
simple,-5.0,False,1.21875,True
instruct,-5.0,False,0.125,True
complex,-5.0,False,1.46875,True
simple,-5.6875,False,1.3125,True
instruct,-5.6875,False,0.4375,True
complex,-5.6875,False,1.53125,True
simple,-4.875,False,1.3125,True
instruct,-4.875,False,-0.1875,False
complex,-4.875,False,1.5,True
simple,-5.0625,False,1.3125,True
instruct,-5.0625,False,-0.125,False
complex,-5.0625,False,1.46875,True
simple,-4.875,False,1.40625,True
instruct,-4.875,False,0.125,True
complex,-4.875,False,1.5,True
simple,-4.5625,False,1.375,True
instruct,-4.5625,False,0.0625,True
complex,-4.5625,False,1.5,True
simple,-5.0,False,1.28125,True
instruct,-5.0,False,-0.125,False
complex,-5.0,False,1.4375,True
simple,-5.1875,False,1.34375,True
instruct,-5.1875,False,0.25,True
complex,-5.1875,False,1.5625,True
simple,-4.5625,False,1.375,True
instruct,-4.5625,False,-0.125,False
complex,-4.5625,False,1.375,True
simple,-5.6875,False,1.28125,True
instruct,-5.6875,False,0.1875,True
complex,-5.6875,False,1.4375,True
simple,-4.625,False,1.28125,True
instruct,-4.625,False,0.125,True
complex,-4.625,False,1.375,True
simple,-4.875,False,1.3125,True
instruct,-4.875,False,0.1875,True
complex,-4.875,False,1.46875,True
simple,-4.9375,False,1.3125,True
instruct,-4.9375,False,0.125,True
complex,-4.9375,False,1.46875,True
simple,-4.5,False,1.3125,True
instruct,-4.5,False,0.0625,True
complex,-4.5,False,1.46875,True
simple,-5.25,False,1.53125,True
instruct,-5.25,False,0.375,True
complex,-5.25,False,1.625,True
simple,-4.25,False,1.4375,True
instruct,-4.25,False,-0.125,False
complex,-4.25,False,1.40625,True
simple,-4.125,False,1.3125,True
instruct,-4.125,False,-0.0625,False
complex,-4.125,False,1.4375,True
simple,-5.0,False,1.375,True
instruct,-5.0,False,0.25,True
complex,-5.0,False,1.40625,True
simple,-4.4375,False,1.1875,True
instruct,-4.4375,False,0.1875,True
complex,-4.4375,False,1.53125,True
simple,-5.3125,False,1.21875,True
instruct,-5.3125,False,0.0,False
complex,-5.3125,False,1.40625,True
simple,-4.6875,False,1.03125,True
instruct,-4.6875,False,0.0,False
complex,-4.6875,False,1.4375,True
simple,-3.375,False,1.0,True
instruct,-3.375,False,0.0625,True
complex,-3.375,False,1.53125,True
simple,-4.5625,False,0.9375,True
instruct,-4.5625,False,0.0,False
complex,-4.5625,False,1.5,True
simple,-4.25,False,0.9375,True
instruct,-4.25,False,-0.25,False
complex,-4.25,False,1.0625,True
simple,-3.0625,False,0.90625,True
instruct,-3.0625,False,0.1875,True
complex,-3.0625,False,1.5625,True
simple,-6.8125,False,1.125,True
instruct,-6.8125,False,0.75,True
complex,-6.8125,False,1.53125,True
simple,-3.625,False,0.90625,True
instruct,-3.625,False,-0.125,False
complex,-3.625,False,1.3125,True
simple,-3.625,False,0.875,True
instruct,-3.625,False,0.1875,True
complex,-3.625,False,1.65625,True
simple,-4.25,False,0.90625,True
instruct,-4.25,False,0.625,True
complex,-4.25,False,1.53125,True
simple,-4.5,False,1.09375,True
instruct,-4.5,False,-0.0625,False
complex,-4.5,False,1.46875,True
simple,-4.5,False,0.90625,True
instruct,-4.5,False,0.3125,True
complex,-4.5,False,1.46875,True
simple,-4.3125,False,1.03125,True
instruct,-4.3125,False,0.1875,True
complex,-4.3125,False,1.375,True
simple,-3.5,False,1.0,True
instruct,-3.5,False,0.25,True
complex,-3.5,False,1.46875,True
simple,-3.625,False,1.03125,True
instruct,-3.625,False,0.625,True
complex,-3.625,False,1.5625,True
simple,-6.3125,False,1.03125,True
instruct,-6.3125,False,0.25,True
complex,-6.3125,False,1.625,True
simple,-3.4375,False,0.8125,True
instruct,-3.4375,False,0.0,False
complex,-3.4375,False,1.46875,True
simple,-4.125,False,0.96875,True
instruct,-4.125,False,0.3125,True
complex,-4.125,False,1.4375,True
simple,-4.5,False,1.0625,True
instruct,-4.5,False,0.125,True
complex,-4.5,False,1.40625,True
simple,-4.625,False,1.0,True
instruct,-4.625,False,0.3125,True
complex,-4.625,False,1.59375,True
simple,-2.875,False,0.96875,True
instruct,-2.875,False,0.5,True
complex,-2.875,False,1.5,True
simple,-3.875,False,1.0,True
instruct,-3.875,False,0.0625,True
complex,-3.875,False,1.46875,True
simple,-3.625,False,0.9375,True
instruct,-3.625,False,0.0625,True
complex,-3.625,False,1.53125,True
simple,-2.59375,False,0.9375,True
instruct,-2.59375,False,0.4375,True
complex,-2.59375,False,1.5625,True
simple,-4.4375,False,1.03125,True
instruct,-4.4375,False,0.0,False
complex,-4.4375,False,1.59375,True
simple,-3.5625,False,0.9375,True
instruct,-3.5625,False,0.1875,True
complex,-3.5625,False,1.5,True
simple,-3.78125,False,1.03125,True
instruct,-3.78125,False,0.4375,True
complex,-3.78125,False,1.65625,True
simple,-4.125,False,0.96875,True
instruct,-4.125,False,0.1875,True
complex,-4.125,False,1.53125,True
simple,-4.8125,False,1.21875,True
instruct,-4.8125,False,-0.0625,False
complex,-4.8125,False,1.5,True
simple,-4.3125,False,1.0,True
instruct,-4.3125,False,-0.1875,False
complex,-4.3125,False,1.375,True
simple,-4.125,False,0.875,True
instruct,-4.125,False,0.5,True
complex,-4.125,False,1.5625,True
simple,-4.75,False,0.96875,True
instruct,-4.75,False,0.125,True
complex,-4.75,False,1.4375,True
simple,-3.3125,False,1.0,True
instruct,-3.3125,False,0.125,True
complex,-3.3125,False,1.53125,True
simple,-3.6875,False,0.9375,True
instruct,-3.6875,False,0.0,False
complex,-3.6875,False,1.375,True
simple,-5.0625,False,1.0,True
instruct,-5.0625,False,0.1875,True
complex,-5.0625,False,1.46875,True
simple,-4.5625,False,1.03125,True
instruct,-4.5625,False,0.0625,True
complex,-4.5625,False,1.46875,True
simple,-3.25,False,1.03125,True
instruct,-3.25,False,0.1875,True
complex,-3.25,False,1.375,True
simple,-4.6875,False,0.875,True
instruct,-4.6875,False,0.0625,True
complex,-4.6875,False,1.4375,True
simple,-5.5625,False,1.0625,True
instruct,-5.5625,False,0.125,True
complex,-5.5625,False,1.4375,True
simple,-6.09375,False,0.875,True
instruct,-6.09375,False,-0.1875,False
complex,-6.09375,False,1.5,True
simple,-4.5625,False,1.125,True
instruct,-4.5625,False,0.0625,True
complex,-4.5625,False,1.40625,True
simple,-3.34375,False,1.0625,True
instruct,-3.34375,False,0.0,False
complex,-3.34375,False,1.4375,True
simple,-3.875,False,1.0625,True
instruct,-3.875,False,0.25,True
complex,-3.875,False,1.5,True
simple,-3.8125,False,0.9375,True
instruct,-3.8125,False,0.1875,True
complex,-3.8125,False,1.40625,True
simple,-3.25,False,0.9375,True
instruct,-3.25,False,0.3125,True
complex,-3.25,False,1.53125,True
simple,-4.8125,False,0.84375,True
instruct,-4.8125,False,-0.0625,False
complex,-4.8125,False,1.46875,True
simple,-3.9375,False,1.03125,True
instruct,-3.9375,False,0.375,True
complex,-3.9375,False,1.4375,True
simple,-2.9375,False,0.875,True
instruct,-2.9375,False,0.125,True
complex,-2.9375,False,1.375,True
simple,-4.625,False,1.0625,True
instruct,-4.625,False,0.125,True
complex,-4.625,False,1.375,True
simple,-4.75,False,1.03125,True
instruct,-4.75,False,0.1875,True
complex,-4.75,False,1.4375,True
simple,-2.4375,False,1.15625,True
instruct,-2.4375,False,0.4375,True
complex,-2.4375,False,1.65625,True
simple,-3.4375,False,1.0625,True
instruct,-3.4375,False,0.3125,True
complex,-3.4375,False,1.59375,True
simple,-4.125,False,1.0,True
instruct,-4.125,False,-0.0625,False
complex,-4.125,False,1.375,True
simple,-5.4375,False,1.0625,True
instruct,-5.4375,False,0.0625,True
complex,-5.4375,False,1.34375,True
simple,-3.625,False,0.90625,True
instruct,-3.625,False,0.125,True
complex,-3.625,False,1.5,True
simple,-2.6875,False,1.03125,True
instruct,-2.6875,False,0.125,True
complex,-2.6875,False,1.4375,True
simple,-4.375,False,1.21875,True
instruct,-4.375,False,0.125,True
complex,-4.375,False,1.375,True
simple,-4.75,False,1.0,True
instruct,-4.75,False,0.1875,True
complex,-4.75,False,1.34375,True
simple,-4.0,False,1.0625,True
instruct,-4.0,False,0.1875,True
complex,-4.0,False,1.4375,True
simple,-3.4375,False,1.03125,True
instruct,-3.4375,False,0.375,True
complex,-3.4375,False,1.46875,True
simple,-4.5,False,1.1875,True
instruct,-4.5,False,0.1875,True
complex,-4.5,False,1.4375,True
simple,-4.1875,False,0.875,True
instruct,-4.1875,False,0.0625,True
complex,-4.1875,False,1.5,True
simple,-3.9375,False,0.9375,True
instruct,-3.9375,False,0.1875,True
complex,-3.9375,False,1.4375,True
simple,-4.375,False,0.875,True
instruct,-4.375,False,0.0,False
complex,-4.375,False,1.375,True
simple,-3.8125,False,0.96875,True
instruct,-3.8125,False,0.3125,True
complex,-3.8125,False,1.53125,True
simple,-4.1875,False,1.0,True
instruct,-4.1875,False,-0.1875,False
complex,-4.1875,False,1.375,True
simple,-4.8125,False,1.0,True
instruct,-4.8125,False,-0.1875,False
complex,-4.8125,False,1.59375,True
simple,-4.1875,False,1.125,True
instruct,-4.1875,False,0.0,False
complex,-4.1875,False,1.4375,True
simple,-3.625,False,1.0,True
instruct,-3.625,False,0.5625,True
complex,-3.625,False,1.5625,True
simple,-3.34375,False,0.90625,True
instruct,-3.34375,False,0.375,True
complex,-3.34375,False,1.5,True
simple,-3.25,False,0.84375,True
instruct,-3.25,False,0.3125,True
complex,-3.25,False,1.4375,True
simple,-2.6875,False,1.0625,True
instruct,-2.6875,False,0.0,False
complex,-2.6875,False,1.40625,True
simple,-3.6875,False,1.03125,True
instruct,-3.6875,False,0.25,True
complex,-3.6875,False,1.53125,True
simple,-3.375,False,0.90625,True
instruct,-3.375,False,0.375,True
complex,-3.375,False,1.5,True
simple,-4.3125,False,1.03125,True
instruct,-4.3125,False,0.125,True
complex,-4.3125,False,1.375,True
simple,-3.9375,False,1.0,True
instruct,-3.9375,False,-0.1875,False
complex,-3.9375,False,1.34375,True
simple,-4.375,False,1.03125,True
instruct,-4.375,False,0.1875,True
complex,-4.375,False,1.46875,True
simple,-3.625,False,1.03125,True
instruct,-3.625,False,0.125,True
complex,-3.625,False,1.46875,True
simple,-3.0,False,0.96875,True
instruct,-3.0,False,0.125,True
complex,-3.0,False,1.34375,True
simple,-3.8125,False,1.03125,True
instruct,-3.8125,False,0.0625,True
complex,-3.8125,False,1.40625,True
simple,-3.6875,False,0.9375,True
instruct,-3.6875,False,0.0,False
complex,-3.6875,False,1.46875,True
simple,-4.1875,False,1.0,True
instruct,-4.1875,False,0.1875,True
complex,-4.1875,False,1.5,True
simple,-4.75,False,0.96875,True
instruct,-4.75,False,0.0625,True
complex,-4.75,False,1.5,True
simple,-5.6875,False,1.125,True
instruct,-5.6875,False,0.0,False
complex,-5.6875,False,1.5,True
simple,-3.9375,False,1.21875,True
instruct,-3.9375,False,0.0,False
complex,-3.9375,False,1.375,True
simple,-4.25,False,0.9375,True
instruct,-4.25,False,0.0,False
complex,-4.25,False,1.5,True
simple,-2.8125,False,0.875,True
instruct,-2.8125,False,0.0625,True
complex,-2.8125,False,1.40625,True
simple,-3.5625,False,1.09375,True
instruct,-3.5625,False,0.25,True
complex,-3.5625,False,1.4375,True
simple,-3.25,False,1.03125,True
instruct,-3.25,False,-0.25,False
complex,-3.25,False,1.53125,True
simple,-5.5,False,0.96875,True
instruct,-5.5,False,-0.125,False
complex,-5.5,False,1.3125,True
simple,-4.4375,False,1.0625,True
instruct,-4.4375,False,0.4375,True
complex,-4.4375,False,1.4375,True
simple,-5.3125,False,0.90625,True
instruct,-5.3125,False,0.125,True
complex,-5.3125,False,1.46875,True
simple,-4.3125,False,1.0625,True
instruct,-4.3125,False,0.0,False
complex,-4.3125,False,1.21875,True
simple,-5.75,False,1.09375,True
instruct,-5.75,False,0.1875,True
complex,-5.75,False,1.4375,True
simple,-17.75,False,1.0625,True
instruct,-17.75,False,0.0625,True
complex,-17.75,False,1.59375,True
simple,-5.25,False,1.0,True
instruct,-5.25,False,0.1875,True
complex,-5.25,False,1.28125,True
simple,-6.5,False,0.96875,True
instruct,-6.5,False,0.125,True
complex,-6.5,False,1.28125,True
simple,-4.9375,False,0.96875,True
instruct,-4.9375,False,0.125,True
complex,-4.9375,False,1.34375,True
simple,-3.6875,False,0.9375,True
instruct,-3.6875,False,0.1875,True
complex,-3.6875,False,1.375,True
simple,-5.4375,False,1.21875,True
instruct,-5.4375,False,0.3125,True
complex,-5.4375,False,1.53125,True
simple,-7.0,False,1.15625,True
instruct,-7.0,False,0.25,True
complex,-7.0,False,1.46875,True
simple,-7.3125,False,1.125,True
instruct,-7.3125,False,-0.25,False
complex,-7.3125,False,1.375,True
simple,-7.875,False,1.25,True
instruct,-7.875,False,-0.1875,False
complex,-7.875,False,1.34375,True
simple,-7.9375,False,1.40625,True
instruct,-7.9375,False,0.3125,True
complex,-7.9375,False,1.15625,True
simple,-7.4375,False,1.375,True
instruct,-7.4375,False,0.0,False
complex,-7.4375,False,1.5,True
simple,-7.125,False,1.21875,True
instruct,-7.125,False,0.125,True
complex,-7.125,False,1.46875,True
simple,-7.5625,False,1.40625,True
instruct,-7.5625,False,0.4375,True
complex,-7.5625,False,1.28125,True
simple,-8.3125,False,1.5,True
instruct,-8.3125,False,0.3125,True
complex,-8.3125,False,1.28125,True
simple,-9.4375,False,1.3125,True
instruct,-9.4375,False,0.3125,True
complex,-9.4375,False,1.40625,True
simple,-8.9375,False,1.28125,True
instruct,-8.9375,False,0.0625,True
complex,-8.9375,False,1.3125,True
simple,-7.25,False,1.3125,True
instruct,-7.25,False,0.375,True
complex,-7.25,False,1.21875,True
simple,-9.25,False,1.375,True
instruct,-9.25,False,0.1875,True
complex,-9.25,False,1.34375,True
simple,-8.3125,False,1.25,True
instruct,-8.3125,False,-0.1875,False
complex,-8.3125,False,1.375,True
simple,-9.1875,False,1.28125,True
instruct,-9.1875,False,-0.125,False
complex,-9.1875,False,1.53125,True
simple,-7.6875,False,1.3125,True
instruct,-7.6875,False,0.125,True
complex,-7.6875,False,1.28125,True
simple,-8.625,False,1.09375,True
instruct,-8.625,False,-0.25,False
complex,-8.625,False,1.40625,True
simple,-7.3125,False,1.375,True
instruct,-7.3125,False,0.125,True
complex,-7.3125,False,1.53125,True
simple,-9.125,False,1.25,True
instruct,-9.125,False,0.3125,True
complex,-9.125,False,1.4375,True
simple,-8.0625,False,1.5,True
instruct,-8.0625,False,0.4375,True
complex,-8.0625,False,1.34375,True
simple,-8.5,False,1.21875,True
instruct,-8.5,False,0.0625,True
complex,-8.5,False,1.5,True
simple,-9.125,False,1.28125,True
instruct,-9.125,False,0.5,True
complex,-9.125,False,1.4375,True
simple,-8.375,False,1.25,True
instruct,-8.375,False,0.125,True
complex,-8.375,False,1.34375,True
simple,-8.625,False,1.15625,True
instruct,-8.625,False,-0.25,False
complex,-8.625,False,1.5,True
simple,-8.9375,False,1.09375,True
instruct,-8.9375,False,-0.375,False
complex,-8.9375,False,1.5,True
simple,-7.5625,False,1.21875,True
instruct,-7.5625,False,0.0,False
complex,-7.5625,False,1.28125,True
simple,-8.4375,False,1.3125,True
instruct,-8.4375,False,0.0625,True
complex,-8.4375,False,0.90625,True
simple,-6.25,False,1.09375,True
instruct,-6.25,False,-0.125,False
complex,-6.25,False,1.28125,True
simple,-8.0625,False,1.1875,True
instruct,-8.0625,False,-0.375,False
complex,-8.0625,False,1.25,True
simple,-10.0625,False,1.375,True
instruct,-10.0625,False,0.25,True
complex,-10.0625,False,1.28125,True
simple,-7.3125,False,1.125,True
instruct,-7.3125,False,0.0,False
complex,-7.3125,False,1.25,True
simple,-7.8125,False,1.28125,True
instruct,-7.8125,False,0.0625,True
complex,-7.8125,False,1.5,True
simple,-9.0,False,1.09375,True
instruct,-9.0,False,-0.375,False
complex,-9.0,False,1.40625,True
simple,-7.0,False,1.15625,True
instruct,-7.0,False,-0.4375,False
complex,-7.0,False,1.375,True
simple,-8.3125,False,1.09375,True
instruct,-8.3125,False,-0.1875,False
complex,-8.3125,False,1.375,True
simple,-7.875,False,1.15625,True
instruct,-7.875,False,0.0,False
complex,-7.875,False,1.375,True
simple,-7.0625,False,1.15625,True
instruct,-7.0625,False,0.0,False
complex,-7.0625,False,1.46875,True
simple,-9.6875,False,1.28125,True
instruct,-9.6875,False,0.0,False
complex,-9.6875,False,1.3125,True
simple,-7.0625,False,1.125,True
instruct,-7.0625,False,-0.125,False
complex,-7.0625,False,1.1875,True
simple,-8.25,False,1.1875,True
instruct,-8.25,False,-0.25,False
complex,-8.25,False,1.3125,True
simple,-8.6875,False,1.34375,True
instruct,-8.6875,False,-0.0625,False
complex,-8.6875,False,1.25,True
simple,-8.75,False,1.46875,True
instruct,-8.75,False,0.4375,True
complex,-8.75,False,1.21875,True
simple,-8.75,False,1.28125,True
instruct,-8.75,False,0.25,True
complex,-8.75,False,1.375,True
simple,-10.125,False,1.40625,True
instruct,-10.125,False,0.1875,True
complex,-10.125,False,1.28125,True
simple,-8.0,False,1.25,True
instruct,-8.0,False,-0.0625,False
complex,-8.0,False,1.4375,True
simple,-8.125,False,0.96875,True
instruct,-8.125,False,-0.25,False
complex,-8.125,False,1.25,True
simple,-6.375,False,0.9375,True
instruct,-6.375,False,-0.1875,False
complex,-6.375,False,1.28125,True
simple,-7.6875,False,1.1875,True
instruct,-7.6875,False,-0.0625,False
complex,-7.6875,False,1.4375,True
simple,-8.375,False,1.15625,True
instruct,-8.375,False,0.4375,True
complex,-8.375,False,1.25,True
simple,-7.625,False,0.6875,True
instruct,-7.625,False,-0.125,False
complex,-7.625,False,1.3125,True
simple,-8.5625,False,1.0625,True
instruct,-8.5625,False,0.0625,True
complex,-8.5625,False,1.125,True
simple,-8.875,False,1.1875,True
instruct,-8.875,False,0.0625,True
complex,-8.875,False,1.34375,True
simple,-6.875,False,1.25,True
instruct,-6.875,False,0.0625,True
complex,-6.875,False,1.4375,True
simple,-9.0625,False,1.1875,True
instruct,-9.0625,False,0.0,False
complex,-9.0625,False,1.3125,True
simple,-8.375,False,0.96875,True
instruct,-8.375,False,0.3125,True
complex,-8.375,False,0.84375,True
simple,-7.25,False,1.09375,True
instruct,-7.25,False,-0.375,False
complex,-7.25,False,1.125,True
simple,-8.1875,False,1.03125,True
instruct,-8.1875,False,-0.125,False
complex,-8.1875,False,1.40625,True
simple,-7.9375,False,1.15625,True
instruct,-7.9375,False,-0.3125,False
complex,-7.9375,False,1.28125,True
simple,-6.5,False,1.0,True
instruct,-6.5,False,-0.1875,False
complex,-6.5,False,1.34375,True
simple,-6.4375,False,1.0625,True
instruct,-6.4375,False,-0.3125,False
complex,-6.4375,False,1.3125,True
simple,-7.125,False,1.15625,True
instruct,-7.125,False,0.1875,True
complex,-7.125,False,1.03125,True
simple,-8.5625,False,1.25,True
instruct,-8.5625,False,0.1875,True
complex,-8.5625,False,1.15625,True
simple,-10.4375,False,1.1875,True
instruct,-10.4375,False,0.1875,True
complex,-10.4375,False,1.28125,True
simple,-6.3125,False,0.90625,True
instruct,-6.3125,False,-0.5625,False
complex,-6.3125,False,1.125,True
simple,-7.75,False,0.90625,True
instruct,-7.75,False,-0.125,False
complex,-7.75,False,1.21875,True
simple,-9.25,False,1.1875,True
instruct,-9.25,False,-0.3125,False
complex,-9.25,False,1.09375,True
simple,-9.8125,False,1.15625,True
instruct,-9.8125,False,-0.3125,False
complex,-9.8125,False,1.53125,True
simple,-7.75,False,0.6875,True
instruct,-7.75,False,0.0,False
complex,-7.75,False,1.34375,True
simple,-7.375,False,1.03125,True
instruct,-7.375,False,-0.5,False
complex,-7.375,False,1.28125,True
simple,-7.4375,False,1.375,True
instruct,-7.4375,False,0.1875,True
complex,-7.4375,False,1.28125,True
simple,-9.0625,False,1.3125,True
instruct,-9.0625,False,0.125,True
complex,-9.0625,False,1.28125,True
simple,-6.8125,False,0.9375,True
instruct,-6.8125,False,-0.25,False
complex,-6.8125,False,1.25,True
simple,-7.3125,False,0.875,True
instruct,-7.3125,False,-0.375,False
complex,-7.3125,False,1.0625,True
simple,-5.5625,False,0.78125,True
instruct,-5.5625,False,0.0,False
complex,-5.5625,False,1.40625,True
simple,-7.125,False,1.0625,True
instruct,-7.125,False,-0.125,False
complex,-7.125,False,1.09375,True
simple,-6.6875,False,1.0625,True
instruct,-6.6875,False,0.375,True
complex,-6.6875,False,1.21875,True
simple,-6.75,False,1.125,True
instruct,-6.75,False,0.25,True
complex,-6.75,False,1.0,True
simple,-6.75,False,0.8125,True
instruct,-6.75,False,-0.125,False
complex,-6.75,False,1.34375,True
simple,-9.1875,False,1.09375,True
instruct,-9.1875,False,-0.25,False
complex,-9.1875,False,1.3125,True
simple,-11.0625,False,1.53125,True
instruct,-11.0625,False,0.375,True
complex,-11.0625,False,1.34375,True
simple,-8.75,False,1.1875,True
instruct,-8.75,False,-0.5,False
complex,-8.75,False,1.25,True
simple,-8.3125,False,1.4375,True
instruct,-8.3125,False,0.0,False
complex,-8.3125,False,1.03125,True
simple,-8.125,False,1.34375,True
instruct,-8.125,False,-0.25,False
complex,-8.125,False,1.0625,True
simple,-8.375,False,1.1875,True
instruct,-8.375,False,0.0625,True
complex,-8.375,False,0.90625,True
simple,-8.75,False,1.03125,True
instruct,-8.75,False,-0.3125,False
complex,-8.75,False,1.125,True
simple,-7.125,False,1.03125,True
instruct,-7.125,False,-0.125,False
complex,-7.125,False,1.25,True
simple,-7.0625,False,1.03125,True
instruct,-7.0625,False,-0.3125,False
complex,-7.0625,False,1.28125,True
simple,-7.3125,False,1.09375,True
instruct,-7.3125,False,0.0625,True
complex,-7.3125,False,1.21875,True
simple,-7.4375,False,1.28125,True
instruct,-7.4375,False,0.0,False
complex,-7.4375,False,1.1875,True
simple,-6.125,False,1.0,True
instruct,-6.125,False,-0.25,False
complex,-6.125,False,1.03125,True
simple,-7.75,False,0.9375,True
instruct,-7.75,False,0.125,True
complex,-7.75,False,1.28125,True
simple,-7.6875,False,1.1875,True
instruct,-7.6875,False,0.25,True
complex,-7.6875,False,1.125,True
simple,-21.5625,False,0.90625,True
instruct,-21.5625,False,-0.0625,False
complex,-21.5625,False,1.1875,True
simple,-7.9375,False,1.1875,True
instruct,-7.9375,False,0.1875,True
complex,-7.9375,False,1.125,True
simple,-8.3125,False,1.15625,True
instruct,-8.3125,False,-0.3125,False
complex,-8.3125,False,1.21875,True
simple,-6.6875,False,1.09375,True
instruct,-6.6875,False,0.125,True
complex,-6.6875,False,1.375,True
simple,-7.75,False,1.03125,True
instruct,-7.75,False,0.25,True
complex,-7.75,False,1.3125,True
simple,-7.625,False,0.9375,True
instruct,-7.625,False,0.1875,True
complex,-7.625,False,1.15625,True
simple,-9.25,False,1.25,True
instruct,-9.25,False,0.3125,True
complex,-9.25,False,1.40625,True
simple,-8.625,False,1.375,True
instruct,-8.625,False,0.1875,True
complex,-8.625,False,1.3125,True
simple,-10.25,False,1.09375,True
instruct,-10.25,False,-0.3125,False
complex,-10.25,False,1.09375,True
simple,-7.8125,False,1.09375,True
instruct,-7.8125,False,0.1875,True
complex,-7.8125,False,1.3125,True
simple,-3.0,False,1.03125,True
instruct,-3.0,False,0.0,False
complex,-3.0,False,1.5,True
simple,-2.125,False,1.1875,True
instruct,-2.125,False,0.0625,True
complex,-2.125,False,1.375,True
simple,-2.75,False,1.0625,True
instruct,-2.75,False,0.375,True
complex,-2.75,False,1.3125,True
simple,-0.25,False,1.34375,True
instruct,-0.25,False,0.125,True
complex,-0.25,False,1.1875,True
simple,-1.0,False,1.0625,True
instruct,-1.0,False,0.0,False
complex,-1.0,False,1.21875,True
simple,-2.6875,False,1.1875,True
instruct,-2.6875,False,-0.125,False
complex,-2.6875,False,1.28125,True
simple,-0.75,False,0.96875,True
instruct,-0.75,False,-0.25,False
complex,-0.75,False,1.28125,True
simple,-2.875,False,1.03125,True
instruct,-2.875,False,0.125,True
complex,-2.875,False,1.3125,True
simple,0.125,True,1.125,True
instruct,0.125,True,0.1875,True
complex,0.125,True,1.25,True
simple,-2.875,False,1.0625,True
instruct,-2.875,False,0.125,True
complex,-2.875,False,1.21875,True
simple,-2.3125,False,1.125,True
instruct,-2.3125,False,0.4375,True
complex,-2.3125,False,1.375,True
simple,-0.4375,False,1.15625,True
instruct,-0.4375,False,0.1875,True
complex,-0.4375,False,1.28125,True
simple,-2.625,False,1.125,True
instruct,-2.625,False,-0.0625,False
complex,-2.625,False,1.3125,True
simple,-3.125,False,1.0625,True
instruct,-3.125,False,0.25,True
complex,-3.125,False,1.375,True
simple,-0.75,False,1.09375,True
instruct,-0.75,False,0.0,False
complex,-0.75,False,1.3125,True
simple,-3.0,False,1.03125,True
instruct,-3.0,False,0.0625,True
complex,-3.0,False,1.25,True
simple,-2.25,False,1.15625,True
instruct,-2.25,False,0.0625,True
complex,-2.25,False,1.40625,True
simple,-0.875,False,0.9375,True
instruct,-0.875,False,0.1875,True
complex,-0.875,False,1.3125,True
simple,-0.75,False,1.28125,True
instruct,-0.75,False,0.3125,True
complex,-0.75,False,1.125,True
simple,-1.5,False,1.0625,True
instruct,-1.5,False,0.0,False
complex,-1.5,False,1.40625,True
simple,-1.875,False,1.125,True
instruct,-1.875,False,-0.0625,False
complex,-1.875,False,1.3125,True
simple,-1.25,False,1.03125,True
instruct,-1.25,False,0.0,False
complex,-1.25,False,1.25,True
simple,-2.75,False,0.75,True
instruct,-2.75,False,-0.125,False
complex,-2.75,False,1.25,True
simple,-2.625,False,1.125,True
instruct,-2.625,False,-0.125,False
complex,-2.625,False,1.0625,True
simple,-1.625,False,1.09375,True
instruct,-1.625,False,0.1875,True
complex,-1.625,False,1.40625,True
simple,-1.625,False,1.03125,True
instruct,-1.625,False,0.1875,True
complex,-1.625,False,1.03125,True
simple,-2.625,False,1.125,True
instruct,-2.625,False,0.25,True
complex,-2.625,False,1.25,True
simple,-0.625,False,1.21875,True
instruct,-0.625,False,-0.0625,False
complex,-0.625,False,0.96875,True
simple,-1.875,False,1.09375,True
instruct,-1.875,False,0.0,False
complex,-1.875,False,0.71875,True
simple,-3.375,False,1.0625,True
instruct,-3.375,False,0.75,True
complex,-3.375,False,1.59375,True
simple,-2.625,False,1.34375,True
instruct,-2.625,False,0.0,False
complex,-2.625,False,1.3125,True
simple,-2.4375,False,1.28125,True
instruct,-2.4375,False,0.0,False
complex,-2.4375,False,1.28125,True
simple,-3.375,False,0.90625,True
instruct,-3.375,False,0.0625,True
complex,-3.375,False,1.21875,True
simple,0.0,False,0.84375,True
instruct,0.0,False,0.5,True
complex,0.0,False,1.28125,True
simple,-2.0625,False,0.90625,True
instruct,-2.0625,False,0.25,True
complex,-2.0625,False,1.46875,True
simple,-3.75,False,1.0,True
instruct,-3.75,False,0.125,True
complex,-3.75,False,1.3125,True
simple,-1.625,False,1.0625,True
instruct,-1.625,False,0.125,True
complex,-1.625,False,1.3125,True
simple,-1.4375,False,1.15625,True
instruct,-1.4375,False,0.1875,True
complex,-1.4375,False,1.34375,True
simple,-1.75,False,1.0625,True
instruct,-1.75,False,0.0,False
complex,-1.75,False,1.25,True
simple,-0.75,False,1.15625,True
instruct,-0.75,False,-0.125,False
complex,-0.75,False,1.375,True
simple,-3.125,False,1.1875,True
instruct,-3.125,False,-0.0625,False
complex,-3.125,False,1.28125,True
simple,-2.125,False,1.34375,True
instruct,-2.125,False,0.6875,True
complex,-2.125,False,1.40625,True
simple,-1.125,False,0.78125,True
instruct,-1.125,False,0.1875,True
complex,-1.125,False,1.0,True
simple,0.125,True,1.125,True
instruct,0.125,True,0.5,True
complex,0.125,True,1.0625,True
simple,-2.125,False,1.0,True
instruct,-2.125,False,-0.25,False
complex,-2.125,False,1.0625,True
simple,-0.375,False,1.21875,True
instruct,-0.375,False,-0.0625,False
complex,-0.375,False,1.25,True
simple,-2.875,False,0.84375,True
instruct,-2.875,False,0.0625,True
complex,-2.875,False,1.34375,True
simple,-1.5,False,1.03125,True
instruct,-1.5,False,0.125,True
complex,-1.5,False,1.1875,True
simple,-0.75,False,1.1875,True
instruct,-0.75,False,-0.0625,False
complex,-0.75,False,1.1875,True
simple,-1.875,False,1.21875,True
instruct,-1.875,False,0.0,False
complex,-1.875,False,1.0625,True
simple,-4.5,False,0.84375,True
instruct,-4.5,False,0.3125,True
complex,-4.5,False,1.25,True
simple,-0.3125,False,1.21875,True
instruct,-0.3125,False,0.375,True
complex,-0.3125,False,1.375,True
simple,-0.9375,False,1.21875,True
instruct,-0.9375,False,0.0,False
complex,-0.9375,False,1.03125,True
simple,-3.375,False,1.3125,True
instruct,-3.375,False,0.0,False
complex,-3.375,False,1.0625,True
simple,-2.0,False,1.125,True
instruct,-2.0,False,0.0625,True
complex,-2.0,False,1.21875,True
simple,-0.625,False,0.75,True
instruct,-0.625,False,0.125,True
complex,-0.625,False,0.90625,True
simple,-0.875,False,0.90625,True
instruct,-0.875,False,0.25,True
complex,-0.875,False,1.375,True
simple,-5.125,False,0.84375,True
instruct,-5.125,False,-0.1875,False
complex,-5.125,False,1.15625,True
simple,-1.25,False,1.15625,True
instruct,-1.25,False,0.375,True
complex,-1.25,False,1.21875,True
simple,-0.375,False,0.9375,True
instruct,-0.375,False,0.25,True
complex,-0.375,False,1.15625,True
simple,-0.5625,False,1.0,True
instruct,-0.5625,False,0.0,False
complex,-0.5625,False,1.375,True
simple,-13.75,False,1.0,True
instruct,-13.75,False,0.25,True
complex,-13.75,False,1.5,True
simple,-1.0,False,1.25,True
instruct,-1.0,False,0.0625,True
complex,-1.0,False,1.34375,True
simple,-2.25,False,0.78125,True
instruct,-2.25,False,0.3125,True
complex,-2.25,False,1.5,True
simple,-0.5,False,1.1875,True
instruct,-0.5,False,0.0625,True
complex,-0.5,False,1.03125,True
simple,-2.5,False,1.0625,True
instruct,-2.5,False,0.3125,True
complex,-2.5,False,1.09375,True
simple,-2.0,False,0.71875,True
instruct,-2.0,False,-0.125,False
complex,-2.0,False,1.34375,True
simple,-3.0,False,1.15625,True
instruct,-3.0,False,0.375,True
complex,-3.0,False,1.25,True
simple,-3.125,False,0.8125,True
instruct,-3.125,False,0.5,True
complex,-3.125,False,1.21875,True
simple,-1.625,False,0.96875,True
instruct,-1.625,False,-0.125,False
complex,-1.625,False,1.0625,True
simple,-5.0,False,0.84375,True
instruct,-5.0,False,-0.1875,False
complex,-5.0,False,1.0625,True
simple,-0.5625,False,1.375,True
instruct,-0.5625,False,0.1875,True
complex,-0.5625,False,1.3125,True
simple,-1.125,False,1.125,True
instruct,-1.125,False,0.0,False
complex,-1.125,False,1.28125,True
simple,-1.5,False,0.84375,True
instruct,-1.5,False,-0.125,False
complex,-1.5,False,0.9375,True
simple,-1.25,False,1.21875,True
instruct,-1.25,False,-0.0625,False
complex,-1.25,False,1.21875,True
simple,-0.875,False,1.0625,True
instruct,-0.875,False,0.375,True
complex,-0.875,False,1.4375,True
simple,-1.875,False,0.875,True
instruct,-1.875,False,0.125,True
complex,-1.875,False,1.15625,True
simple,-1.375,False,0.9375,True
instruct,-1.375,False,-0.25,False
complex,-1.375,False,1.125,True
simple,-1.3125,False,1.0,True
instruct,-1.3125,False,-0.1875,False
complex,-1.3125,False,1.1875,True
simple,-3.75,False,0.875,True
instruct,-3.75,False,0.1875,True
complex,-3.75,False,1.28125,True
simple,-3.3125,False,1.125,True
instruct,-3.3125,False,0.0625,True
complex,-3.3125,False,1.46875,True
simple,0.0,False,1.0625,True
instruct,0.0,False,0.375,True
complex,0.0,False,1.3125,True
simple,-0.5,False,1.09375,True
instruct,-0.5,False,-0.0625,False
complex,-0.5,False,1.1875,True
simple,-1.25,False,1.09375,True
instruct,-1.25,False,-0.0625,False
complex,-1.25,False,1.0625,True
simple,-1.375,False,0.96875,True
instruct,-1.375,False,-0.125,False
complex,-1.375,False,1.3125,True
simple,-2.625,False,1.09375,True
instruct,-2.625,False,0.25,True
complex,-2.625,False,1.03125,True
simple,-0.875,False,1.0625,True
instruct,-0.875,False,0.125,True
complex,-0.875,False,1.09375,True
simple,-14.75,False,1.15625,True
instruct,-14.75,False,0.3125,True
complex,-14.75,False,1.1875,True
simple,-1.75,False,0.9375,True
instruct,-1.75,False,0.1875,True
complex,-1.75,False,1.0625,True
simple,-3.5,False,1.15625,True
instruct,-3.5,False,0.0,False
complex,-3.5,False,1.375,True
simple,-1.3125,False,1.0625,True
instruct,-1.3125,False,0.25,True
complex,-1.3125,False,1.25,True
simple,-1.375,False,0.71875,True
instruct,-1.375,False,0.0625,True
complex,-1.375,False,1.28125,True
simple,-0.375,False,1.125,True
instruct,-0.375,False,0.0625,True
complex,-0.375,False,1.25,True
simple,-12.75,False,0.96875,True
instruct,-12.75,False,0.0625,True
complex,-12.75,False,1.375,True
simple,-2.5,False,0.96875,True
instruct,-2.5,False,0.0,False
complex,-2.5,False,1.4375,True
simple,-2.375,False,1.09375,True
instruct,-2.375,False,0.3125,True
complex,-2.375,False,1.40625,True
simple,-1.25,False,0.9375,True
instruct,-1.25,False,-0.25,False
complex,-1.25,False,1.25,True
simple,0.5,True,1.125,True
instruct,0.5,True,0.625,True
complex,0.5,True,1.53125,True
simple,-3.125,False,0.875,True
instruct,-3.125,False,0.0625,True
complex,-3.125,False,0.96875,True
simple,-1.125,False,1.1875,True
instruct,-1.125,False,0.125,True
complex,-1.125,False,1.34375,True
simple,-8.9375,False,0.71875,True
instruct,-8.9375,False,-0.125,False
complex,-8.9375,False,1.4375,True
simple,-7.1875,False,0.875,True
instruct,-7.1875,False,-0.5,False
complex,-7.1875,False,1.28125,True
simple,-9.25,False,0.8125,True
instruct,-9.25,False,0.0,False
complex,-9.25,False,1.40625,True
simple,-10.5625,False,0.6875,True
instruct,-10.5625,False,-0.5625,False
complex,-10.5625,False,1.25,True
simple,-8.8125,False,0.90625,True
instruct,-8.8125,False,-0.125,False
complex,-8.8125,False,1.40625,True
simple,-9.25,False,0.96875,True
instruct,-9.25,False,-0.4375,False
complex,-9.25,False,1.0625,True
simple,-6.125,False,0.8125,True
instruct,-6.125,False,-0.5625,False
complex,-6.125,False,1.1875,True
simple,-10.25,False,0.75,True
instruct,-10.25,False,-0.625,False
complex,-10.25,False,1.46875,True
simple,-9.625,False,0.5625,True
instruct,-9.625,False,-0.875,False
complex,-9.625,False,1.125,True
simple,-8.1875,False,0.84375,True
instruct,-8.1875,False,-0.625,False
complex,-8.1875,False,1.1875,True
simple,-7.0,False,0.65625,True
instruct,-7.0,False,-0.3125,False
complex,-7.0,False,1.125,True
simple,-6.6875,False,1.03125,True
instruct,-6.6875,False,-0.375,False
complex,-6.6875,False,1.3125,True
simple,-8.3125,False,0.75,True
instruct,-8.3125,False,-0.6875,False
complex,-8.3125,False,0.78125,True
simple,-9.9375,False,0.75,True
instruct,-9.9375,False,-0.625,False
complex,-9.9375,False,1.1875,True
simple,-8.625,False,0.8125,True
instruct,-8.625,False,-0.3125,False
complex,-8.625,False,1.0625,True
simple,-7.1875,False,0.84375,True
instruct,-7.1875,False,-0.375,False
complex,-7.1875,False,0.96875,True
simple,-7.25,False,0.75,True
instruct,-7.25,False,-0.4375,False
complex,-7.25,False,1.09375,True
simple,-7.875,False,0.8125,True
instruct,-7.875,False,-0.4375,False
complex,-7.875,False,1.375,True
simple,-8.1875,False,0.8125,True
instruct,-8.1875,False,-0.375,False
complex,-8.1875,False,1.4375,True
simple,-7.6875,False,0.78125,True
instruct,-7.6875,False,-0.8125,False
complex,-7.6875,False,1.0625,True
simple,-8.0625,False,1.0,True
instruct,-8.0625,False,-0.375,False
complex,-8.0625,False,1.0,True
simple,-7.5,False,0.84375,True
instruct,-7.5,False,-0.25,False
complex,-7.5,False,1.1875,True
simple,-8.6875,False,0.84375,True
instruct,-8.6875,False,-0.75,False
complex,-8.6875,False,1.375,True
simple,-9.0,False,0.75,True
instruct,-9.0,False,-0.4375,False
complex,-9.0,False,1.28125,True
simple,-7.3125,False,0.875,True
instruct,-7.3125,False,-0.4375,False
complex,-7.3125,False,1.125,True
simple,-6.375,False,0.6875,True
instruct,-6.375,False,-0.625,False
complex,-6.375,False,1.21875,True
simple,-7.375,False,0.9375,True
instruct,-7.375,False,-0.4375,False
complex,-7.375,False,0.90625,True
simple,-9.5,False,0.84375,True
instruct,-9.5,False,-0.5625,False
complex,-9.5,False,1.375,True
simple,-5.375,False,1.0,True
instruct,-5.375,False,-0.25,False
complex,-5.375,False,1.25,True
simple,-7.75,False,0.8125,True
instruct,-7.75,False,-0.6875,False
complex,-7.75,False,1.09375,True
simple,-9.8125,False,0.6875,True
instruct,-9.8125,False,-0.4375,False
complex,-9.8125,False,1.5,True
simple,-12.0625,False,0.75,True
instruct,-12.0625,False,-0.6875,False
complex,-12.0625,False,1.21875,True
simple,-7.375,False,0.75,True
instruct,-7.375,False,-0.625,False
complex,-7.375,False,1.0625,True
simple,-9.375,False,0.8125,True
instruct,-9.375,False,-0.6875,False
complex,-9.375,False,0.65625,True
simple,-8.125,False,0.78125,True
instruct,-8.125,False,-0.3125,False
complex,-8.125,False,1.125,True
simple,-8.3125,False,1.0625,True
instruct,-8.3125,False,-0.3125,False
complex,-8.3125,False,1.21875,True
simple,-15.75,False,0.8125,True
instruct,-15.75,False,-0.25,False
complex,-15.75,False,1.09375,True
simple,-7.6875,False,0.6875,True
instruct,-7.6875,False,-0.4375,False
complex,-7.6875,False,1.28125,True
simple,-7.5625,False,0.6875,True
instruct,-7.5625,False,-0.8125,False
complex,-7.5625,False,1.0,True
simple,-7.25,False,0.6875,True
instruct,-7.25,False,-0.875,False
complex,-7.25,False,1.09375,True
simple,-5.875,False,0.8125,True
instruct,-5.875,False,-0.75,False
complex,-5.875,False,0.96875,True
simple,-6.6875,False,0.625,True
instruct,-6.6875,False,-0.625,False
complex,-6.6875,False,1.28125,True
simple,-7.1875,False,1.03125,True
instruct,-7.1875,False,-0.4375,False
complex,-7.1875,False,1.1875,True
simple,-8.0,False,0.90625,True
instruct,-8.0,False,-0.75,False
complex,-8.0,False,1.28125,True
simple,-7.75,False,0.75,True
instruct,-7.75,False,-0.4375,False
complex,-7.75,False,1.0625,True
simple,-6.8125,False,0.875,True
instruct,-6.8125,False,-0.1875,False
complex,-6.8125,False,1.40625,True
simple,-8.3125,False,0.53125,True
instruct,-8.3125,False,-0.5625,False
complex,-8.3125,False,1.1875,True
simple,-8.1875,False,0.9375,True
instruct,-8.1875,False,-0.625,False
complex,-8.1875,False,1.09375,True
simple,-8.125,False,0.75,True
instruct,-8.125,False,-0.375,False
complex,-8.125,False,1.1875,True
simple,-8.125,False,1.0,True
instruct,-8.125,False,-0.125,False
complex,-8.125,False,1.375,True
simple,-6.0,False,0.6875,True
instruct,-6.0,False,-0.5625,False
complex,-6.0,False,1.0625,True
simple,-8.9375,False,0.65625,True
instruct,-8.9375,False,-0.5625,False
complex,-8.9375,False,1.25,True
simple,-5.9375,False,0.71875,True
instruct,-5.9375,False,-0.625,False
complex,-5.9375,False,1.15625,True
simple,-6.125,False,0.875,True
instruct,-6.125,False,-0.6875,False
complex,-6.125,False,1.125,True
simple,-9.75,False,0.8125,True
instruct,-9.75,False,-0.5625,False
complex,-9.75,False,1.1875,True
simple,-8.1875,False,0.625,True
instruct,-8.1875,False,-0.6875,False
complex,-8.1875,False,1.34375,True
simple,-8.8125,False,0.84375,True
instruct,-8.8125,False,-0.5,False
complex,-8.8125,False,1.34375,True
simple,-6.75,False,0.9375,True
instruct,-6.75,False,-0.625,False
complex,-6.75,False,1.125,True
simple,-8.3125,False,0.6875,True
instruct,-8.3125,False,-0.625,False
complex,-8.3125,False,1.0625,True
simple,-7.25,False,0.6875,True
instruct,-7.25,False,-0.25,False
complex,-7.25,False,1.0,True
simple,-9.4375,False,0.6875,True
instruct,-9.4375,False,-0.625,False
complex,-9.4375,False,1.3125,True
simple,-10.8125,False,0.78125,True
instruct,-10.8125,False,-0.3125,False
complex,-10.8125,False,1.28125,True
simple,-6.0,False,0.9375,True
instruct,-6.0,False,-0.1875,False
complex,-6.0,False,0.875,True
simple,-8.0,False,0.8125,True
instruct,-8.0,False,-0.75,False
complex,-8.0,False,1.0625,True
simple,-7.625,False,0.9375,True
instruct,-7.625,False,-0.6875,False
complex,-7.625,False,1.0625,True
simple,-7.375,False,0.625,True
instruct,-7.375,False,-0.625,False
complex,-7.375,False,1.15625,True
simple,-10.125,False,0.75,True
instruct,-10.125,False,-0.875,False
complex,-10.125,False,1.1875,True
simple,-8.375,False,0.625,True
instruct,-8.375,False,-0.375,False
complex,-8.375,False,1.1875,True
simple,-7.1875,False,0.84375,True
instruct,-7.1875,False,-0.4375,False
complex,-7.1875,False,1.125,True
simple,-11.0,False,0.9375,True
instruct,-11.0,False,-0.375,False
complex,-11.0,False,1.1875,True
simple,-10.1875,False,0.625,True
instruct,-10.1875,False,-0.75,False
complex,-10.1875,False,1.0,True
simple,-10.0,False,0.6875,True
instruct,-10.0,False,-0.625,False
complex,-10.0,False,1.375,True
simple,-5.0,False,0.84375,True
instruct,-5.0,False,-0.0625,False
complex,-5.0,False,1.25,True
simple,-7.375,False,0.75,True
instruct,-7.375,False,-0.625,False
complex,-7.375,False,0.96875,True
simple,-7.375,False,0.6875,True
instruct,-7.375,False,-1.0,False
complex,-7.375,False,0.90625,True
simple,-9.4375,False,0.78125,True
instruct,-9.4375,False,-0.3125,False
complex,-9.4375,False,1.4375,True
simple,-6.375,False,0.875,True
instruct,-6.375,False,-0.6875,False
complex,-6.375,False,1.0,True
simple,-8.625,False,0.9375,True
instruct,-8.625,False,-0.4375,False
complex,-8.625,False,1.3125,True
simple,-10.1875,False,0.6875,True
instruct,-10.1875,False,-0.5625,False
complex,-10.1875,False,1.25,True
simple,-5.6875,False,0.9375,True
instruct,-5.6875,False,-0.5,False
complex,-5.6875,False,1.3125,True
simple,-6.5625,False,0.875,True
instruct,-6.5625,False,-0.875,False
complex,-6.5625,False,1.0625,True
simple,-7.125,False,0.625,True
instruct,-7.125,False,-0.4375,False
complex,-7.125,False,1.46875,True
simple,-8.5,False,0.53125,True
instruct,-8.5,False,-1.1875,False
complex,-8.5,False,1.0625,True
simple,-12.0,False,0.625,True
instruct,-12.0,False,-0.625,False
complex,-12.0,False,1.21875,True
simple,-8.0625,False,0.8125,True
instruct,-8.0625,False,0.0625,True
complex,-8.0625,False,1.28125,True
simple,-7.9375,False,0.8125,True
instruct,-7.9375,False,-0.625,False
complex,-7.9375,False,1.0,True
simple,-7.875,False,0.90625,True
instruct,-7.875,False,-0.3125,False
complex,-7.875,False,1.09375,True
simple,-14.125,False,0.5625,True
instruct,-14.125,False,-0.625,False
complex,-14.125,False,1.25,True
simple,-9.125,False,1.03125,True
instruct,-9.125,False,-0.5,False
complex,-9.125,False,1.21875,True
simple,-6.0,False,0.84375,True
instruct,-6.0,False,-0.375,False
complex,-6.0,False,1.28125,True
simple,-10.4375,False,0.59375,True
instruct,-10.4375,False,-0.25,False
complex,-10.4375,False,1.40625,True
simple,-7.8125,False,0.71875,True
instruct,-7.8125,False,-0.125,False
complex,-7.8125,False,1.21875,True
simple,-9.0,False,0.9375,True
instruct,-9.0,False,-0.5,False
complex,-9.0,False,1.09375,True
simple,-7.5,False,0.75,True
instruct,-7.5,False,-0.75,False
complex,-7.5,False,0.71875,True
simple,-10.125,False,0.875,True
instruct,-10.125,False,-0.75,False
complex,-10.125,False,1.25,True
simple,-6.0625,False,0.75,True
instruct,-6.0625,False,-0.9375,False
complex,-6.0625,False,1.15625,True
simple,-8.3125,False,0.625,True
instruct,-8.3125,False,-0.75,False
complex,-8.3125,False,1.1875,True
simple,-12.875,False,0.5,True
instruct,-12.875,False,-0.4375,False
complex,-12.875,False,1.34375,True
simple,-7.125,False,0.96875,True
instruct,-7.125,False,-0.5625,False
complex,-7.125,False,1.0,True
simple,-9.25,False,0.75,True
instruct,-9.25,False,-0.625,False
complex,-9.25,False,1.15625,True
simple,3.25,True,1.1875,True
instruct,3.25,True,0.0,False
complex,3.25,True,1.28125,True
simple,-4.125,False,0.875,True
instruct,-4.125,False,0.0,False
complex,-4.125,False,1.0,True
simple,-2.4375,False,1.03125,True
instruct,-2.4375,False,0.3125,True
complex,-2.4375,False,0.96875,True
simple,1.1875,True,1.34375,True
instruct,1.1875,True,0.375,True
complex,1.1875,True,1.03125,True
simple,0.875,True,1.1875,True
instruct,0.875,True,0.25,True
complex,0.875,True,1.09375,True
simple,-4.4375,False,1.03125,True
instruct,-4.4375,False,0.0,False
complex,-4.4375,False,0.96875,True
simple,0.25,True,1.03125,True
instruct,0.25,True,0.0,False
complex,0.25,True,1.0625,True
simple,-5.8125,False,1.1875,True
instruct,-5.8125,False,0.1875,True
complex,-5.8125,False,1.03125,True
simple,-0.5,False,1.0625,True
instruct,-0.5,False,0.3125,True
complex,-0.5,False,0.96875,True
simple,-2.75,False,1.03125,True
instruct,-2.75,False,0.1875,True
complex,-2.75,False,1.1875,True
simple,0.1875,True,1.25,True
instruct,0.1875,True,0.3125,True
complex,0.1875,True,1.15625,True
simple,-4.46875,False,1.28125,True
instruct,-4.46875,False,0.3125,True
complex,-4.46875,False,0.84375,True
simple,-3.0,False,0.71875,True
instruct,-3.0,False,0.75,True
complex,-3.0,False,1.125,True
simple,-2.3125,False,1.0625,True
instruct,-2.3125,False,0.3125,True
complex,-2.3125,False,0.84375,True
simple,-5.25,False,1.03125,True
instruct,-5.25,False,0.25,True
complex,-5.25,False,0.96875,True
simple,-3.75,False,0.96875,True
instruct,-3.75,False,0.3125,True
complex,-3.75,False,1.09375,True
simple,-0.9375,False,1.09375,True
instruct,-0.9375,False,0.1875,True
complex,-0.9375,False,1.0625,True
simple,-2.5625,False,0.875,True
instruct,-2.5625,False,0.0,False
complex,-2.5625,False,0.9375,True
simple,-3.6875,False,1.03125,True
instruct,-3.6875,False,-0.0625,False
complex,-3.6875,False,0.6875,True
simple,-2.4375,False,1.21875,True
instruct,-2.4375,False,0.25,True
complex,-2.4375,False,0.71875,True
simple,-0.625,False,1.0625,True
instruct,-0.625,False,0.25,True
complex,-0.625,False,0.90625,True
simple,-0.875,False,0.9375,True
instruct,-0.875,False,0.375,True
complex,-0.875,False,1.0625,True
simple,0.5625,True,1.125,True
instruct,0.5625,True,0.1875,True
complex,0.5625,True,0.875,True
simple,-5.8125,False,0.8125,True
instruct,-5.8125,False,0.25,True
complex,-5.8125,False,0.875,True
simple,-2.1875,False,1.0625,True
instruct,-2.1875,False,0.125,True
complex,-2.1875,False,0.8125,True
simple,-4.5,False,0.84375,True
instruct,-4.5,False,0.4375,True
complex,-4.5,False,0.90625,True
simple,-3.25,False,0.90625,True
instruct,-3.25,False,0.0,False
complex,-3.25,False,0.84375,True
simple,-1.4375,False,0.875,True
instruct,-1.4375,False,0.375,True
complex,-1.4375,False,1.0,True
simple,-3.6875,False,1.0,True
instruct,-3.6875,False,0.3125,True
complex,-3.6875,False,1.21875,True
simple,-3.3125,False,1.125,True
instruct,-3.3125,False,0.5,True
complex,-3.3125,False,1.0,True
simple,0.625,True,0.875,True
instruct,0.625,True,0.0625,True
complex,0.625,True,0.96875,True
simple,-0.5625,False,1.03125,True
instruct,-0.5625,False,-0.125,False
complex,-0.5625,False,1.1875,True
simple,-2.3125,False,1.1875,True
instruct,-2.3125,False,0.125,True
complex,-2.3125,False,1.1875,True
simple,-4.3125,False,0.71875,True
instruct,-4.3125,False,0.1875,True
complex,-4.3125,False,0.78125,True
simple,-1.3125,False,1.0,True
instruct,-1.3125,False,0.375,True
complex,-1.3125,False,0.875,True
simple,-0.9375,False,0.90625,True
instruct,-0.9375,False,-0.1875,False
complex,-0.9375,False,0.6875,True
simple,-3.625,False,0.875,True
instruct,-3.625,False,0.4375,True
complex,-3.625,False,1.0,True
simple,-1.0625,False,1.0,True
instruct,-1.0625,False,-0.1875,False
complex,-1.0625,False,0.96875,True
simple,1.3125,True,1.15625,True
instruct,1.3125,True,0.3125,True
complex,1.3125,True,0.84375,True
simple,-1.8125,False,1.03125,True
instruct,-1.8125,False,0.3125,True
complex,-1.8125,False,0.96875,True
simple,-25.8125,False,0.84375,True
instruct,-25.8125,False,-0.1875,False
complex,-25.8125,False,1.03125,True
simple,-2.5,False,0.9375,True
instruct,-2.5,False,0.125,True
complex,-2.5,False,0.84375,True
simple,-2.75,False,1.09375,True
instruct,-2.75,False,0.0625,True
complex,-2.75,False,1.09375,True
simple,-1.8125,False,0.6875,True
instruct,-1.8125,False,0.5,True
complex,-1.8125,False,1.125,True
simple,-0.9375,False,1.03125,True
instruct,-0.9375,False,0.3125,True
complex,-0.9375,False,0.90625,True
simple,-3.875,False,1.09375,True
instruct,-3.875,False,0.375,True
complex,-3.875,False,1.0,True
simple,0.875,True,1.0,True
instruct,0.875,True,0.1875,True
complex,0.875,True,1.03125,True
simple,-5.21875,False,1.375,True
instruct,-5.21875,False,0.1875,True
complex,-5.21875,False,0.96875,True
simple,-3.6875,False,1.0625,True
instruct,-3.6875,False,0.375,True
complex,-3.6875,False,1.1875,True
simple,-12.25,False,0.71875,True
instruct,-12.25,False,0.1875,True
complex,-12.25,False,0.90625,True
simple,-4.0,False,0.65625,True
instruct,-4.0,False,0.125,True
complex,-4.0,False,1.15625,True
simple,-0.375,False,1.03125,True
instruct,-0.375,False,-0.125,False
complex,-0.375,False,0.71875,True
simple,-1.875,False,1.09375,True
instruct,-1.875,False,0.0625,True
complex,-1.875,False,0.59375,True
simple,-3.5625,False,1.21875,True
instruct,-3.5625,False,0.125,True
complex,-3.5625,False,0.96875,True
simple,-2.0,False,1.28125,True
instruct,-2.0,False,0.25,True
complex,-2.0,False,1.15625,True
simple,-2.8125,False,1.09375,True
instruct,-2.8125,False,0.375,True
complex,-2.8125,False,1.0625,True
simple,-2.625,False,0.875,True
instruct,-2.625,False,-0.125,False
complex,-2.625,False,1.03125,True
simple,-2.3125,False,0.96875,True
instruct,-2.3125,False,0.0,False
complex,-2.3125,False,1.0625,True
simple,-7.0625,False,0.9375,True
instruct,-7.0625,False,0.4375,True
complex,-7.0625,False,1.1875,True
simple,-1.6875,False,1.21875,True
instruct,-1.6875,False,0.25,True
complex,-1.6875,False,1.0625,True
simple,-1.25,False,1.125,True
instruct,-1.25,False,0.125,True
complex,-1.25,False,1.15625,True
simple,-4.375,False,1.3125,True
instruct,-4.375,False,0.1875,True
complex,-4.375,False,1.0625,True
simple,-0.8125,False,0.75,True
instruct,-0.8125,False,0.125,True
complex,-0.8125,False,1.0625,True
simple,-2.625,False,0.96875,True
instruct,-2.625,False,0.5625,True
complex,-2.625,False,1.0625,True
simple,-1.625,False,0.65625,True
instruct,-1.625,False,0.125,True
complex,-1.625,False,0.96875,True
simple,-3.0625,False,0.8125,True
instruct,-3.0625,False,0.3125,True
complex,-3.0625,False,1.15625,True
simple,0.1875,True,0.96875,True
instruct,0.1875,True,0.625,True
complex,0.1875,True,0.8125,True
simple,-2.25,False,0.9375,True
instruct,-2.25,False,-0.1875,False
complex,-2.25,False,0.90625,True
simple,-6.875,False,0.9375,True
instruct,-6.875,False,0.3125,True
complex,-6.875,False,1.03125,True
simple,-2.5625,False,0.96875,True
instruct,-2.5625,False,0.0625,True
complex,-2.5625,False,0.71875,True
simple,-2.0625,False,0.96875,True
instruct,-2.0625,False,0.1875,True
complex,-2.0625,False,0.9375,True
simple,-2.25,False,0.875,True
instruct,-2.25,False,0.25,True
complex,-2.25,False,1.03125,True
simple,-2.75,False,1.28125,True
instruct,-2.75,False,-0.1875,False
complex,-2.75,False,1.125,True
simple,-6.875,False,0.875,True
instruct,-6.875,False,0.0625,True
complex,-6.875,False,0.71875,True
simple,-3.375,False,1.0,True
instruct,-3.375,False,-0.5,False
complex,-3.375,False,0.96875,True
simple,-3.9375,False,0.875,True
instruct,-3.9375,False,0.4375,True
complex,-3.9375,False,0.8125,True
simple,-0.625,False,1.0625,True
instruct,-0.625,False,0.125,True
complex,-0.625,False,0.71875,True
simple,1.125,True,0.90625,True
instruct,1.125,True,0.0625,True
complex,1.125,True,1.09375,True
simple,-1.25,False,1.09375,True
instruct,-1.25,False,-0.1875,False
complex,-1.25,False,0.90625,True
simple,-0.1875,False,1.125,True
instruct,-0.1875,False,0.375,True
complex,-0.1875,False,1.125,True
simple,-4.0,False,0.75,True
instruct,-4.0,False,0.25,True
complex,-4.0,False,0.96875,True
simple,-1.3125,False,0.75,True
instruct,-1.3125,False,0.5625,True
complex,-1.3125,False,0.8125,True
simple,-2.125,False,1.0,True
instruct,-2.125,False,0.3125,True
complex,-2.125,False,0.75,True
simple,-1.5,False,1.03125,True
instruct,-1.5,False,0.125,True
complex,-1.5,False,0.625,True
simple,-3.5625,False,1.1875,True
instruct,-3.5625,False,-0.625,False
complex,-3.5625,False,0.84375,True
simple,-1.1875,False,0.96875,True
instruct,-1.1875,False,0.125,True
complex,-1.1875,False,1.03125,True
simple,-1.25,False,0.8125,True
instruct,-1.25,False,0.25,True
complex,-1.25,False,1.03125,True
simple,-4.4375,False,1.21875,True
instruct,-4.4375,False,0.3125,True
complex,-4.4375,False,1.0,True
simple,-1.375,False,1.125,True
instruct,-1.375,False,-0.0625,False
complex,-1.375,False,1.0625,True
simple,-1.125,False,0.875,True
instruct,-1.125,False,-0.0625,False
complex,-1.125,False,0.90625,True
simple,-0.6875,False,0.84375,True
instruct,-0.6875,False,0.1875,True
complex,-0.6875,False,0.90625,True
simple,-0.75,False,0.96875,True
instruct,-0.75,False,-0.0625,False
complex,-0.75,False,0.75,True
simple,-7.28125,False,0.375,True
instruct,-7.28125,False,0.4375,True
complex,-7.28125,False,0.96875,True
simple,-1.125,False,0.75,True
instruct,-1.125,False,0.375,True
complex,-1.125,False,1.1875,True
simple,-2.0625,False,0.53125,True
instruct,-2.0625,False,0.6875,True
complex,-2.0625,False,1.1875,True
simple,-4.5625,False,0.5625,True
instruct,-4.5625,False,0.4375,True
complex,-4.5625,False,0.9375,True
simple,-1.8125,False,0.6875,True
instruct,-1.8125,False,0.5625,True
complex,-1.8125,False,0.90625,True
simple,-2.0625,False,-0.03125,False
instruct,-2.0625,False,0.0625,True
complex,-2.0625,False,1.03125,True
simple,-5.0,False,-0.0625,False
instruct,-5.0,False,0.6875,True
complex,-5.0,False,0.96875,True
simple,-1.5625,False,1.09375,True
instruct,-1.5625,False,0.1875,True
complex,-1.5625,False,1.03125,True
simple,-3.625,False,1.0625,True
instruct,-3.625,False,-0.125,False
complex,-3.625,False,1.25,True
simple,-1.25,False,1.375,True
instruct,-1.25,False,-0.1875,False
complex,-1.25,False,1.3125,True
simple,-2.625,False,1.5,True
instruct,-2.625,False,-0.25,False
complex,-2.625,False,1.21875,True
simple,-1.5625,False,1.3125,True
instruct,-1.5625,False,-0.375,False
complex,-1.5625,False,1.375,True
simple,-0.375,False,1.3125,True
instruct,-0.375,False,0.0,False
complex,-0.375,False,1.0625,True
simple,-0.75,False,1.34375,True
instruct,-0.75,False,0.125,True
complex,-0.75,False,1.0,True
simple,-3.1875,False,1.3125,True
instruct,-3.1875,False,0.125,True
complex,-3.1875,False,0.96875,True
simple,-1.875,False,1.25,True
instruct,-1.875,False,0.125,True
complex,-1.875,False,1.4375,True
simple,0.75,True,1.375,True
instruct,0.75,True,0.1875,True
complex,0.75,True,1.4375,True
simple,-1.75,False,1.125,True
instruct,-1.75,False,0.125,True
complex,-1.75,False,1.25,True
simple,-0.25,False,1.34375,True
instruct,-0.25,False,0.0,False
complex,-0.25,False,1.21875,True
simple,0.0625,True,1.15625,True
instruct,0.0625,True,0.125,True
complex,0.0625,True,1.28125,True
simple,-0.75,False,1.375,True
instruct,-0.75,False,0.1875,True
complex,-0.75,False,1.40625,True
simple,-0.875,False,1.3125,True
instruct,-0.875,False,-0.125,False
complex,-0.875,False,1.15625,True
simple,-1.4375,False,1.15625,True
instruct,-1.4375,False,0.0625,True
complex,-1.4375,False,1.09375,True
simple,-1.375,False,1.15625,True
instruct,-1.375,False,0.0,False
complex,-1.375,False,1.0,True
simple,-1.9375,False,1.1875,True
instruct,-1.9375,False,0.1875,True
complex,-1.9375,False,1.125,True
simple,-0.875,False,1.125,True
instruct,-0.875,False,0.1875,True
complex,-0.875,False,1.0625,True
simple,-11.75,False,1.28125,True
instruct,-11.75,False,0.125,True
complex,-11.75,False,1.1875,True
simple,0.25,True,1.1875,True
instruct,0.25,True,0.125,True
complex,0.25,True,1.15625,True
simple,2.6875,True,1.6875,True
instruct,2.6875,True,0.5,True
complex,2.6875,True,0.75,True
simple,-1.75,False,1.5,True
instruct,-1.75,False,-0.125,False
complex,-1.75,False,1.21875,True
simple,0.5625,True,1.25,True
instruct,0.5625,True,0.0625,True
complex,0.5625,True,1.34375,True
simple,-1.125,False,1.4375,True
instruct,-1.125,False,-0.0625,False
complex,-1.125,False,1.28125,True
simple,-0.1875,False,1.1875,True
instruct,-0.1875,False,0.0,False
complex,-0.1875,False,1.34375,True
simple,-1.8125,False,1.0,True
instruct,-1.8125,False,-0.5,False
complex,-1.8125,False,0.71875,True
simple,0.75,True,1.125,True
instruct,0.75,True,0.0,False
complex,0.75,True,1.28125,True
simple,-0.125,False,1.21875,True
instruct,-0.125,False,-0.125,False
complex,-0.125,False,1.0625,True
simple,-3.375,False,1.21875,True
instruct,-3.375,False,-0.0625,False
complex,-3.375,False,1.1875,True
simple,-0.75,False,1.15625,True
instruct,-0.75,False,-0.375,False
complex,-0.75,False,1.4375,True
simple,-0.75,False,0.84375,True
instruct,-0.75,False,-0.25,False
complex,-0.75,False,0.8125,True
simple,-0.0625,False,1.0625,True
instruct,-0.0625,False,0.0,False
complex,-0.0625,False,1.15625,True
simple,-4.25,False,0.9375,True
instruct,-4.25,False,-0.1875,False
complex,-4.25,False,0.90625,True
simple,-0.375,False,1.09375,True
instruct,-0.375,False,0.125,True
complex,-0.375,False,1.0625,True
simple,-0.6875,False,1.15625,True
instruct,-0.6875,False,0.1875,True
complex,-0.6875,False,1.03125,True
simple,0.125,True,1.28125,True
instruct,0.125,True,0.375,True
complex,0.125,True,1.1875,True
simple,-0.375,False,1.03125,True
instruct,-0.375,False,0.0,False
complex,-0.375,False,1.15625,True
simple,1.5625,True,1.15625,True
instruct,1.5625,True,0.1875,True
complex,1.5625,True,1.25,True
simple,1.75,True,1.125,True
instruct,1.75,True,0.4375,True
complex,1.75,True,1.0625,True
simple,-0.4375,False,1.34375,True
instruct,-0.4375,False,-0.0625,False
complex,-0.4375,False,1.1875,True
simple,-0.375,False,1.1875,True
instruct,-0.375,False,0.0,False
complex,-0.375,False,1.34375,True
simple,-2.25,False,1.21875,True
instruct,-2.25,False,-0.125,False
complex,-2.25,False,1.1875,True
simple,0.5,True,1.40625,True
instruct,0.5,True,0.0625,True
complex,0.5,True,1.09375,True
simple,-0.75,False,1.1875,True
instruct,-0.75,False,0.0,False
complex,-0.75,False,0.875,True
simple,0.0625,True,1.0,True
instruct,0.0625,True,0.0625,True
complex,0.0625,True,1.40625,True
simple,-1.5625,False,1.21875,True
instruct,-1.5625,False,0.0,False
complex,-1.5625,False,1.1875,True
simple,-1.8125,False,0.96875,True
instruct,-1.8125,False,0.125,True
complex,-1.8125,False,1.0,True
simple,-1.375,False,1.0,True
instruct,-1.375,False,0.375,True
complex,-1.375,False,1.25,True
simple,-1.625,False,1.0625,True
instruct,-1.625,False,0.125,True
complex,-1.625,False,1.21875,True
simple,-0.75,False,0.8125,True
instruct,-0.75,False,-0.0625,False
complex,-0.75,False,0.875,True
simple,-1.5,False,1.03125,True
instruct,-1.5,False,0.25,True
complex,-1.5,False,1.125,True
simple,0.0,False,1.125,True
instruct,0.0,False,0.3125,True
complex,0.0,False,1.15625,True
simple,-1.5,False,1.03125,True
instruct,-1.5,False,0.0,False
complex,-1.5,False,0.9375,True
simple,-1.3125,False,1.46875,True
instruct,-1.3125,False,0.0625,True
complex,-1.3125,False,1.40625,True
simple,-3.375,False,0.9375,True
instruct,-3.375,False,0.0625,True
complex,-3.375,False,0.875,True
simple,-1.9375,False,1.28125,True
instruct,-1.9375,False,-0.1875,False
complex,-1.9375,False,1.28125,True
simple,-0.25,False,1.25,True
instruct,-0.25,False,0.375,True
complex,-0.25,False,1.3125,True
simple,-0.125,False,1.1875,True
instruct,-0.125,False,0.0,False
complex,-0.125,False,1.28125,True
simple,0.375,True,1.4375,True
instruct,0.375,True,0.0,False
complex,0.375,True,1.53125,True
simple,-3.6875,False,1.40625,True
instruct,-3.6875,False,-0.0625,False
complex,-3.6875,False,1.34375,True
simple,1.375,True,1.0625,True
instruct,1.375,True,0.1875,True
complex,1.375,True,1.125,True
simple,-0.25,False,1.34375,True
instruct,-0.25,False,0.0,False
complex,-0.25,False,1.25,True
simple,-1.125,False,1.21875,True
instruct,-1.125,False,0.0,False
complex,-1.125,False,1.0625,True
simple,-0.375,False,1.28125,True
instruct,-0.375,False,0.125,True
complex,-0.375,False,1.3125,True
simple,-2.0,False,1.28125,True
instruct,-2.0,False,-0.0625,False
complex,-2.0,False,1.25,True
simple,-2.375,False,1.15625,True
instruct,-2.375,False,0.0,False
complex,-2.375,False,1.21875,True
simple,0.8125,True,1.28125,True
instruct,0.8125,True,0.375,True
complex,0.8125,True,0.84375,True
simple,1.5625,True,1.3125,True
instruct,1.5625,True,-0.0625,False
complex,1.5625,True,1.375,True
simple,-0.6875,False,1.21875,True
instruct,-0.6875,False,-0.125,False
complex,-0.6875,False,1.25,True
simple,-2.625,False,1.0625,True
instruct,-2.625,False,-0.0625,False
complex,-2.625,False,1.03125,True
simple,0.6875,True,1.21875,True
instruct,0.6875,True,0.1875,True
complex,0.6875,True,1.15625,True
simple,1.6875,True,1.09375,True
instruct,1.6875,True,0.0,False
complex,1.6875,True,1.28125,True
simple,-1.5,False,0.78125,True
instruct,-1.5,False,-0.25,False
complex,-1.5,False,1.09375,True
simple,-1.5,False,1.3125,True
instruct,-1.5,False,0.125,True
complex,-1.5,False,1.375,True
simple,-1.0625,False,1.3125,True
instruct,-1.0625,False,0.0,False
complex,-1.0625,False,1.4375,True
simple,0.3125,True,1.28125,True
instruct,0.3125,True,-0.125,False
complex,0.3125,True,1.28125,True
simple,-3.5625,False,1.25,True
instruct,-3.5625,False,-0.3125,False
complex,-3.5625,False,1.1875,True
simple,-2.125,False,1.21875,True
instruct,-2.125,False,-0.3125,False
complex,-2.125,False,1.0,True
simple,2.4375,True,1.03125,True
instruct,2.4375,True,-0.1875,False
complex,2.4375,True,1.03125,True
simple,-0.0625,False,1.21875,True
instruct,-0.0625,False,0.125,True
complex,-0.0625,False,1.15625,True
simple,-2.0,False,1.375,True
instruct,-2.0,False,0.0625,True
complex,-2.0,False,1.1875,True
simple,-1.1875,False,1.1875,True
instruct,-1.1875,False,0.0,False
complex,-1.1875,False,1.3125,True
simple,-1.5,False,1.3125,True
instruct,-1.5,False,-0.1875,False
complex,-1.5,False,1.375,True
simple,-2.0,False,1.28125,True
instruct,-2.0,False,0.25,True
complex,-2.0,False,1.21875,True
simple,-2.0625,False,1.28125,True
instruct,-2.0625,False,0.0625,True
complex,-2.0625,False,1.09375,True
simple,-0.75,False,1.09375,True
instruct,-0.75,False,-0.25,False
complex,-0.75,False,1.15625,True
simple,0.0,False,1.15625,True
instruct,0.0,False,0.3125,True
complex,0.0,False,1.125,True
simple,0.875,True,1.3125,True
instruct,0.875,True,0.0,False
complex,0.875,True,1.1875,True
simple,0.0625,True,1.21875,True
instruct,0.0625,True,0.0,False
complex,0.0625,True,1.0625,True
simple,-1.125,False,1.09375,True
instruct,-1.125,False,0.25,True
complex,-1.125,False,1.34375,True
simple,-2.8125,False,0.8125,True
instruct,-2.8125,False,0.125,True
complex,-2.8125,False,0.65625,True
simple,-0.0625,False,1.125,True
instruct,-0.0625,False,-0.1875,False
complex,-0.0625,False,1.15625,True
simple,0.375,True,1.28125,True
instruct,0.375,True,0.0,False
complex,0.375,True,1.0625,True
simple,-0.125,False,1.1875,True
instruct,-0.125,False,0.0,False
complex,-0.125,False,1.0625,True
simple,1.5,True,1.25,True
instruct,1.5,True,0.1875,True
complex,1.5,True,1.34375,True
simple,-2.9375,False,1.25,True
instruct,-2.9375,False,0.1875,True
complex,-2.9375,False,1.21875,True
simple,-2.5625,False,1.125,True
instruct,-2.5625,False,0.1875,True
complex,-2.5625,False,1.21875,True
simple,-0.75,False,0.9375,True
instruct,-0.75,False,0.3125,True
complex,-0.75,False,1.0625,True
simple,-1.375,False,1.125,True
instruct,-1.375,False,-0.3125,False
complex,-1.375,False,1.1875,True
simple,-1.625,False,0.96875,True
instruct,-1.625,False,-0.125,False
complex,-1.625,False,1.21875,True
simple,-6.375,False,1.15625,True
instruct,-6.375,False,0.125,True
complex,-6.375,False,1.5,True
simple,-6.8125,False,0.75,True
instruct,-6.8125,False,0.125,True
complex,-6.8125,False,1.375,True
simple,-6.9375,False,1.1875,True
instruct,-6.9375,False,0.0,False
complex,-6.9375,False,1.53125,True
simple,-7.9375,False,0.96875,True
instruct,-7.9375,False,0.0,False
complex,-7.9375,False,1.59375,True
simple,-6.875,False,0.90625,True
instruct,-6.875,False,-0.125,False
complex,-6.875,False,1.46875,True
simple,-9.125,False,1.125,True
instruct,-9.125,False,0.1875,True
complex,-9.125,False,1.5625,True
simple,-8.1875,False,1.0,True
instruct,-8.1875,False,0.25,True
complex,-8.1875,False,1.5625,True
simple,-5.6875,False,0.78125,True
instruct,-5.6875,False,0.0,False
complex,-5.6875,False,1.34375,True
simple,-7.5,False,1.21875,True
instruct,-7.5,False,0.3125,True
complex,-7.5,False,1.65625,True
simple,-7.21875,False,0.875,True
instruct,-7.21875,False,0.0,False
complex,-7.21875,False,1.3125,True
simple,-8.125,False,1.125,True
instruct,-8.125,False,0.0625,True
complex,-8.125,False,1.40625,True
simple,-7.78125,False,0.96875,True
instruct,-7.78125,False,-0.0625,False
complex,-7.78125,False,1.46875,True
simple,-8.4375,False,1.09375,True
instruct,-8.4375,False,0.1875,True
complex,-8.4375,False,1.5625,True
simple,-6.375,False,1.0,True
instruct,-6.375,False,0.1875,True
complex,-6.375,False,1.5,True
simple,-8.875,False,1.1875,True
instruct,-8.875,False,0.25,True
complex,-8.875,False,1.46875,True
simple,-6.625,False,0.9375,True
instruct,-6.625,False,0.125,True
complex,-6.625,False,1.3125,True
simple,-8.75,False,1.09375,True
instruct,-8.75,False,0.0625,True
complex,-8.75,False,1.46875,True
simple,-7.5,False,0.96875,True
instruct,-7.5,False,0.125,True
complex,-7.5,False,1.5,True
simple,-7.375,False,0.9375,True
instruct,-7.375,False,0.25,True
complex,-7.375,False,1.4375,True
simple,-6.90625,False,0.625,True
instruct,-6.90625,False,-0.3125,False
complex,-6.90625,False,1.40625,True
simple,-7.625,False,1.125,True
instruct,-7.625,False,0.375,True
complex,-7.625,False,1.59375,True
simple,-6.75,False,1.0625,True
instruct,-6.75,False,0.25,True
complex,-6.75,False,1.3125,True
simple,-8.0625,False,1.25,True
instruct,-8.0625,False,0.1875,True
complex,-8.0625,False,1.65625,True
simple,-7.1875,False,0.875,True
instruct,-7.1875,False,0.1875,True
complex,-7.1875,False,1.625,True
simple,-8.0,False,0.9375,True
instruct,-8.0,False,0.25,True
complex,-8.0,False,1.46875,True
simple,-7.75,False,0.8125,True
instruct,-7.75,False,0.0,False
complex,-7.75,False,1.4375,True
simple,-7.375,False,1.125,True
instruct,-7.375,False,0.25,True
complex,-7.375,False,1.34375,True
simple,-6.5625,False,1.0,True
instruct,-6.5625,False,0.375,True
complex,-6.5625,False,1.5,True
simple,-7.25,False,0.625,True
instruct,-7.25,False,-0.0625,False
complex,-7.25,False,1.3125,True
simple,-6.9375,False,1.125,True
instruct,-6.9375,False,0.25,True
complex,-6.9375,False,1.40625,True
simple,-7.875,False,0.71875,True
instruct,-7.875,False,0.0625,True
complex,-7.875,False,1.4375,True
simple,-7.0,False,1.09375,True
instruct,-7.0,False,0.25,True
complex,-7.0,False,1.5,True
simple,-6.9375,False,1.125,True
instruct,-6.9375,False,0.3125,True
complex,-6.9375,False,1.46875,True
simple,-7.5625,False,0.96875,True
instruct,-7.5625,False,0.3125,True
complex,-7.5625,False,1.59375,True
simple,-7.9375,False,1.1875,True
instruct,-7.9375,False,0.25,True
complex,-7.9375,False,1.40625,True
simple,-8.4375,False,1.15625,True
instruct,-8.4375,False,0.25,True
complex,-8.4375,False,1.53125,True
simple,-6.4375,False,1.0,True
instruct,-6.4375,False,0.125,True
complex,-6.4375,False,1.46875,True
simple,-7.75,False,1.3125,True
instruct,-7.75,False,0.125,True
complex,-7.75,False,1.5,True
simple,-6.25,False,1.1875,True
instruct,-6.25,False,0.375,True
complex,-6.25,False,1.40625,True
simple,-6.75,False,1.03125,True
instruct,-6.75,False,0.1875,True
complex,-6.75,False,1.5625,True
simple,-7.0,False,0.96875,True
instruct,-7.0,False,0.0,False
complex,-7.0,False,1.34375,True
simple,-7.9375,False,0.875,True
instruct,-7.9375,False,0.1875,True
complex,-7.9375,False,1.5,True
simple,-5.3125,False,0.96875,True
instruct,-5.3125,False,0.0625,True
complex,-5.3125,False,1.34375,True
simple,-7.0,False,0.9375,True
instruct,-7.0,False,0.0625,True
complex,-7.0,False,1.53125,True
simple,-7.25,False,1.21875,True
instruct,-7.25,False,-0.125,False
complex,-7.25,False,1.4375,True
simple,-7.8125,False,1.125,True
instruct,-7.8125,False,0.0625,True
complex,-7.8125,False,1.4375,True
simple,-6.3125,False,0.96875,True
instruct,-6.3125,False,0.1875,True
complex,-6.3125,False,1.5,True
simple,-8.40625,False,1.0625,True
instruct,-8.40625,False,0.1875,True
complex,-8.40625,False,1.5625,True
simple,-6.0,False,1.125,True
instruct,-6.0,False,-0.0625,False
complex,-6.0,False,1.3125,True
simple,-6.875,False,1.0,True
instruct,-6.875,False,0.3125,True
complex,-6.875,False,1.5625,True
simple,-7.0625,False,1.0625,True
instruct,-7.0625,False,0.25,True
complex,-7.0625,False,1.59375,True
simple,-5.625,False,0.71875,True
instruct,-5.625,False,0.0,False
complex,-5.625,False,1.5,True
simple,-7.625,False,0.65625,True
instruct,-7.625,False,-0.0625,False
complex,-7.625,False,1.34375,True
simple,-9.1875,False,1.21875,True
instruct,-9.1875,False,0.25,True
complex,-9.1875,False,1.375,True
simple,-6.46875,False,0.875,True
instruct,-6.46875,False,-0.1875,False
complex,-6.46875,False,1.46875,True
simple,-6.4375,False,1.125,True
instruct,-6.4375,False,0.25,True
complex,-6.4375,False,1.28125,True
simple,-6.59375,False,0.875,True
instruct,-6.59375,False,-0.3125,False
complex,-6.59375,False,1.375,True
simple,-7.125,False,0.9375,True
instruct,-7.125,False,0.375,True
complex,-7.125,False,1.40625,True
simple,-6.875,False,0.90625,True
instruct,-6.875,False,-0.3125,False
complex,-6.875,False,1.40625,True
simple,-6.75,False,1.0,True
instruct,-6.75,False,0.1875,True
complex,-6.75,False,1.4375,True
simple,-7.625,False,1.09375,True
instruct,-7.625,False,0.3125,True
complex,-7.625,False,1.5625,True
simple,-4.8125,False,0.65625,True
instruct,-4.8125,False,-0.0625,False
complex,-4.8125,False,1.46875,True
simple,-8.5,False,1.125,True
instruct,-8.5,False,0.25,True
complex,-8.5,False,1.4375,True
simple,-6.0625,False,0.875,True
instruct,-6.0625,False,0.1875,True
complex,-6.0625,False,1.53125,True
simple,-6.875,False,1.0,True
instruct,-6.875,False,0.25,True
complex,-6.875,False,1.46875,True
simple,-7.5,False,0.90625,True
instruct,-7.5,False,-0.3125,False
complex,-7.5,False,1.21875,True
simple,-6.0625,False,0.96875,True
instruct,-6.0625,False,0.25,True
complex,-6.0625,False,1.53125,True
simple,-6.625,False,0.625,True
instruct,-6.625,False,0.0625,True
complex,-6.625,False,1.25,True
simple,-7.25,False,0.9375,True
instruct,-7.25,False,-0.0625,False
complex,-7.25,False,1.46875,True
simple,-6.625,False,0.65625,True
instruct,-6.625,False,-0.1875,False
complex,-6.625,False,1.25,True
simple,-6.6875,False,1.09375,True
instruct,-6.6875,False,0.0,False
complex,-6.6875,False,1.5,True
simple,-7.1875,False,0.71875,True
instruct,-7.1875,False,-0.0625,False
complex,-7.1875,False,1.21875,True
simple,-7.25,False,1.09375,True
instruct,-7.25,False,0.25,True
complex,-7.25,False,1.46875,True
simple,-7.4375,False,0.75,True
instruct,-7.4375,False,0.0625,True
complex,-7.4375,False,1.3125,True
simple,-7.3125,False,1.0625,True
instruct,-7.3125,False,0.1875,True
complex,-7.3125,False,1.5,True
simple,-6.75,False,0.6875,True
instruct,-6.75,False,-0.0625,False
complex,-6.75,False,1.28125,True
simple,-8.0625,False,0.96875,True
instruct,-8.0625,False,0.125,True
complex,-8.0625,False,1.46875,True
simple,-7.125,False,0.84375,True
instruct,-7.125,False,0.125,True
complex,-7.125,False,1.25,True
simple,-7.875,False,1.25,True
instruct,-7.875,False,0.3125,True
complex,-7.875,False,1.28125,True
simple,-6.9375,False,0.6875,True
instruct,-6.9375,False,-0.0625,False
complex,-6.9375,False,1.3125,True
simple,-8.4375,False,1.125,True
instruct,-8.4375,False,0.4375,True
complex,-8.4375,False,1.53125,True
simple,-6.4375,False,0.96875,True
instruct,-6.4375,False,0.0,False
complex,-6.4375,False,1.40625,True
simple,-7.25,False,0.625,True
instruct,-7.25,False,-0.0625,False
complex,-7.25,False,1.3125,True
simple,-8.125,False,1.125,True
instruct,-8.125,False,0.125,True
complex,-8.125,False,1.46875,True
simple,-6.75,False,0.71875,True
instruct,-6.75,False,0.1875,True
complex,-6.75,False,1.375,True
simple,-5.5625,False,0.875,True
instruct,-5.5625,False,0.25,True
complex,-5.5625,False,1.59375,True
simple,-5.5625,False,0.65625,True
instruct,-5.5625,False,-0.125,False
complex,-5.5625,False,1.375,True
simple,-6.0625,False,0.78125,True
instruct,-6.0625,False,-0.1875,False
complex,-6.0625,False,1.4375,True
simple,-7.0625,False,0.59375,True
instruct,-7.0625,False,-0.125,False
complex,-7.0625,False,1.3125,True
simple,-6.375,False,0.90625,True
instruct,-6.375,False,0.1875,True
complex,-6.375,False,1.40625,True
simple,-7.1875,False,0.59375,True
instruct,-7.1875,False,0.1875,True
complex,-7.1875,False,1.21875,True
simple,-7.3125,False,1.1875,True
instruct,-7.3125,False,0.4375,True
complex,-7.3125,False,1.53125,True
simple,-6.1875,False,0.84375,True
instruct,-6.1875,False,0.0625,True
complex,-6.1875,False,1.15625,True
simple,-5.375,False,1.15625,True
instruct,-5.375,False,0.3125,True
complex,-5.375,False,1.5,True
simple,-7.375,False,0.71875,True
instruct,-7.375,False,-0.0625,False
complex,-7.375,False,1.3125,True
simple,-8.125,False,1.1875,True
instruct,-8.125,False,0.25,True
complex,-8.125,False,1.5625,True
simple,-6.875,False,0.6875,True
instruct,-6.875,False,-0.125,False
complex,-6.875,False,1.3125,True
simple,-6.75,False,1.0625,True
instruct,-6.75,False,0.1875,True
complex,-6.75,False,1.40625,True
simple,-7.1875,False,0.6875,True
instruct,-7.1875,False,-0.0625,False
complex,-7.1875,False,1.34375,True
simple,-6.4375,False,0.6875,True
instruct,-6.4375,False,0.0625,True
complex,-6.4375,False,1.40625,True
simple,-7.078125,False,1.21875,True
instruct,-7.078125,False,-0.0625,False
complex,-7.078125,False,1.4375,True
simple,-8.09375,False,1.25,True
instruct,-8.09375,False,0.5625,True
complex,-8.09375,False,1.4375,True
simple,-7.125,False,1.28125,True
instruct,-7.125,False,0.5625,True
complex,-7.125,False,1.5625,True
simple,-7.96875,False,1.46875,True
instruct,-7.96875,False,0.25,True
complex,-7.96875,False,1.375,True
simple,-10.28125,False,1.125,True
instruct,-10.28125,False,0.5625,True
complex,-10.28125,False,1.40625,True
simple,-11.1875,False,1.4375,True
instruct,-11.1875,False,0.4375,True
complex,-11.1875,False,1.4375,True
simple,-10.1875,False,1.1875,True
instruct,-10.1875,False,0.0625,True
complex,-10.1875,False,1.375,True
simple,-6.0625,False,1.28125,True
instruct,-6.0625,False,0.75,True
complex,-6.0625,False,1.625,True
simple,-7.375,False,1.34375,True
instruct,-7.375,False,0.25,True
complex,-7.375,False,1.40625,True
simple,-9.75,False,1.4375,True
instruct,-9.75,False,0.375,True
complex,-9.75,False,1.53125,True
simple,-7.40625,False,1.1875,True
instruct,-7.40625,False,0.375,True
complex,-7.40625,False,1.46875,True
simple,-9.5625,False,1.3125,True
instruct,-9.5625,False,0.25,True
complex,-9.5625,False,1.40625,True
simple,-7.84375,False,1.3125,True
instruct,-7.84375,False,0.375,True
complex,-7.84375,False,1.375,True
simple,-8.53125,False,1.3125,True
instruct,-8.53125,False,0.125,True
complex,-8.53125,False,1.375,True
simple,-8.28125,False,1.34375,True
instruct,-8.28125,False,0.625,True
complex,-8.28125,False,1.1875,True
simple,-5.875,False,1.34375,True
instruct,-5.875,False,0.6875,True
complex,-5.875,False,1.59375,True
simple,-6.734375,False,1.28125,True
instruct,-6.734375,False,0.5625,True
complex,-6.734375,False,1.375,True
simple,-7.09375,False,1.46875,True
instruct,-7.09375,False,0.1875,True
complex,-7.09375,False,1.4375,True
simple,-7.5,False,1.125,True
instruct,-7.5,False,0.125,True
complex,-7.5,False,1.28125,True
simple,-8.34375,False,1.1875,True
instruct,-8.34375,False,0.25,True
complex,-8.34375,False,1.53125,True
simple,-7.25,False,1.28125,True
instruct,-7.25,False,0.375,True
complex,-7.25,False,1.28125,True
simple,-8.625,False,1.1875,True
instruct,-8.625,False,0.5625,True
complex,-8.625,False,1.4375,True
simple,-6.90625,False,1.21875,True
instruct,-6.90625,False,0.4375,True
complex,-6.90625,False,1.46875,True
simple,-9.34375,False,1.3125,True
instruct,-9.34375,False,0.5,True
complex,-9.34375,False,1.375,True
simple,-7.40625,False,1.40625,True
instruct,-7.40625,False,0.1875,True
complex,-7.40625,False,1.3125,True
simple,-7.59375,False,1.1875,True
instruct,-7.59375,False,0.5625,True
complex,-7.59375,False,1.375,True
simple,-5.59375,False,1.3125,True
instruct,-5.59375,False,0.3125,True
complex,-5.59375,False,1.375,True
simple,-7.125,False,1.15625,True
instruct,-7.125,False,0.1875,True
complex,-7.125,False,1.4375,True
simple,-6.46875,False,1.21875,True
instruct,-6.46875,False,0.25,True
complex,-6.46875,False,1.1875,True
simple,-17.21875,False,1.34375,True
instruct,-17.21875,False,-0.0625,False
complex,-17.21875,False,1.1875,True
simple,-7.40625,False,1.21875,True
instruct,-7.40625,False,0.125,True
complex,-7.40625,False,1.59375,True
simple,-6.625,False,1.40625,True
instruct,-6.625,False,0.25,True
complex,-6.625,False,1.21875,True
simple,-8.71875,False,1.125,True
instruct,-8.71875,False,0.1875,True
complex,-8.71875,False,1.375,True
simple,-5.1875,False,1.40625,True
instruct,-5.1875,False,0.3125,True
complex,-5.1875,False,1.1875,True
simple,-9.984375,False,1.21875,True
instruct,-9.984375,False,0.4375,True
complex,-9.984375,False,1.5625,True
simple,-6.84375,False,1.1875,True
instruct,-6.84375,False,0.75,True
complex,-6.84375,False,1.4375,True
simple,-9.28125,False,1.1875,True
instruct,-9.28125,False,0.25,True
complex,-9.28125,False,1.46875,True
simple,-5.875,False,1.25,True
instruct,-5.875,False,0.1875,True
complex,-5.875,False,1.34375,True
simple,-9.65625,False,1.21875,True
instruct,-9.65625,False,0.25,True
complex,-9.65625,False,1.53125,True
simple,-7.4375,False,1.28125,True
instruct,-7.4375,False,0.5,True
complex,-7.4375,False,1.40625,True
simple,-6.90625,False,1.125,True
instruct,-6.90625,False,0.375,True
complex,-6.90625,False,1.59375,True
simple,-5.15625,False,1.15625,True
instruct,-5.15625,False,0.5625,True
complex,-5.15625,False,1.5,True
simple,-6.875,False,1.40625,True
instruct,-6.875,False,0.25,True
complex,-6.875,False,1.46875,True
simple,-11.703125,False,1.21875,True
instruct,-11.703125,False,0.125,True
complex,-11.703125,False,1.25,True
simple,-6.328125,False,1.3125,True
instruct,-6.328125,False,0.4375,True
complex,-6.328125,False,1.46875,True
simple,-9.015625,False,1.34375,True
instruct,-9.015625,False,0.25,True
complex,-9.015625,False,1.375,True
simple,-5.8125,False,1.25,True
instruct,-5.8125,False,0.5,True
complex,-5.8125,False,1.53125,True
simple,-6.0625,False,1.125,True
instruct,-6.0625,False,0.25,True
complex,-6.0625,False,1.59375,True
simple,-8.84375,False,1.15625,True
instruct,-8.84375,False,0.0625,True
complex,-8.84375,False,1.25,True
simple,-7.09375,False,1.28125,True
instruct,-7.09375,False,0.0625,True
complex,-7.09375,False,1.28125,True
simple,-8.4375,False,1.34375,True
instruct,-8.4375,False,0.1875,True
complex,-8.4375,False,1.4375,True
simple,-6.625,False,1.09375,True
instruct,-6.625,False,0.75,True
complex,-6.625,False,1.5,True
simple,-8.59375,False,1.09375,True
instruct,-8.59375,False,0.1875,True
complex,-8.59375,False,1.4375,True
simple,-8.96875,False,1.15625,True
instruct,-8.96875,False,0.25,True
complex,-8.96875,False,1.34375,True
simple,-7.46875,False,1.375,True
instruct,-7.46875,False,0.4375,True
complex,-7.46875,False,1.4375,True
simple,-7.53125,False,1.21875,True
instruct,-7.53125,False,0.125,True
complex,-7.53125,False,1.5,True
simple,-9.9375,False,1.28125,True
instruct,-9.9375,False,0.125,True
complex,-9.9375,False,1.40625,True
simple,-8.875,False,1.375,True
instruct,-8.875,False,0.375,True
complex,-8.875,False,1.21875,True
simple,-6.6875,False,1.3125,True
instruct,-6.6875,False,0.4375,True
complex,-6.6875,False,1.3125,True
simple,-8.5625,False,1.21875,True
instruct,-8.5625,False,0.0625,True
complex,-8.5625,False,1.3125,True
simple,-5.78125,False,1.28125,True
instruct,-5.78125,False,0.375,True
complex,-5.78125,False,1.375,True
simple,-7.28125,False,1.28125,True
instruct,-7.28125,False,0.25,True
complex,-7.28125,False,1.34375,True
simple,-8.71875,False,1.25,True
instruct,-8.71875,False,0.4375,True
complex,-8.71875,False,1.4375,True
simple,-7.875,False,1.28125,True
instruct,-7.875,False,0.1875,True
complex,-7.875,False,1.375,True
simple,-7.15625,False,1.125,True
instruct,-7.15625,False,0.25,True
complex,-7.15625,False,1.46875,True
simple,-7.5,False,1.46875,True
instruct,-7.5,False,0.25,True
complex,-7.5,False,1.28125,True
simple,-10.03125,False,1.28125,True
instruct,-10.03125,False,0.5625,True
complex,-10.03125,False,1.53125,True
simple,-8.375,False,1.3125,True
instruct,-8.375,False,0.375,True
complex,-8.375,False,1.5,True
simple,-8.21875,False,1.21875,True
instruct,-8.21875,False,0.5,True
complex,-8.21875,False,1.3125,True
simple,-7.28125,False,1.34375,True
instruct,-7.28125,False,0.4375,True
complex,-7.28125,False,1.3125,True
simple,-5.53125,False,1.28125,True
instruct,-5.53125,False,0.1875,True
complex,-5.53125,False,1.375,True
simple,-8.0625,False,1.34375,True
instruct,-8.0625,False,0.375,True
complex,-8.0625,False,1.4375,True
simple,-8.0625,False,1.40625,True
instruct,-8.0625,False,0.25,True
complex,-8.0625,False,1.34375,True
simple,-7.75,False,1.28125,True
instruct,-7.75,False,0.625,True
complex,-7.75,False,1.46875,True
simple,-7.9375,False,1.21875,True
instruct,-7.9375,False,0.5,True
complex,-7.9375,False,1.3125,True
simple,-7.25,False,1.34375,True
instruct,-7.25,False,0.375,True
complex,-7.25,False,1.34375,True
simple,-4.71875,False,1.34375,True
instruct,-4.71875,False,0.1875,True
complex,-4.71875,False,1.28125,True
simple,-8.3125,False,1.40625,True
instruct,-8.3125,False,0.3125,True
complex,-8.3125,False,1.375,True
simple,-6.3125,False,1.5,True
instruct,-6.3125,False,0.25,True
complex,-6.3125,False,1.34375,True
simple,-9.015625,False,1.0,True
instruct,-9.015625,False,0.25,True
complex,-9.015625,False,1.28125,True
simple,-8.5,False,1.25,True
instruct,-8.5,False,0.125,True
complex,-8.5,False,1.4375,True
simple,-7.21875,False,1.28125,True
instruct,-7.21875,False,0.53125,True
complex,-7.21875,False,1.34375,True
simple,-15.875,False,1.34375,True
instruct,-15.875,False,-0.0625,False
complex,-15.875,False,1.28125,True
simple,-15.3125,False,1.25,True
instruct,-15.3125,False,0.375,True
complex,-15.3125,False,1.34375,True
simple,-7.75,False,1.5,True
instruct,-7.75,False,0.3125,True
complex,-7.75,False,1.28125,True
simple,-12.40625,False,1.5,True
instruct,-12.40625,False,0.1875,True
complex,-12.40625,False,1.28125,True
simple,-7.65625,False,1.25,True
instruct,-7.65625,False,0.125,True
complex,-7.65625,False,1.3125,True
simple,-7.59375,False,1.21875,True
instruct,-7.59375,False,0.125,True
complex,-7.59375,False,1.21875,True
simple,-5.625,False,1.28125,True
instruct,-5.625,False,0.3125,True
complex,-5.625,False,1.125,True
simple,-8.5,False,1.375,True
instruct,-8.5,False,0.3125,True
complex,-8.5,False,1.375,True
simple,-7.65625,False,1.21875,True
instruct,-7.65625,False,0.375,True
complex,-7.65625,False,1.375,True
simple,-8.421875,False,1.03125,True
instruct,-8.421875,False,0.5625,True
complex,-8.421875,False,1.25,True
simple,-20.125,False,1.25,True
instruct,-20.125,False,0.1875,True
complex,-20.125,False,1.125,True
simple,-6.1875,False,1.3125,True
instruct,-6.1875,False,0.25,True
complex,-6.1875,False,1.28125,True
simple,-7.15625,False,1.375,True
instruct,-7.15625,False,0.25,True
complex,-7.15625,False,1.3125,True
simple,-5.375,False,1.4375,True
instruct,-5.375,False,0.3125,True
complex,-5.375,False,1.25,True
simple,-5.625,False,1.3125,True
instruct,-5.625,False,0.25,True
complex,-5.625,False,1.25,True
simple,-19.25,False,1.25,True
instruct,-19.25,False,0.25,True
complex,-19.25,False,1.09375,True
simple,-5.28125,False,1.1875,True
instruct,-5.28125,False,0.3125,True
complex,-5.28125,False,1.21875,True
simple,-7.28125,False,1.3125,True
instruct,-7.28125,False,0.0625,True
complex,-7.28125,False,1.1875,True
simple,-2.9375,False,0.96875,True
instruct,-2.9375,False,0.625,True
complex,-2.9375,False,1.40625,True
simple,-4.0625,False,0.6875,True
instruct,-4.0625,False,-0.0625,False
complex,-4.0625,False,1.34375,True
simple,-4.5,False,1.03125,True
instruct,-4.5,False,0.25,True
complex,-4.5,False,1.78125,True
simple,-4.4375,False,0.53125,True
instruct,-4.4375,False,-0.5,False
complex,-4.4375,False,1.40625,True
simple,-4.4375,False,0.6875,True
instruct,-4.4375,False,-0.1875,False
complex,-4.4375,False,1.375,True
simple,-3.75,False,0.65625,True
instruct,-3.75,False,-0.4375,False
complex,-3.75,False,1.5,True
simple,-8.0625,False,0.5625,True
instruct,-8.0625,False,0.0,False
complex,-8.0625,False,1.375,True
simple,-0.625,False,0.6875,True
instruct,-0.625,False,0.5,True
complex,-0.625,False,1.6875,True
simple,-5.15625,False,0.9375,True
instruct,-5.15625,False,0.375,True
complex,-5.15625,False,1.5625,True
simple,-5.09375,False,0.84375,True
instruct,-5.09375,False,0.0625,True
complex,-5.09375,False,1.65625,True
simple,-4.9375,False,0.625,True
instruct,-4.9375,False,-0.375,False
complex,-4.9375,False,1.375,True
simple,-5.0625,False,0.65625,True
instruct,-5.0625,False,-0.1875,False
complex,-5.0625,False,1.4375,True
simple,-4.59375,False,0.71875,True
instruct,-4.59375,False,-0.375,False
complex,-4.59375,False,1.53125,True
simple,-4.3125,False,0.46875,True
instruct,-4.3125,False,-0.25,False
complex,-4.3125,False,1.15625,True
simple,-5.125,False,0.625,True
instruct,-5.125,False,-0.625,False
complex,-5.125,False,1.53125,True
simple,-4.4375,False,0.625,True
instruct,-4.4375,False,0.0625,True
complex,-4.4375,False,1.65625,True
simple,-9.5,False,0.71875,True
instruct,-9.5,False,0.0625,True
complex,-9.5,False,1.5625,True
simple,-3.5625,False,0.96875,True
instruct,-3.5625,False,0.1875,True
complex,-3.5625,False,1.78125,True
simple,-0.4375,False,0.875,True
instruct,-0.4375,False,0.0625,True
complex,-0.4375,False,1.5625,True
simple,-3.25,False,0.8125,True
instruct,-3.25,False,-0.25,False
complex,-3.25,False,1.59375,True
simple,-1.25,False,1.0,True
instruct,-1.25,False,0.125,True
complex,-1.25,False,1.625,True
simple,0.25,True,0.78125,True
instruct,0.25,True,-0.3125,False
complex,0.25,True,1.75,True
simple,-4.9375,False,0.4375,True
instruct,-4.9375,False,0.0,False
complex,-4.9375,False,1.4375,True
simple,-4.375,False,0.78125,True
instruct,-4.375,False,0.0625,True
complex,-4.375,False,1.71875,True
simple,-5.25,False,0.625,True
instruct,-5.25,False,-0.0625,False
complex,-5.25,False,1.3125,True
simple,-6.625,False,0.8125,True
instruct,-6.625,False,0.1875,True
complex,-6.625,False,1.625,True
simple,-5.75,False,0.75,True
instruct,-5.75,False,0.0,False
complex,-5.75,False,1.53125,True
simple,-3.125,False,0.78125,True
instruct,-3.125,False,-0.375,False
complex,-3.125,False,1.46875,True
simple,-2.125,False,0.8125,True
instruct,-2.125,False,-0.3125,False
complex,-2.125,False,1.5,True
simple,-6.3125,False,0.375,True
instruct,-6.3125,False,-0.4375,False
complex,-6.3125,False,1.21875,True
simple,-4.25,False,0.46875,True
instruct,-4.25,False,-0.1875,False
complex,-4.25,False,1.5,True
simple,-3.375,False,0.75,True
instruct,-3.375,False,0.0,False
complex,-3.375,False,1.65625,True
simple,-4.625,False,0.84375,True
instruct,-4.625,False,-0.5,False
complex,-4.625,False,1.40625,True
simple,-4.3125,False,0.53125,True
instruct,-4.3125,False,-0.375,False
complex,-4.3125,False,1.1875,True
simple,-5.5,False,0.8125,True
instruct,-5.5,False,-0.125,False
complex,-5.5,False,1.65625,True
simple,-3.3125,False,0.75,True
instruct,-3.3125,False,-0.375,False
complex,-3.3125,False,1.375,True
simple,-2.375,False,0.78125,True
instruct,-2.375,False,-0.1875,False
complex,-2.375,False,1.4375,True
simple,-1.6875,False,0.4375,True
instruct,-1.6875,False,-0.1875,False
complex,-1.6875,False,1.40625,True
simple,-3.1875,False,0.78125,True
instruct,-3.1875,False,-0.125,False
complex,-3.1875,False,1.375,True
simple,-1.4375,False,0.71875,True
instruct,-1.4375,False,0.0625,True
complex,-1.4375,False,1.5625,True
simple,-4.375,False,0.65625,True
instruct,-4.375,False,-0.3125,False
complex,-4.375,False,1.25,True
simple,-4.0,False,0.625,True
instruct,-4.0,False,-0.1875,False
complex,-4.0,False,1.375,True
simple,-4.625,False,0.5,True
instruct,-4.625,False,0.125,True
complex,-4.625,False,1.40625,True
simple,-3.1875,False,0.65625,True
instruct,-3.1875,False,-0.3125,False
complex,-3.1875,False,1.40625,True
simple,-3.0625,False,0.65625,True
instruct,-3.0625,False,-0.5,False
complex,-3.0625,False,1.375,True
simple,-4.9375,False,0.71875,True
instruct,-4.9375,False,-0.0625,False
complex,-4.9375,False,1.0625,True
simple,-3.9375,False,1.0,True
instruct,-3.9375,False,0.0625,True
complex,-3.9375,False,1.46875,True
simple,-5.3125,False,0.46875,True
instruct,-5.3125,False,0.0625,True
complex,-5.3125,False,1.5,True
simple,-2.8125,False,0.78125,True
instruct,-2.8125,False,-0.375,False
complex,-2.8125,False,1.53125,True
simple,-3.25,False,0.59375,True
instruct,-3.25,False,-0.1875,False
complex,-3.25,False,1.21875,True
simple,-2.5,False,0.875,True
instruct,-2.5,False,-0.1875,False
complex,-2.5,False,1.40625,True
simple,-2.6875,False,0.59375,True
instruct,-2.6875,False,0.0625,True
complex,-2.6875,False,1.46875,True
simple,-5.625,False,0.625,True
instruct,-5.625,False,-0.5625,False
complex,-5.625,False,1.1875,True
simple,-1.6875,False,0.625,True
instruct,-1.6875,False,-0.125,False
complex,-1.6875,False,1.40625,True
simple,-3.125,False,0.6875,True
instruct,-3.125,False,-0.125,False
complex,-3.125,False,1.34375,True
simple,-2.3125,False,0.65625,True
instruct,-2.3125,False,-0.4375,False
complex,-2.3125,False,1.15625,True
simple,-4.1875,False,0.59375,True
instruct,-4.1875,False,-0.4375,False
complex,-4.1875,False,1.15625,True
simple,-5.8125,False,0.5625,True
instruct,-5.8125,False,0.125,True
complex,-5.8125,False,1.34375,True
simple,-8.03125,False,0.96875,True
instruct,-8.03125,False,0.625,True
complex,-8.03125,False,1.71875,True
simple,-4.5,False,0.84375,True
instruct,-4.5,False,0.1875,True
complex,-4.5,False,1.4375,True
simple,-4.5625,False,0.65625,True
instruct,-4.5625,False,-0.4375,False
complex,-4.5625,False,1.28125,True
simple,-4.8125,False,0.65625,True
instruct,-4.8125,False,0.0,False
complex,-4.8125,False,1.3125,True
simple,-8.53125,False,1.0625,True
instruct,-8.53125,False,0.5,True
complex,-8.53125,False,1.6875,True
simple,-4.25,False,0.6875,True
instruct,-4.25,False,0.0,False
complex,-4.25,False,1.25,True
simple,-4.8125,False,0.71875,True
instruct,-4.8125,False,-0.5625,False
complex,-4.8125,False,1.1875,True
simple,-4.8125,False,0.53125,True
instruct,-4.8125,False,0.0625,True
complex,-4.8125,False,1.375,True
simple,-4.09375,False,0.84375,True
instruct,-4.09375,False,-0.0625,False
complex,-4.09375,False,1.53125,True
simple,-5.875,False,0.84375,True
instruct,-5.875,False,0.25,True
complex,-5.875,False,1.5,True
simple,-5.0,False,0.71875,True
instruct,-5.0,False,-0.125,False
complex,-5.0,False,1.34375,True
simple,-7.375,False,0.625,True
instruct,-7.375,False,0.125,True
complex,-7.375,False,1.375,True
simple,-5.4375,False,0.5625,True
instruct,-5.4375,False,0.1875,True
complex,-5.4375,False,1.53125,True
simple,-3.5,False,0.53125,True
instruct,-3.5,False,-0.25,False
complex,-3.5,False,1.53125,True
simple,-5.3125,False,0.5625,True
instruct,-5.3125,False,-0.5,False
complex,-5.3125,False,1.375,True
simple,-0.6875,False,0.4375,True
instruct,-0.6875,False,-0.125,False
complex,-0.6875,False,1.375,True
simple,-2.375,False,0.78125,True
instruct,-2.375,False,-0.1875,False
complex,-2.375,False,1.625,True
simple,-5.0,False,0.96875,True
instruct,-5.0,False,-0.25,False
complex,-5.0,False,1.46875,True
simple,-5.6875,False,0.875,True
instruct,-5.6875,False,-0.4375,False
complex,-5.6875,False,1.5,True
simple,-3.0625,False,0.75,True
instruct,-3.0625,False,0.125,True
complex,-3.0625,False,0.96875,True
simple,-4.9375,False,0.8125,True
instruct,-4.9375,False,0.1875,True
complex,-4.9375,False,1.3125,True
simple,-5.625,False,0.75,True
instruct,-5.625,False,0.125,True
complex,-5.625,False,1.4375,True
simple,-3.5625,False,0.8125,True
instruct,-3.5625,False,-0.5625,False
complex,-3.5625,False,1.21875,True
simple,-4.0625,False,0.5625,True
instruct,-4.0625,False,-0.0625,False
complex,-4.0625,False,1.3125,True
simple,-4.375,False,0.84375,True
instruct,-4.375,False,0.0625,True
complex,-4.375,False,1.5,True
simple,-3.5625,False,0.8125,True
instruct,-3.5625,False,-0.25,False
complex,-3.5625,False,1.34375,True
simple,-4.1875,False,0.71875,True
instruct,-4.1875,False,-0.375,False
complex,-4.1875,False,1.21875,True
simple,-2.5625,False,0.4375,True
instruct,-2.5625,False,0.0,False
complex,-2.5625,False,1.28125,True
simple,-3.875,False,0.71875,True
instruct,-3.875,False,-0.0625,False
complex,-3.875,False,1.40625,True
simple,-3.5,False,0.75,True
instruct,-3.5,False,-0.1875,False
complex,-3.5,False,1.53125,True
simple,-2.5,False,0.6875,True
instruct,-2.5,False,-0.75,False
complex,-2.5,False,1.4375,True
simple,-2.9375,False,0.59375,True
instruct,-2.9375,False,0.5,True
complex,-2.9375,False,1.40625,True
simple,-4.375,False,0.6875,True
instruct,-4.375,False,-0.0625,False
complex,-4.375,False,1.4375,True
simple,-3.4375,False,0.5,True
instruct,-3.4375,False,-0.25,False
complex,-3.4375,False,1.4375,True
simple,-7.75,False,0.59375,True
instruct,-7.75,False,-0.4375,False
complex,-7.75,False,1.1875,True
simple,0.0,False,0.25,True
instruct,0.0,False,-0.3125,False
complex,0.0,False,1.40625,True
simple,-4.4375,False,0.625,True
instruct,-4.4375,False,0.375,True
complex,-4.4375,False,1.5,True
simple,-4.3125,False,0.75,True
instruct,-4.3125,False,-0.25,False
complex,-4.3125,False,1.5625,True
simple,-4.5625,False,0.78125,True
instruct,-4.5625,False,-0.4375,False
complex,-4.5625,False,1.28125,True
simple,-2.1875,False,0.53125,True
instruct,-2.1875,False,0.0,False
complex,-2.1875,False,1.1875,True
simple,-3.4375,False,0.5625,True
instruct,-3.4375,False,-0.25,False
complex,-3.4375,False,1.5,True
simple,-5.28125,False,0.8125,True
instruct,-5.28125,False,0.25,True
complex,-5.28125,False,1.53125,True
simple,-5.8125,False,1.125,True
instruct,-5.8125,False,-0.0625,False
complex,-5.8125,False,1.5625,True
simple,-4.0625,False,1.25,True
instruct,-4.0625,False,0.0,False
complex,-4.0625,False,1.59375,True
simple,-3.9375,False,1.28125,True
instruct,-3.9375,False,0.0625,True
complex,-3.9375,False,1.53125,True
simple,-3.40625,False,1.25,True
instruct,-3.40625,False,0.125,True
complex,-3.40625,False,1.5625,True
simple,-6.1875,False,1.125,True
instruct,-6.1875,False,-0.125,False
complex,-6.1875,False,1.59375,True
simple,-4.5625,False,1.1875,True
instruct,-4.5625,False,0.125,True
complex,-4.5625,False,1.46875,True
simple,-4.0625,False,1.21875,True
instruct,-4.0625,False,0.0,False
complex,-4.0625,False,1.53125,True
simple,-4.5625,False,1.09375,True
instruct,-4.5625,False,-0.0625,False
complex,-4.5625,False,1.53125,True
simple,-4.65625,False,1.25,True
instruct,-4.65625,False,-0.0625,False
complex,-4.65625,False,1.59375,True
simple,-4.75,False,1.3125,True
instruct,-4.75,False,-0.1875,False
complex,-4.75,False,1.53125,True
simple,-5.875,False,1.25,True
instruct,-5.875,False,-0.0625,False
complex,-5.875,False,1.65625,True
simple,-3.4375,False,1.09375,True
instruct,-3.4375,False,-0.125,False
complex,-3.4375,False,1.46875,True
simple,-3.4375,False,1.25,True
instruct,-3.4375,False,-0.1875,False
complex,-3.4375,False,1.46875,True
simple,-4.3125,False,1.125,True
instruct,-4.3125,False,0.125,True
complex,-4.3125,False,1.625,True
simple,-4.6875,False,1.125,True
instruct,-4.6875,False,-0.1875,False
complex,-4.6875,False,1.53125,True
simple,-4.8125,False,1.09375,True
instruct,-4.8125,False,-0.1875,False
complex,-4.8125,False,1.4375,True
simple,-3.8125,False,1.09375,True
instruct,-3.8125,False,-0.125,False
complex,-3.8125,False,1.5,True
simple,-5.15625,False,1.25,True
instruct,-5.15625,False,-0.1875,False
complex,-5.15625,False,1.5,True
simple,-5.0625,False,1.125,True
instruct,-5.0625,False,-0.0625,False
complex,-5.0625,False,1.5625,True
simple,-4.9375,False,1.1875,True
instruct,-4.9375,False,-0.1875,False
complex,-4.9375,False,1.53125,True
simple,-4.5625,False,1.125,True
instruct,-4.5625,False,-0.1875,False
complex,-4.5625,False,1.59375,True
simple,-5.4375,False,1.1875,True
instruct,-5.4375,False,-0.125,False
complex,-5.4375,False,1.53125,True
simple,-3.75,False,1.21875,True
instruct,-3.75,False,0.0,False
complex,-3.75,False,1.5625,True
simple,-4.625,False,1.34375,True
instruct,-4.625,False,0.0,False
complex,-4.625,False,1.46875,True
simple,-4.5625,False,1.28125,True
instruct,-4.5625,False,0.0,False
complex,-4.5625,False,1.59375,True
simple,-4.6875,False,1.09375,True
instruct,-4.6875,False,-0.25,False
complex,-4.6875,False,1.5,True
simple,-3.9375,False,1.0625,True
instruct,-3.9375,False,-0.1875,False
complex,-3.9375,False,1.40625,True
simple,-4.625,False,1.1875,True
instruct,-4.625,False,-0.3125,False
complex,-4.625,False,1.46875,True
simple,-4.9375,False,1.25,True
instruct,-4.9375,False,-0.125,False
complex,-4.9375,False,1.53125,True
simple,-3.6875,False,1.25,True
instruct,-3.6875,False,0.1875,True
complex,-3.6875,False,1.46875,True
simple,-3.15625,False,1.1875,True
instruct,-3.15625,False,0.0625,True
complex,-3.15625,False,1.53125,True
simple,-4.0625,False,0.96875,True
instruct,-4.0625,False,0.5,True
complex,-4.0625,False,1.6875,True
simple,-4.8125,False,1.1875,True
instruct,-4.8125,False,0.0,False
complex,-4.8125,False,1.59375,True
simple,-3.875,False,1.28125,True
instruct,-3.875,False,0.0625,True
complex,-3.875,False,1.53125,True
simple,-4.625,False,1.28125,True
instruct,-4.625,False,-0.125,False
complex,-4.625,False,1.40625,True
simple,-4.375,False,1.21875,True
instruct,-4.375,False,-0.375,False
complex,-4.375,False,1.5,True
simple,-3.5625,False,1.28125,True
instruct,-3.5625,False,0.0,False
complex,-3.5625,False,1.5,True
simple,-2.5625,False,1.03125,True
instruct,-2.5625,False,-0.1875,False
complex,-2.5625,False,1.5625,True
simple,-2.46875,False,1.21875,True
instruct,-2.46875,False,0.25,True
complex,-2.46875,False,1.46875,True
simple,-3.125,False,0.9375,True
instruct,-3.125,False,-0.3125,False
complex,-3.125,False,1.40625,True
simple,-3.4375,False,1.09375,True
instruct,-3.4375,False,-0.25,False
complex,-3.4375,False,1.5,True
simple,-4.40625,False,1.3125,True
instruct,-4.40625,False,0.0,False
complex,-4.40625,False,1.46875,True
simple,-5.0,False,0.9375,True
instruct,-5.0,False,-0.0625,False
complex,-5.0,False,1.53125,True
simple,-4.625,False,1.0,True
instruct,-4.625,False,-0.125,False
complex,-4.625,False,1.59375,True
simple,-6.25,False,1.03125,True
instruct,-6.25,False,0.0625,True
complex,-6.25,False,1.53125,True
simple,-6.8125,False,1.0,True
instruct,-6.8125,False,-0.0625,False
complex,-6.8125,False,1.53125,True
simple,-5.5625,False,1.0,True
instruct,-5.5625,False,-0.125,False
complex,-5.5625,False,1.5625,True
simple,-3.5625,False,1.0625,True
instruct,-3.5625,False,0.125,True
complex,-3.5625,False,1.4375,True
simple,-2.3125,False,0.96875,True
instruct,-2.3125,False,0.0,False
complex,-2.3125,False,1.3125,True
simple,-4.0625,False,0.78125,True
instruct,-4.0625,False,0.125,True
complex,-4.0625,False,1.34375,True
simple,-5.75,False,0.96875,True
instruct,-5.75,False,0.1875,True
complex,-5.75,False,1.40625,True
simple,-4.25,False,1.15625,True
instruct,-4.25,False,-0.0625,False
complex,-4.25,False,1.4375,True
simple,-5.28125,False,1.28125,True
instruct,-5.28125,False,0.0,False
complex,-5.28125,False,1.4375,True
simple,-5.5625,False,1.15625,True
instruct,-5.5625,False,0.0625,True
complex,-5.5625,False,1.5625,True
simple,-5.0625,False,1.09375,True
instruct,-5.0625,False,-0.25,False
complex,-5.0625,False,1.53125,True
simple,-4.875,False,1.0625,True
instruct,-4.875,False,-0.375,False
complex,-4.875,False,1.375,True
simple,-3.75,False,1.125,True
instruct,-3.75,False,-0.3125,False
complex,-3.75,False,1.40625,True
simple,-4.375,False,1.1875,True
instruct,-4.375,False,0.0625,True
complex,-4.375,False,1.5,True
simple,-3.0,False,0.78125,True
instruct,-3.0,False,0.1875,True
complex,-3.0,False,1.5625,True
simple,-4.4375,False,1.25,True
instruct,-4.4375,False,-0.3125,False
complex,-4.4375,False,1.5625,True
simple,-3.875,False,1.15625,True
instruct,-3.875,False,-0.1875,False
complex,-3.875,False,1.5,True
simple,-2.625,False,1.21875,True
instruct,-2.625,False,-0.375,False
complex,-2.625,False,1.375,True
simple,-3.3125,False,1.125,True
instruct,-3.3125,False,-0.125,False
complex,-3.3125,False,1.40625,True
simple,-2.5625,False,1.28125,True
instruct,-2.5625,False,0.0625,True
complex,-2.5625,False,1.625,True
simple,-4.65625,False,0.96875,True
instruct,-4.65625,False,-0.3125,False
complex,-4.65625,False,1.40625,True
simple,-3.3125,False,1.21875,True
instruct,-3.3125,False,0.0,False
complex,-3.3125,False,1.53125,True
simple,-4.5,False,0.96875,True
instruct,-4.5,False,-0.375,False
complex,-4.5,False,1.53125,True
simple,-4.875,False,1.0,True
instruct,-4.875,False,-0.125,False
complex,-4.875,False,1.4375,True
simple,-5.5,False,0.96875,True
instruct,-5.5,False,-0.375,False
complex,-5.5,False,1.53125,True
simple,-4.3125,False,1.125,True
instruct,-4.3125,False,-0.1875,False
complex,-4.3125,False,1.53125,True
simple,-4.8125,False,1.03125,True
instruct,-4.8125,False,0.0,False
complex,-4.8125,False,1.53125,True
simple,-3.875,False,0.96875,True
instruct,-3.875,False,-0.3125,False
complex,-3.875,False,1.5,True
simple,-4.5625,False,1.0625,True
instruct,-4.5625,False,-0.125,False
complex,-4.5625,False,1.40625,True
simple,-3.1875,False,1.21875,True
instruct,-3.1875,False,-0.5,False
complex,-3.1875,False,1.4375,True
simple,-4.78125,False,0.84375,True
instruct,-4.78125,False,-0.125,False
complex,-4.78125,False,1.5625,True
simple,-3.9375,False,1.0,True
instruct,-3.9375,False,-0.0625,False
complex,-3.9375,False,1.4375,True
simple,-4.1875,False,1.21875,True
instruct,-4.1875,False,-0.125,False
complex,-4.1875,False,1.5,True
simple,-5.1875,False,1.0625,True
instruct,-5.1875,False,-0.0625,False
complex,-5.1875,False,1.4375,True
simple,-3.1875,False,1.28125,True
instruct,-3.1875,False,-0.125,False
complex,-3.1875,False,1.46875,True
simple,-3.3125,False,1.21875,True
instruct,-3.3125,False,0.0625,True
complex,-3.3125,False,1.375,True
simple,-3.625,False,1.1875,True
instruct,-3.625,False,0.0625,True
complex,-3.625,False,1.625,True
simple,-3.8125,False,1.21875,True
instruct,-3.8125,False,0.0625,True
complex,-3.8125,False,1.53125,True
simple,-3.375,False,1.125,True
instruct,-3.375,False,0.25,True
complex,-3.375,False,1.40625,True
simple,-3.1875,False,1.21875,True
instruct,-3.1875,False,0.375,True
complex,-3.1875,False,1.5625,True
simple,-3.3125,False,1.25,True
instruct,-3.3125,False,0.5,True
complex,-3.3125,False,1.53125,True
simple,-4.8125,False,1.25,True
instruct,-4.8125,False,0.125,True
complex,-4.8125,False,1.46875,True
simple,-4.0625,False,1.03125,True
instruct,-4.0625,False,-0.125,False
complex,-4.0625,False,1.5,True
simple,-2.75,False,1.1875,True
instruct,-2.75,False,-0.3125,False
complex,-2.75,False,1.5,True
simple,-3.5,False,1.1875,True
instruct,-3.5,False,-0.1875,False
complex,-3.5,False,1.5,True
simple,-3.5,False,1.09375,True
instruct,-3.5,False,-0.3125,False
complex,-3.5,False,1.4375,True
simple,-3.5625,False,1.15625,True
instruct,-3.5625,False,-0.25,False
complex,-3.5625,False,1.375,True
simple,-4.5,False,1.15625,True
instruct,-4.5,False,0.0,False
complex,-4.5,False,1.625,True
simple,-4.375,False,1.15625,True
instruct,-4.375,False,-0.25,False
complex,-4.375,False,1.3125,True
simple,-4.1875,False,0.90625,True
instruct,-4.1875,False,-0.125,False
complex,-4.1875,False,1.4375,True
simple,-2.8125,False,1.03125,True
instruct,-2.8125,False,-0.5,False
complex,-2.8125,False,1.40625,True
simple,-6.6875,False,0.8125,True
instruct,-6.6875,False,-0.5,False
complex,-6.6875,False,1.375,True
simple,-5.9375,False,1.1875,True
instruct,-5.9375,False,-0.25,False
complex,-5.9375,False,1.4375,True
simple,-3.4375,False,1.09375,True
instruct,-3.4375,False,-0.125,False
complex,-3.4375,False,1.53125,True
simple,-4.9375,False,1.125,True
instruct,-4.9375,False,-0.4375,False
complex,-4.9375,False,1.40625,True
simple,-3.8125,False,1.125,True
instruct,-3.8125,False,-0.4375,False
complex,-3.8125,False,1.34375,True
simple,-5.25,False,1.0,True
instruct,-5.25,False,-0.25,False
complex,-5.25,False,1.0,True
simple,-5.25,False,1.625,True
instruct,-5.25,False,-0.3125,False
complex,-5.25,False,1.1875,True
simple,-5.25,False,1.375,True
instruct,-5.25,False,-0.125,False
complex,-5.25,False,1.1875,True
simple,-0.625,False,1.15625,True
instruct,-0.625,False,0.125,True
complex,-0.625,False,1.0,True
simple,-3.625,False,1.25,True
instruct,-3.625,False,-0.0625,False
complex,-3.625,False,1.125,True
simple,-3.1875,False,1.34375,True
instruct,-3.1875,False,-0.1875,False
complex,-3.1875,False,1.25,True
simple,-2.625,False,1.03125,True
instruct,-2.625,False,0.125,True
complex,-2.625,False,1.1875,True
simple,-3.125,False,1.1875,True
instruct,-3.125,False,0.0,False
complex,-3.125,False,1.0625,True
simple,-4.8125,False,1.3125,True
instruct,-4.8125,False,0.125,True
complex,-4.8125,False,1.125,True
simple,-4.3125,False,1.3125,True
instruct,-4.3125,False,-0.1875,False
complex,-4.3125,False,1.125,True
simple,-4.4375,False,1.3125,True
instruct,-4.4375,False,0.125,True
complex,-4.4375,False,1.25,True
simple,-3.8125,False,1.1875,True
instruct,-3.8125,False,0.625,True
complex,-3.8125,False,1.46875,True
simple,-4.9375,False,1.15625,True
instruct,-4.9375,False,-0.3125,False
complex,-4.9375,False,1.0,True
simple,-3.0625,False,1.0,True
instruct,-3.0625,False,0.0625,True
complex,-3.0625,False,1.15625,True
simple,-4.0625,False,0.96875,True
instruct,-4.0625,False,0.0,False
complex,-4.0625,False,0.96875,True
simple,-5.5,False,0.9375,True
instruct,-5.5,False,0.125,True
complex,-5.5,False,1.15625,True
simple,-7.8125,False,1.46875,True
instruct,-7.8125,False,-0.3125,False
complex,-7.8125,False,1.125,True
simple,-3.125,False,0.78125,True
instruct,-3.125,False,-0.0625,False
complex,-3.125,False,1.0625,True
simple,-6.6875,False,1.09375,True
instruct,-6.6875,False,0.25,True
complex,-6.6875,False,1.125,True
simple,-5.25,False,1.4375,True
instruct,-5.25,False,-0.5,False
complex,-5.25,False,1.09375,True
simple,-6.375,False,1.1875,True
instruct,-6.375,False,-0.125,False
complex,-6.375,False,0.71875,True
simple,-3.6875,False,1.1875,True
instruct,-3.6875,False,0.0,False
complex,-3.6875,False,0.875,True
simple,-4.0,False,1.15625,True
instruct,-4.0,False,0.1875,True
complex,-4.0,False,1.0625,True
simple,-3.375,False,1.125,True
instruct,-3.375,False,0.1875,True
complex,-3.375,False,1.0,True
simple,-3.125,False,1.09375,True
instruct,-3.125,False,-0.0625,False
complex,-3.125,False,1.09375,True
simple,-5.125,False,1.125,True
instruct,-5.125,False,0.1875,True
complex,-5.125,False,1.0,True
simple,-3.9375,False,1.09375,True
instruct,-3.9375,False,0.0,False
complex,-3.9375,False,0.84375,True
simple,-4.25,False,1.25,True
instruct,-4.25,False,-0.375,False
complex,-4.25,False,1.03125,True
simple,-3.125,False,1.09375,True
instruct,-3.125,False,-0.4375,False
complex,-3.125,False,1.03125,True
simple,-5.25,False,1.1875,True
instruct,-5.25,False,-0.0625,False
complex,-5.25,False,0.9375,True
simple,-4.3125,False,1.03125,True
instruct,-4.3125,False,-0.0625,False
complex,-4.3125,False,1.0625,True
simple,-1.5,False,1.1875,True
instruct,-1.5,False,-0.0625,False
complex,-1.5,False,1.0,True
simple,-4.125,False,1.09375,True
instruct,-4.125,False,0.0625,True
complex,-4.125,False,1.125,True
simple,-4.625,False,1.125,True
instruct,-4.625,False,0.0625,True
complex,-4.625,False,1.09375,True
simple,-3.125,False,1.1875,True
instruct,-3.125,False,0.0,False
complex,-3.125,False,1.125,True
simple,-5.375,False,1.21875,True
instruct,-5.375,False,-0.125,False
complex,-5.375,False,1.375,True
simple,-3.625,False,1.03125,True
instruct,-3.625,False,-0.0625,False
complex,-3.625,False,1.1875,True
simple,-3.5,False,1.125,True
instruct,-3.5,False,-0.0625,False
complex,-3.5,False,1.125,True
simple,-7.25,False,1.21875,True
instruct,-7.25,False,0.1875,True
complex,-7.25,False,1.125,True
simple,-4.25,False,1.3125,True
instruct,-4.25,False,0.0625,True
complex,-4.25,False,1.125,True
simple,-4.1875,False,1.34375,True
instruct,-4.1875,False,-0.1875,False
complex,-4.1875,False,1.125,True
simple,-3.625,False,1.3125,True
instruct,-3.625,False,0.0625,True
complex,-3.625,False,1.125,True
simple,-5.6875,False,1.15625,True
instruct,-5.6875,False,-0.25,False
complex,-5.6875,False,1.09375,True
simple,-2.25,False,1.0,True
instruct,-2.25,False,-0.0625,False
complex,-2.25,False,0.8125,True
simple,-5.375,False,0.96875,True
instruct,-5.375,False,-0.0625,False
complex,-5.375,False,0.875,True
simple,-3.875,False,1.21875,True
instruct,-3.875,False,0.375,True
complex,-3.875,False,1.0625,True
simple,-1.875,False,0.84375,True
instruct,-1.875,False,-0.0625,False
complex,-1.875,False,1.03125,True
simple,-2.4375,False,1.1875,True
instruct,-2.4375,False,0.0625,True
complex,-2.4375,False,1.0625,True
simple,-6.0625,False,1.03125,True
instruct,-6.0625,False,-0.125,False
complex,-6.0625,False,1.09375,True
simple,-4.625,False,1.0625,True
instruct,-4.625,False,0.25,True
complex,-4.625,False,1.03125,True
simple,-4.125,False,0.84375,True
instruct,-4.125,False,-0.0625,False
complex,-4.125,False,0.84375,True
simple,-2.5,False,0.875,True
instruct,-2.5,False,-0.1875,False
complex,-2.5,False,1.09375,True
simple,-3.8125,False,1.125,True
instruct,-3.8125,False,-0.125,False
complex,-3.8125,False,0.9375,True
simple,-3.75,False,1.1875,True
instruct,-3.75,False,-0.375,False
complex,-3.75,False,1.15625,True
simple,-3.8125,False,1.15625,True
instruct,-3.8125,False,0.1875,True
complex,-3.8125,False,1.125,True
simple,-4.875,False,0.96875,True
instruct,-4.875,False,-0.0625,False
complex,-4.875,False,1.15625,True
simple,-9.5,False,1.1875,True
instruct,-9.5,False,0.0,False
complex,-9.5,False,0.78125,True
simple,-3.6875,False,1.34375,True
instruct,-3.6875,False,-0.125,False
complex,-3.6875,False,0.8125,True
simple,-3.5625,False,0.90625,True
instruct,-3.5625,False,0.0625,True
complex,-3.5625,False,1.125,True
simple,-2.375,False,1.0,True
instruct,-2.375,False,0.0,False
complex,-2.375,False,1.0625,True
simple,-5.0,False,1.0625,True
instruct,-5.0,False,0.0625,True
complex,-5.0,False,1.0625,True
simple,-6.0,False,1.09375,True
instruct,-6.0,False,-0.0625,False
complex,-6.0,False,0.96875,True
simple,-0.4375,False,1.0625,True
instruct,-0.4375,False,0.125,True
complex,-0.4375,False,1.0625,True
simple,-3.5,False,1.25,True
instruct,-3.5,False,0.125,True
complex,-3.5,False,1.28125,True
simple,-3.8125,False,1.21875,True
instruct,-3.8125,False,0.0625,True
complex,-3.8125,False,1.15625,True
simple,-5.625,False,0.96875,True
instruct,-5.625,False,-0.375,False
complex,-5.625,False,1.0625,True
simple,-6.25,False,1.1875,True
instruct,-6.25,False,0.0,False
complex,-6.25,False,0.84375,True
simple,-3.875,False,1.0625,True
instruct,-3.875,False,-0.0625,False
complex,-3.875,False,1.21875,True
simple,-3.125,False,1.25,True
instruct,-3.125,False,-0.0625,False
complex,-3.125,False,0.9375,True
simple,-4.5,False,1.09375,True
instruct,-4.5,False,0.0625,True
complex,-4.5,False,0.8125,True
simple,-2.75,False,1.03125,True
instruct,-2.75,False,-0.3125,False
complex,-2.75,False,1.15625,True
simple,-3.6875,False,1.09375,True
instruct,-3.6875,False,0.125,True
complex,-3.6875,False,1.21875,True
simple,-4.125,False,1.0625,True
instruct,-4.125,False,0.1875,True
complex,-4.125,False,0.96875,True
simple,-5.0625,False,1.28125,True
instruct,-5.0625,False,-0.125,False
complex,-5.0625,False,1.28125,True
simple,-3.6875,False,0.90625,True
instruct,-3.6875,False,0.1875,True
complex,-3.6875,False,1.21875,True
simple,-4.5,False,1.0,True
instruct,-4.5,False,0.0625,True
complex,-4.5,False,0.78125,True
simple,-4.0,False,0.96875,True
instruct,-4.0,False,-0.25,False
complex,-4.0,False,1.1875,True
simple,-1.375,False,0.9375,True
instruct,-1.375,False,-0.1875,False
complex,-1.375,False,1.125,True
simple,-4.375,False,0.875,True
instruct,-4.375,False,-0.125,False
complex,-4.375,False,1.125,True
simple,-2.625,False,1.125,True
instruct,-2.625,False,0.0625,True
complex,-2.625,False,1.125,True
simple,-4.375,False,1.0,True
instruct,-4.375,False,0.0625,True
complex,-4.375,False,1.15625,True
simple,-2.6875,False,0.71875,True
instruct,-2.6875,False,-0.25,False
complex,-2.6875,False,1.03125,True
simple,-3.6875,False,0.96875,True
instruct,-3.6875,False,-0.125,False
complex,-3.6875,False,0.9375,True
simple,-1.5,False,1.09375,True
instruct,-1.5,False,-0.0625,False
complex,-1.5,False,1.03125,True
simple,-3.3125,False,1.0625,True
instruct,-3.3125,False,0.0,False
complex,-3.3125,False,1.09375,True
simple,-5.625,False,1.03125,True
instruct,-5.625,False,-0.1875,False
complex,-5.625,False,0.875,True
simple,-3.6875,False,1.09375,True
instruct,-3.6875,False,-0.0625,False
complex,-3.6875,False,1.125,True
simple,-5.3125,False,1.09375,True
instruct,-5.3125,False,0.125,True
complex,-5.3125,False,1.15625,True
simple,-5.5,False,1.3125,True
instruct,-5.5,False,0.0,False
complex,-5.5,False,1.0625,True
simple,-3.5625,False,1.0625,True
instruct,-3.5625,False,0.125,True
complex,-3.5625,False,1.125,True
simple,-5.625,False,0.96875,True
instruct,-5.625,False,0.3125,True
complex,-5.625,False,0.96875,True
simple,-3.625,False,1.28125,True
instruct,-3.625,False,-0.0625,False
complex,-3.625,False,1.125,True
simple,-4.125,False,1.25,True
instruct,-4.125,False,0.1875,True
complex,-4.125,False,1.1875,True
simple,-3.625,False,1.03125,True
instruct,-3.625,False,0.125,True
complex,-3.625,False,1.0625,True
simple,-7.4375,False,1.03125,True
instruct,-7.4375,False,-0.0625,False
complex,-7.4375,False,1.0,True
simple,-5.25,False,0.8125,True
instruct,-5.25,False,0.0625,True
complex,-5.25,False,1.25,True
simple,-3.8125,False,0.84375,True
instruct,-3.8125,False,-0.0625,False
complex,-3.8125,False,1.03125,True
simple,-4.1875,False,1.15625,True
instruct,-4.1875,False,0.3125,True
complex,-4.1875,False,1.0625,True
simple,-4.9375,False,1.125,True
instruct,-4.9375,False,0.125,True
complex,-4.9375,False,1.03125,True
simple,-5.125,False,1.375,True
instruct,-5.125,False,-0.25,False
complex,-5.125,False,1.125,True
simple,-6.625,False,1.0,True
instruct,-6.625,False,-0.25,False
complex,-6.625,False,1.28125,True
simple,-5.875,False,1.0,True
instruct,-5.875,False,-0.25,False
complex,-5.875,False,1.25,True
simple,-5.875,False,1.1875,True
instruct,-5.875,False,-0.0625,False
complex,-5.875,False,1.34375,True
simple,-6.0,False,1.0625,True
instruct,-6.0,False,-0.125,False
complex,-6.0,False,1.28125,True
simple,-5.375,False,1.0625,True
instruct,-5.375,False,0.0,False
complex,-5.375,False,1.25,True
simple,-5.4375,False,0.96875,True
instruct,-5.4375,False,0.0,False
complex,-5.4375,False,1.3125,True
simple,-4.8125,False,1.09375,True
instruct,-4.8125,False,-0.25,False
complex,-4.8125,False,1.25,True
simple,-5.0625,False,1.15625,True
instruct,-5.0625,False,-0.125,False
complex,-5.0625,False,1.125,True
simple,-6.75,False,0.90625,True
instruct,-6.75,False,-0.25,False
complex,-6.75,False,1.25,True
simple,-6.4375,False,1.0,True
instruct,-6.4375,False,-0.25,False
complex,-6.4375,False,1.28125,True
simple,-5.75,False,0.875,True
instruct,-5.75,False,-0.25,False
complex,-5.75,False,1.3125,True
simple,-5.4375,False,0.875,True
instruct,-5.4375,False,-0.5,False
complex,-5.4375,False,1.28125,True
simple,-5.75,False,0.9375,True
instruct,-5.75,False,-0.3125,False
complex,-5.75,False,1.46875,True
simple,-5.6875,False,0.8125,True
instruct,-5.6875,False,-0.375,False
complex,-5.6875,False,1.375,True
simple,-6.0625,False,0.875,True
instruct,-6.0625,False,-0.1875,False
complex,-6.0625,False,1.1875,True
simple,-6.0625,False,1.0,True
instruct,-6.0625,False,-0.3125,False
complex,-6.0625,False,1.3125,True
simple,-4.25,False,1.21875,True
instruct,-4.25,False,-0.1875,False
complex,-4.25,False,1.25,True
simple,-5.0,False,1.15625,True
instruct,-5.0,False,0.0,False
complex,-5.0,False,1.21875,True
simple,-3.3125,False,1.15625,True
instruct,-3.3125,False,-0.0625,False
complex,-3.3125,False,1.21875,True
simple,-7.5625,False,1.0625,True
instruct,-7.5625,False,-0.3125,False
complex,-7.5625,False,1.4375,True
simple,-5.1875,False,1.03125,True
instruct,-5.1875,False,-0.4375,False
complex,-5.1875,False,1.25,True
simple,-7.8125,False,0.75,True
instruct,-7.8125,False,-0.375,False
complex,-7.8125,False,1.15625,True
simple,-6.4375,False,0.96875,True
instruct,-6.4375,False,-0.1875,False
complex,-6.4375,False,1.40625,True
simple,-5.71875,False,0.96875,True
instruct,-5.71875,False,-0.25,False
complex,-5.71875,False,1.25,True
simple,-5.6875,False,0.90625,True
instruct,-5.6875,False,-0.125,False
complex,-5.6875,False,1.21875,True
simple,-5.6875,False,0.90625,True
instruct,-5.6875,False,-0.375,False
complex,-5.6875,False,1.25,True
simple,-6.03125,False,0.75,True
instruct,-6.03125,False,-0.375,False
complex,-6.03125,False,1.25,True
simple,-6.34375,False,0.9375,True
instruct,-6.34375,False,0.0,False
complex,-6.34375,False,1.25,True
simple,-4.8125,False,1.09375,True
instruct,-4.8125,False,-0.0625,False
complex,-4.8125,False,1.1875,True
simple,-6.0,False,0.6875,True
instruct,-6.0,False,-0.375,False
complex,-6.0,False,1.09375,True
simple,-4.125,False,0.875,True
instruct,-4.125,False,-0.1875,False
complex,-4.125,False,1.21875,True
simple,-5.4375,False,0.9375,True
instruct,-5.4375,False,0.0,False
complex,-5.4375,False,1.34375,True
simple,-5.25,False,1.125,True
instruct,-5.25,False,-0.3125,False
complex,-5.25,False,1.21875,True
simple,-5.6875,False,1.09375,True
instruct,-5.6875,False,-0.1875,False
complex,-5.6875,False,1.3125,True
simple,-5.5,False,1.125,True
instruct,-5.5,False,-0.4375,False
complex,-5.5,False,1.125,True
simple,-4.9375,False,0.875,True
instruct,-4.9375,False,-0.375,False
complex,-4.9375,False,1.3125,True
simple,-5.8125,False,1.15625,True
instruct,-5.8125,False,-0.0625,False
complex,-5.8125,False,1.25,True
simple,-6.1875,False,1.0,True
instruct,-6.1875,False,-0.1875,False
complex,-6.1875,False,1.15625,True
simple,-6.1875,False,1.0,True
instruct,-6.1875,False,-0.25,False
complex,-6.1875,False,1.125,True
simple,-4.6875,False,1.15625,True
instruct,-4.6875,False,-0.1875,False
complex,-4.6875,False,1.15625,True
simple,-4.5625,False,0.90625,True
instruct,-4.5625,False,-0.1875,False
complex,-4.5625,False,1.25,True
simple,-6.125,False,1.0,True
instruct,-6.125,False,0.125,True
complex,-6.125,False,1.4375,True
simple,-6.8125,False,1.125,True
instruct,-6.8125,False,-0.0625,False
complex,-6.8125,False,1.375,True
simple,-4.125,False,1.0625,True
instruct,-4.125,False,-0.0625,False
complex,-4.125,False,1.21875,True
simple,-4.5625,False,1.0625,True
instruct,-4.5625,False,-0.1875,False
complex,-4.5625,False,1.125,True
simple,-4.75,False,0.96875,True
instruct,-4.75,False,-0.25,False
complex,-4.75,False,1.28125,True
simple,-3.9375,False,1.09375,True
instruct,-3.9375,False,0.1875,True
complex,-3.9375,False,1.3125,True
simple,-4.75,False,0.96875,True
instruct,-4.75,False,-0.0625,False
complex,-4.75,False,1.25,True
simple,-3.625,False,0.96875,True
instruct,-3.625,False,-0.25,False
complex,-3.625,False,1.15625,True
simple,-4.6875,False,0.84375,True
instruct,-4.6875,False,-0.25,False
complex,-4.6875,False,1.1875,True
simple,-4.625,False,0.96875,True
instruct,-4.625,False,-0.0625,False
complex,-4.625,False,1.21875,True
simple,-4.625,False,0.84375,True
instruct,-4.625,False,-0.1875,False
complex,-4.625,False,1.15625,True
simple,-4.5,False,0.6875,True
instruct,-4.5,False,-0.5,False
complex,-4.5,False,1.1875,True
simple,-6.6875,False,0.875,True
instruct,-6.6875,False,-0.125,False
complex,-6.6875,False,1.25,True
simple,-5.75,False,0.875,True
instruct,-5.75,False,-0.25,False
complex,-5.75,False,1.34375,True
simple,-4.875,False,0.90625,True
instruct,-4.875,False,-0.375,False
complex,-4.875,False,1.21875,True
simple,-5.625,False,0.65625,True
instruct,-5.625,False,-0.4375,False
complex,-5.625,False,1.21875,True
simple,-5.1875,False,1.125,True
instruct,-5.1875,False,-0.25,False
complex,-5.1875,False,1.09375,True
simple,-4.375,False,1.0,True
instruct,-4.375,False,-0.375,False
complex,-4.375,False,1.21875,True
simple,-6.4375,False,0.71875,True
instruct,-6.4375,False,-0.0625,False
complex,-6.4375,False,1.21875,True
simple,-4.9375,False,0.96875,True
instruct,-4.9375,False,-0.125,False
complex,-4.9375,False,1.125,True
simple,-6.9375,False,0.9375,True
instruct,-6.9375,False,-0.25,False
complex,-6.9375,False,1.25,True
simple,-5.71875,False,0.8125,True
instruct,-5.71875,False,-0.1875,False
complex,-5.71875,False,1.34375,True
simple,-5.59375,False,1.09375,True
instruct,-5.59375,False,-0.1875,False
complex,-5.59375,False,1.15625,True
simple,-8.375,False,0.9375,True
instruct,-8.375,False,-0.1875,False
complex,-8.375,False,1.1875,True
simple,-6.75,False,0.9375,True
instruct,-6.75,False,-0.0625,False
complex,-6.75,False,1.25,True
simple,-6.75,False,0.75,True
instruct,-6.75,False,-0.1875,False
complex,-6.75,False,1.1875,True
simple,-6.4375,False,1.0625,True
instruct,-6.4375,False,0.0,False
complex,-6.4375,False,1.25,True
simple,-5.25,False,1.03125,True
instruct,-5.25,False,-0.25,False
complex,-5.25,False,1.3125,True
simple,-6.21875,False,0.75,True
instruct,-6.21875,False,-0.25,False
complex,-6.21875,False,1.25,True
simple,-5.6875,False,0.96875,True
instruct,-5.6875,False,-0.3125,False
complex,-5.6875,False,1.1875,True
simple,-6.75,False,0.8125,True
instruct,-6.75,False,-0.375,False
complex,-6.75,False,1.28125,True
simple,-7.15625,False,0.9375,True
instruct,-7.15625,False,-0.25,False
complex,-7.15625,False,1.28125,True
simple,-5.9375,False,0.71875,True
instruct,-5.9375,False,0.0,False
complex,-5.9375,False,1.34375,True
simple,-7.125,False,1.0625,True
instruct,-7.125,False,-0.1875,False
complex,-7.125,False,1.21875,True
simple,-7.3125,False,1.03125,True
instruct,-7.3125,False,-0.125,False
complex,-7.3125,False,1.3125,True
simple,-5.9375,False,0.875,True
instruct,-5.9375,False,0.0625,True
complex,-5.9375,False,1.28125,True
simple,-6.25,False,1.0,True
instruct,-6.25,False,0.0,False
complex,-6.25,False,1.25,True
simple,-6.375,False,0.8125,True
instruct,-6.375,False,-0.3125,False
complex,-6.375,False,1.15625,True
simple,-4.75,False,1.03125,True
instruct,-4.75,False,-0.0625,False
complex,-4.75,False,1.25,True
simple,-6.5625,False,1.125,True
instruct,-6.5625,False,-0.25,False
complex,-6.5625,False,1.1875,True
simple,-5.8125,False,0.84375,True
instruct,-5.8125,False,-0.25,False
complex,-5.8125,False,1.4375,True
simple,-5.59375,False,0.9375,True
instruct,-5.59375,False,-0.1875,False
complex,-5.59375,False,1.28125,True
simple,-5.3125,False,0.84375,True
instruct,-5.3125,False,-0.3125,False
complex,-5.3125,False,1.21875,True
simple,-5.125,False,0.8125,True
instruct,-5.125,False,-0.0625,False
complex,-5.125,False,1.28125,True
simple,-5.3125,False,0.96875,True
instruct,-5.3125,False,-0.0625,False
complex,-5.3125,False,1.28125,True
simple,-5.75,False,0.875,True
instruct,-5.75,False,-0.3125,False
complex,-5.75,False,1.125,True
simple,-4.625,False,1.03125,True
instruct,-4.625,False,-0.375,False
complex,-4.625,False,1.3125,True
simple,-4.9375,False,1.03125,True
instruct,-4.9375,False,-0.125,False
complex,-4.9375,False,1.25,True
simple,-6.125,False,1.09375,True
instruct,-6.125,False,-0.125,False
complex,-6.125,False,1.125,True
simple,-6.5,False,0.9375,True
instruct,-6.5,False,-0.3125,False
complex,-6.5,False,1.25,True
simple,-5.75,False,0.90625,True
instruct,-5.75,False,-0.0625,False
complex,-5.75,False,1.40625,True
simple,-6.75,False,1.09375,True
instruct,-6.75,False,-0.125,False
complex,-6.75,False,1.25,True
simple,-5.25,False,0.84375,True
instruct,-5.25,False,-0.125,False
complex,-5.25,False,1.21875,True
simple,-5.4375,False,1.0625,True
instruct,-5.4375,False,-0.125,False
complex,-5.4375,False,1.28125,True
simple,-5.8125,False,1.03125,True
instruct,-5.8125,False,-0.0625,False
complex,-5.8125,False,1.4375,True
simple,-6.625,False,0.9375,True
instruct,-6.625,False,-0.0625,False
complex,-6.625,False,1.21875,True
simple,-5.75,False,1.03125,True
instruct,-5.75,False,-0.125,False
complex,-5.75,False,1.25,True
simple,-4.25,False,0.9375,True
instruct,-4.25,False,0.0,False
complex,-4.25,False,1.375,True
simple,-5.5625,False,1.0,True
instruct,-5.5625,False,-0.125,False
complex,-5.5625,False,1.21875,True
simple,-0.125,False,1.34375,True
instruct,-0.125,False,0.3125,True
complex,-0.125,False,1.09375,True
simple,-2.90625,False,1.28125,True
instruct,-2.90625,False,0.0,False
complex,-2.90625,False,1.15625,True
simple,-0.5,False,1.25,True
instruct,-0.5,False,0.375,True
complex,-0.5,False,0.96875,True
simple,-2.625,False,1.21875,True
instruct,-2.625,False,0.0625,True
complex,-2.625,False,1.0,True
simple,0.5625,True,1.28125,True
instruct,0.5625,True,0.3125,True
complex,0.5625,True,1.125,True
simple,-1.25,False,1.28125,True
instruct,-1.25,False,0.1875,True
complex,-1.25,False,1.15625,True
simple,-3.6875,False,1.125,True
instruct,-3.6875,False,0.0,False
complex,-3.6875,False,1.125,True
simple,0.0625,True,1.28125,True
instruct,0.0625,True,0.125,True
complex,0.0625,True,1.09375,True
simple,-2.375,False,1.125,True
instruct,-2.375,False,0.375,True
complex,-2.375,False,0.84375,True
simple,0.5625,True,1.1875,True
instruct,0.5625,True,0.1875,True
complex,0.5625,True,1.15625,True
simple,-1.5625,False,1.25,True
instruct,-1.5625,False,0.25,True
complex,-1.5625,False,1.0,True
simple,-0.125,False,1.15625,True
instruct,-0.125,False,0.1875,True
complex,-0.125,False,1.125,True
simple,-2.625,False,1.21875,True
instruct,-2.625,False,0.5,True
complex,-2.625,False,0.96875,True
simple,-1.0,False,1.34375,True
instruct,-1.0,False,0.5,True
complex,-1.0,False,1.03125,True
simple,-0.9375,False,1.3125,True
instruct,-0.9375,False,0.4375,True
complex,-0.9375,False,0.8125,True
simple,-0.8125,False,1.5,True
instruct,-0.8125,False,0.4375,True
complex,-0.8125,False,1.09375,True
simple,1.0,True,1.09375,True
instruct,1.0,True,0.5625,True
complex,1.0,True,0.90625,True
simple,-0.375,False,1.28125,True
instruct,-0.375,False,0.125,True
complex,-0.375,False,1.15625,True
simple,-1.6875,False,1.15625,True
instruct,-1.6875,False,0.1875,True
complex,-1.6875,False,0.96875,True
simple,-3.25,False,1.34375,True
instruct,-3.25,False,0.25,True
complex,-3.25,False,1.125,True
simple,-0.0625,False,1.25,True
instruct,-0.0625,False,0.25,True
complex,-0.0625,False,1.0,True
simple,-2.1875,False,1.34375,True
instruct,-2.1875,False,0.375,True
complex,-2.1875,False,0.9375,True
simple,0.4375,True,1.4375,True
instruct,0.4375,True,0.6875,True
complex,0.4375,True,1.15625,True
simple,-0.6875,False,1.40625,True
instruct,-0.6875,False,0.1875,True
complex,-0.6875,False,1.0,True
simple,-2.8125,False,1.0625,True
instruct,-2.8125,False,0.4375,True
complex,-2.8125,False,0.78125,True
simple,-1.375,False,1.28125,True
instruct,-1.375,False,0.3125,True
complex,-1.375,False,1.0,True
simple,-2.375,False,1.09375,True
instruct,-2.375,False,0.5625,True
complex,-2.375,False,0.90625,True
simple,-1.4375,False,1.34375,True
instruct,-1.4375,False,0.375,True
complex,-1.4375,False,1.15625,True
simple,-0.75,False,1.0625,True
instruct,-0.75,False,0.0625,True
complex,-0.75,False,1.0625,True
simple,-14.375,False,1.15625,True
instruct,-14.375,False,0.25,True
complex,-14.375,False,1.1875,True
simple,-1.125,False,1.375,True
instruct,-1.125,False,0.375,True
complex,-1.125,False,0.84375,True
simple,-0.625,False,1.40625,True
instruct,-0.625,False,0.375,True
complex,-0.625,False,1.0625,True
simple,-0.375,False,1.3125,True
instruct,-0.375,False,0.125,True
complex,-0.375,False,1.15625,True
simple,-0.875,False,1.5,True
instruct,-0.875,False,0.6875,True
complex,-0.875,False,1.21875,True
simple,-0.25,False,1.3125,True
instruct,-0.25,False,0.25,True
complex,-0.25,False,0.875,True
simple,-1.5625,False,1.15625,True
instruct,-1.5625,False,0.25,True
complex,-1.5625,False,1.09375,True
simple,-3.0625,False,1.1875,True
instruct,-3.0625,False,0.0625,True
complex,-3.0625,False,1.03125,True
simple,-2.25,False,1.25,True
instruct,-2.25,False,0.1875,True
complex,-2.25,False,0.8125,True
simple,-0.1875,False,1.34375,True
instruct,-0.1875,False,0.25,True
complex,-0.1875,False,1.15625,True
simple,-1.8125,False,1.09375,True
instruct,-1.8125,False,0.125,True
complex,-1.8125,False,1.0,True
simple,-1.5625,False,1.125,True
instruct,-1.5625,False,0.1875,True
complex,-1.5625,False,0.8125,True
simple,-1.5,False,1.21875,True
instruct,-1.5,False,0.3125,True
complex,-1.5,False,0.90625,True
simple,-3.125,False,1.0,True
instruct,-3.125,False,0.5,True
complex,-3.125,False,0.9375,True
simple,-2.375,False,1.15625,True
instruct,-2.375,False,0.125,True
complex,-2.375,False,1.03125,True
simple,-2.0,False,1.3125,True
instruct,-2.0,False,0.3125,True
complex,-2.0,False,1.09375,True
simple,-3.1875,False,1.1875,True
instruct,-3.1875,False,0.375,True
complex,-3.1875,False,1.0,True
simple,-4.25,False,1.09375,True
instruct,-4.25,False,0.625,True
complex,-4.25,False,1.0,True
simple,-0.125,False,1.21875,True
instruct,-0.125,False,0.34375,True
complex,-0.125,False,0.9375,True
simple,-0.6875,False,1.15625,True
instruct,-0.6875,False,0.3125,True
complex,-0.6875,False,0.90625,True
simple,-3.5,False,1.5,True
instruct,-3.5,False,0.6875,True
complex,-3.5,False,1.09375,True
simple,-3.0625,False,1.25,True
instruct,-3.0625,False,0.0,False
complex,-3.0625,False,0.90625,True
simple,-2.8125,False,1.375,True
instruct,-2.8125,False,0.3125,True
complex,-2.8125,False,0.96875,True
simple,-4.25,False,1.09375,True
instruct,-4.25,False,0.125,True
complex,-4.25,False,1.0625,True
simple,1.3125,True,1.25,True
instruct,1.3125,True,0.25,True
complex,1.3125,True,1.09375,True
simple,-2.0,False,1.3125,True
instruct,-2.0,False,0.125,True
complex,-2.0,False,1.15625,True
simple,-2.0625,False,0.9375,True
instruct,-2.0625,False,0.6875,True
complex,-2.0625,False,1.0,True
simple,-0.5,False,1.59375,True
instruct,-0.5,False,0.5625,True
complex,-0.5,False,0.625,True
simple,-2.0,False,1.0625,True
instruct,-2.0,False,0.0,False
complex,-2.0,False,0.84375,True
simple,1.4375,True,1.40625,True
instruct,1.4375,True,0.6875,True
complex,1.4375,True,1.0625,True
simple,-3.375,False,1.1875,True
instruct,-3.375,False,0.875,True
complex,-3.375,False,1.15625,True
simple,-1.9375,False,1.1875,True
instruct,-1.9375,False,0.375,True
complex,-1.9375,False,0.6875,True
simple,0.9375,True,1.125,True
instruct,0.9375,True,0.3125,True
complex,0.9375,True,1.125,True
simple,-1.1875,False,1.25,True
instruct,-1.1875,False,0.5,True
complex,-1.1875,False,1.0625,True
simple,-2.5625,False,1.25,True
instruct,-2.5625,False,0.125,True
complex,-2.5625,False,0.875,True
simple,-3.75,False,1.3125,True
instruct,-3.75,False,0.3125,True
complex,-3.75,False,1.09375,True
simple,-3.375,False,1.28125,True
instruct,-3.375,False,0.125,True
complex,-3.375,False,1.0625,True
simple,-2.5,False,1.25,True
instruct,-2.5,False,0.5,True
complex,-2.5,False,1.1875,True
simple,-2.125,False,1.1875,True
instruct,-2.125,False,0.0625,True
complex,-2.125,False,1.0625,True
simple,-1.9375,False,1.25,True
instruct,-1.9375,False,0.125,True
complex,-1.9375,False,0.9375,True
simple,-2.6875,False,1.40625,True
instruct,-2.6875,False,0.1875,True
complex,-2.6875,False,1.125,True
simple,-1.6875,False,1.25,True
instruct,-1.6875,False,0.5625,True
complex,-1.6875,False,0.90625,True
simple,-1.5,False,1.15625,True
instruct,-1.5,False,0.25,True
complex,-1.5,False,0.96875,True
simple,-2.4375,False,1.0625,True
instruct,-2.4375,False,0.25,True
complex,-2.4375,False,1.28125,True
simple,-2.5625,False,1.4375,True
instruct,-2.5625,False,0.0,False
complex,-2.5625,False,1.03125,True
simple,-4.375,False,1.28125,True
instruct,-4.375,False,0.1875,True
complex,-4.375,False,1.09375,True
simple,-1.75,False,1.0,True
instruct,-1.75,False,0.125,True
complex,-1.75,False,0.71875,True
simple,-0.4375,False,1.375,True
instruct,-0.4375,False,0.5,True
complex,-0.4375,False,1.03125,True
simple,-2.0625,False,0.90625,True
instruct,-2.0625,False,0.5,True
complex,-2.0625,False,0.96875,True
simple,-0.5625,False,1.375,True
instruct,-0.5625,False,0.375,True
complex,-0.5625,False,1.03125,True
simple,1.8125,True,1.34375,True
instruct,1.8125,True,0.375,True
complex,1.8125,True,1.21875,True
simple,-0.8125,False,1.34375,True
instruct,-0.8125,False,0.5625,True
complex,-0.8125,False,0.9375,True
simple,0.125,True,1.59375,True
instruct,0.125,True,0.6875,True
complex,0.125,True,1.09375,True
simple,-0.1875,False,1.15625,True
instruct,-0.1875,False,0.375,True
complex,-0.1875,False,1.28125,True
simple,-1.75,False,1.09375,True
instruct,-1.75,False,0.4375,True
complex,-1.75,False,0.90625,True
simple,-0.9375,False,1.125,True
instruct,-0.9375,False,0.4375,True
complex,-0.9375,False,0.75,True
simple,-1.9375,False,1.1875,True
instruct,-1.9375,False,0.25,True
complex,-1.9375,False,0.9375,True
simple,-3.1875,False,1.21875,True
instruct,-3.1875,False,0.4375,True
complex,-3.1875,False,1.03125,True
simple,-4.1875,False,1.28125,True
instruct,-4.1875,False,0.5625,True
complex,-4.1875,False,0.9375,True
simple,-2.4375,False,1.4375,True
instruct,-2.4375,False,0.5,True
complex,-2.4375,False,0.9375,True
simple,-2.0,False,1.28125,True
instruct,-2.0,False,0.375,True
complex,-2.0,False,1.125,True
simple,-4.0625,False,1.09375,True
instruct,-4.0625,False,0.375,True
complex,-4.0625,False,1.03125,True
simple,-2.625,False,1.25,True
instruct,-2.625,False,0.125,True
complex,-2.625,False,1.125,True
simple,1.5,True,1.4375,True
instruct,1.5,True,0.0625,True
complex,1.5,True,1.0,True
simple,-1.4375,False,1.375,True
instruct,-1.4375,False,0.3125,True
complex,-1.4375,False,0.9375,True
simple,-1.1875,False,1.34375,True
instruct,-1.1875,False,0.5625,True
complex,-1.1875,False,1.21875,True
simple,-2.0,False,1.125,True
instruct,-2.0,False,0.125,True
complex,-2.0,False,0.96875,True
simple,-2.875,False,1.09375,True
instruct,-2.875,False,0.3125,True
complex,-2.875,False,1.03125,True
simple,-2.6875,False,1.125,True
instruct,-2.6875,False,0.5625,True
complex,-2.6875,False,0.84375,True
simple,-1.75,False,0.96875,True
instruct,-1.75,False,0.25,True
complex,-1.75,False,1.0625,True
simple,-0.6875,False,1.21875,True
instruct,-0.6875,False,0.125,True
complex,-0.6875,False,0.84375,True
simple,-3.3125,False,1.21875,True
instruct,-3.3125,False,0.25,True
complex,-3.3125,False,1.03125,True
simple,-2.0625,False,1.25,True
instruct,-2.0625,False,0.5,True
complex,-2.0625,False,1.09375,True
simple,2.75,True,1.28125,True
instruct,2.75,True,0.3125,True
complex,2.75,True,0.84375,True
simple,-2.0625,False,0.9375,True
instruct,-2.0625,False,0.25,True
complex,-2.0625,False,1.15625,True
simple,-2.625,False,1.03125,True
instruct,-2.625,False,0.0625,True
complex,-2.625,False,1.0625,True
simple,-0.96875,False,0.875,True
instruct,-0.96875,False,0.4375,True
complex,-0.96875,False,1.0625,True
simple,-4.0,False,0.75,True
instruct,-4.0,False,0.1875,True
complex,-4.0,False,0.84375,True
simple,-1.125,False,1.3125,True
instruct,-1.125,False,0.1875,True
complex,-1.125,False,0.90625,True
simple,-1.5,False,1.03125,True
instruct,-1.5,False,0.0625,True
complex,-1.5,False,1.0,True
simple,-2.375,False,0.875,True
instruct,-2.375,False,-0.125,False
complex,-2.375,False,0.90625,True
simple,-2.5,False,0.625,True
instruct,-2.5,False,-0.0625,False
complex,-2.5,False,0.84375,True
simple,-0.4375,False,0.8125,True
instruct,-0.4375,False,0.125,True
complex,-0.4375,False,0.9375,True
simple,-3.0625,False,0.90625,True
instruct,-3.0625,False,-0.1875,False
complex,-3.0625,False,0.8125,True
simple,-3.5,False,0.71875,True
instruct,-3.5,False,-0.125,False
complex,-3.5,False,1.0,True
simple,-4.375,False,0.5625,True
instruct,-4.375,False,-0.25,False
complex,-4.375,False,0.84375,True
simple,-0.125,False,1.125,True
instruct,-0.125,False,0.1875,True
complex,-0.125,False,1.09375,True
simple,-6.625,False,0.75,True
instruct,-6.625,False,0.3125,True
complex,-6.625,False,1.15625,True
simple,-7.625,False,0.6875,True
instruct,-7.625,False,-0.3125,False
complex,-7.625,False,0.75,True
simple,-1.8125,False,0.53125,True
instruct,-1.8125,False,-0.375,False
complex,-1.8125,False,1.0625,True
simple,-2.1875,False,0.78125,True
instruct,-2.1875,False,0.0,False
complex,-2.1875,False,1.3125,True
simple,0.5625,True,0.75,True
instruct,0.5625,True,0.0625,True
complex,0.5625,True,1.0625,True
simple,-2.75,False,0.96875,True
instruct,-2.75,False,0.125,True
complex,-2.75,False,1.03125,True
simple,-3.75,False,0.96875,True
instruct,-3.75,False,-0.125,False
complex,-3.75,False,0.84375,True
simple,-3.125,False,0.5,True
instruct,-3.125,False,-0.0625,False
complex,-3.125,False,0.9375,True
simple,-2.25,False,0.90625,True
instruct,-2.25,False,-0.3125,False
complex,-2.25,False,1.125,True
simple,-2.5625,False,0.53125,True
instruct,-2.5625,False,-0.1875,False
complex,-2.5625,False,1.0,True
simple,-9.75,False,0.625,True
instruct,-9.75,False,-0.1875,False
complex,-9.75,False,1.0,True
simple,-6.1875,False,1.0,True
instruct,-6.1875,False,-0.0625,False
complex,-6.1875,False,0.90625,True
simple,0.125,True,1.09375,True
instruct,0.125,True,-0.0625,False
complex,0.125,True,0.90625,True
simple,-0.75,False,0.59375,True
instruct,-0.75,False,-0.4375,False
complex,-0.75,False,1.03125,True
simple,-0.5,False,0.59375,True
instruct,-0.5,False,-0.5,False
complex,-0.5,False,0.875,True
simple,-3.125,False,0.625,True
instruct,-3.125,False,0.1875,True
complex,-3.125,False,1.21875,True
simple,1.75,True,0.9375,True
instruct,1.75,True,0.25,True
complex,1.75,True,0.96875,True
simple,-5.4375,False,0.625,True
instruct,-5.4375,False,-0.25,False
complex,-5.4375,False,1.125,True
simple,-2.75,False,1.15625,True
instruct,-2.75,False,-0.0625,False
complex,-2.75,False,0.90625,True
simple,-4.0,False,0.4375,True
instruct,-4.0,False,-0.1875,False
complex,-4.0,False,0.96875,True
simple,-3.125,False,0.6875,True
instruct,-3.125,False,-0.4375,False
complex,-3.125,False,0.625,True
simple,-0.625,False,0.65625,True
instruct,-0.625,False,-0.1875,False
complex,-0.625,False,0.90625,True
simple,-9.375,False,0.40625,True
instruct,-9.375,False,-0.4375,False
complex,-9.375,False,1.0,True
simple,-0.375,False,0.71875,True
instruct,-0.375,False,-0.0625,False
complex,-0.375,False,0.71875,True
simple,-1.8125,False,1.375,True
instruct,-1.8125,False,0.4375,True
complex,-1.8125,False,1.09375,True
simple,-4.9375,False,0.4375,True
instruct,-4.9375,False,-0.5,False
complex,-4.9375,False,1.09375,True
simple,-0.75,False,0.96875,True
instruct,-0.75,False,0.0625,True
complex,-0.75,False,1.0,True
simple,-2.1875,False,0.71875,True
instruct,-2.1875,False,0.0,False
complex,-2.1875,False,0.90625,True
simple,-1.75,False,0.875,True
instruct,-1.75,False,0.25,True
complex,-1.75,False,0.84375,True
simple,-1.25,False,1.40625,True
instruct,-1.25,False,0.5,True
complex,-1.25,False,0.96875,True
simple,-3.5625,False,1.21875,True
instruct,-3.5625,False,0.125,True
complex,-3.5625,False,0.96875,True
simple,-2.6875,False,0.59375,True
instruct,-2.6875,False,-0.3125,False
complex,-2.6875,False,0.9375,True
simple,-2.125,False,0.9375,True
instruct,-2.125,False,-0.0625,False
complex,-2.125,False,0.75,True
simple,-2.3125,False,0.65625,True
instruct,-2.3125,False,0.0625,True
complex,-2.3125,False,1.0625,True
simple,-1.25,False,1.1875,True
instruct,-1.25,False,0.125,True
complex,-1.25,False,0.90625,True
simple,-2.0625,False,0.96875,True
instruct,-2.0625,False,0.0,False
complex,-2.0625,False,1.0,True
simple,-0.125,False,0.9375,True
instruct,-0.125,False,0.125,True
complex,-0.125,False,1.0625,True
simple,-2.75,False,0.53125,True
instruct,-2.75,False,0.0,False
complex,-2.75,False,0.875,True
simple,-4.0,False,0.71875,True
instruct,-4.0,False,-0.375,False
complex,-4.0,False,1.21875,True
simple,-5.375,False,0.8125,True
instruct,-5.375,False,0.0625,True
complex,-5.375,False,1.03125,True
simple,-2.65625,False,1.03125,True
instruct,-2.65625,False,0.0625,True
complex,-2.65625,False,0.9375,True
simple,-2.0625,False,0.5,True
instruct,-2.0625,False,0.0,False
complex,-2.0625,False,0.96875,True
simple,1.0,True,1.0625,True
instruct,1.0,True,0.1875,True
complex,1.0,True,0.78125,True
simple,-2.25,False,0.8125,True
instruct,-2.25,False,-0.3125,False
complex,-2.25,False,1.03125,True
simple,-2.0,False,0.65625,True
instruct,-2.0,False,0.0625,True
complex,-2.0,False,1.0,True
simple,-5.625,False,0.84375,True
instruct,-5.625,False,0.0625,True
complex,-5.625,False,0.84375,True
simple,-2.75,False,0.84375,True
instruct,-2.75,False,-0.0625,False
complex,-2.75,False,1.15625,True
simple,-4.375,False,0.25,True
instruct,-4.375,False,-0.5,False
complex,-4.375,False,0.84375,True
simple,-10.0625,False,0.71875,True
instruct,-10.0625,False,-0.375,False
complex,-10.0625,False,1.1875,True
simple,-1.875,False,0.375,True
instruct,-1.875,False,-0.4375,False
complex,-1.875,False,0.875,True
simple,-3.625,False,0.875,True
instruct,-3.625,False,-0.125,False
complex,-3.625,False,0.96875,True
simple,0.25,True,1.25,True
instruct,0.25,True,0.1875,True
complex,0.25,True,0.9375,True
simple,-3.1875,False,0.5,True
instruct,-3.1875,False,-0.125,False
complex,-3.1875,False,0.9375,True
simple,-3.0625,False,0.6875,True
instruct,-3.0625,False,0.0,False
complex,-3.0625,False,0.9375,True
simple,1.125,True,1.1875,True
instruct,1.125,True,0.125,True
complex,1.125,True,1.125,True
simple,-1.625,False,0.53125,True
instruct,-1.625,False,-0.25,False
complex,-1.625,False,0.625,True
simple,-0.625,False,0.59375,True
instruct,-0.625,False,-0.0625,False
complex,-0.625,False,1.1875,True
simple,-0.25,False,0.875,True
instruct,-0.25,False,-0.125,False
complex,-0.25,False,0.9375,True
simple,-2.6875,False,0.75,True
instruct,-2.6875,False,-0.3125,False
complex,-2.6875,False,0.8125,True
simple,-4.875,False,0.96875,True
instruct,-4.875,False,0.0625,True
complex,-4.875,False,1.0625,True
simple,-6.3125,False,0.25,True
instruct,-6.3125,False,-0.1875,False
complex,-6.3125,False,0.9375,True
simple,-3.0625,False,0.8125,True
instruct,-3.0625,False,0.0,False
complex,-3.0625,False,0.78125,True
simple,3.5,True,1.34375,True
instruct,3.5,True,0.1875,True
complex,3.5,True,1.0,True
simple,-1.8125,False,0.375,True
instruct,-1.8125,False,-0.375,False
complex,-1.8125,False,0.8125,True
simple,-3.125,False,0.75,True
instruct,-3.125,False,0.0625,True
complex,-3.125,False,0.8125,True
simple,-2.6875,False,0.5,True
instruct,-2.6875,False,0.0,False
complex,-2.6875,False,0.90625,True
simple,-0.25,False,0.9375,True
instruct,-0.25,False,0.0,False
complex,-0.25,False,1.0,True
simple,-2.125,False,1.09375,True
instruct,-2.125,False,0.0625,True
complex,-2.125,False,0.96875,True
simple,-4.8125,False,0.6875,True
instruct,-4.8125,False,-0.3125,False
complex,-4.8125,False,0.90625,True
simple,-0.5625,False,0.9375,True
instruct,-0.5625,False,-0.0625,False
complex,-0.5625,False,1.03125,True
simple,-0.1875,False,1.125,True
instruct,-0.1875,False,0.375,True
complex,-0.1875,False,0.84375,True
simple,-0.8125,False,1.03125,True
instruct,-0.8125,False,0.25,True
complex,-0.8125,False,1.03125,True
simple,-1.375,False,1.25,True
instruct,-1.375,False,0.3125,True
complex,-1.375,False,1.1875,True
simple,-11.375,False,0.625,True
instruct,-11.375,False,-0.375,False
complex,-11.375,False,1.0,True
simple,-4.0,False,1.0625,True
instruct,-4.0,False,0.125,True
complex,-4.0,False,0.8125,True
simple,-3.25,False,0.5,True
instruct,-3.25,False,0.0,False
complex,-3.25,False,0.65625,True
simple,-2.25,False,0.71875,True
instruct,-2.25,False,-0.125,False
complex,-2.25,False,0.59375,True
simple,1.5625,True,0.75,True
instruct,1.5625,True,-0.0625,False
complex,1.5625,True,1.0625,True
simple,-6.125,False,0.5625,True
instruct,-6.125,False,0.0,False
complex,-6.125,False,0.84375,True
simple,-18.375,False,0.9375,True
instruct,-18.375,False,-0.0625,False
complex,-18.375,False,1.40625,True
simple,-0.75,False,0.71875,True
instruct,-0.75,False,-0.3125,False
complex,-0.75,False,0.8125,True
simple,-1.25,False,0.53125,True
instruct,-1.25,False,-0.375,False
complex,-1.25,False,0.96875,True
simple,-1.25,False,0.96875,True
instruct,-1.25,False,-0.125,False
complex,-1.25,False,0.96875,True
simple,-3.125,False,0.6875,True
instruct,-3.125,False,-0.25,False
complex,-3.125,False,1.03125,True
simple,-6.25,False,0.9375,True
instruct,-6.25,False,0.5,True
complex,-6.25,False,1.5,True
simple,-7.6875,False,1.21875,True
instruct,-7.6875,False,0.1875,True
complex,-7.6875,False,1.21875,True
simple,-6.75,False,1.0625,True
instruct,-6.75,False,0.25,True
complex,-6.75,False,1.625,True
simple,-7.875,False,1.125,True
instruct,-7.875,False,0.375,True
complex,-7.875,False,1.5625,True
simple,-6.0,False,1.03125,True
instruct,-6.0,False,0.5,True
complex,-6.0,False,1.5625,True
simple,-6.6875,False,1.125,True
instruct,-6.6875,False,0.375,True
complex,-6.6875,False,1.4375,True
simple,-5.875,False,1.03125,True
instruct,-5.875,False,0.3125,True
complex,-5.875,False,1.6875,True
simple,-7.8125,False,1.125,True
instruct,-7.8125,False,0.375,True
complex,-7.8125,False,1.53125,True
simple,-8.875,False,1.25,True
instruct,-8.875,False,0.5,True
complex,-8.875,False,1.5,True
simple,-6.5,False,1.15625,True
instruct,-6.5,False,0.5625,True
complex,-6.5,False,1.59375,True
simple,-7.125,False,1.21875,True
instruct,-7.125,False,0.125,True
complex,-7.125,False,1.4375,True
simple,-6.25,False,1.125,True
instruct,-6.25,False,0.4375,True
complex,-6.25,False,1.53125,True
simple,-7.75,False,1.1875,True
instruct,-7.75,False,0.3125,True
complex,-7.75,False,1.46875,True
simple,-7.125,False,0.96875,True
instruct,-7.125,False,0.625,True
complex,-7.125,False,1.53125,True
simple,-7.375,False,1.15625,True
instruct,-7.375,False,0.25,True
complex,-7.375,False,1.15625,True
simple,-6.0,False,1.03125,True
instruct,-6.0,False,0.375,True
complex,-6.0,False,1.53125,True
simple,-7.5,False,1.0,True
instruct,-7.5,False,0.25,True
complex,-7.5,False,1.59375,True
simple,-6.875,False,0.96875,True
instruct,-6.875,False,0.4375,True
complex,-6.875,False,1.34375,True
simple,-7.1875,False,1.125,True
instruct,-7.1875,False,0.5625,True
complex,-7.1875,False,1.5625,True
simple,-8.25,False,1.09375,True
instruct,-8.25,False,0.375,True
complex,-8.25,False,1.53125,True
simple,-7.0,False,1.15625,True
instruct,-7.0,False,0.375,True
complex,-7.0,False,1.21875,True
simple,-7.75,False,1.125,True
instruct,-7.75,False,0.375,True
complex,-7.75,False,1.5,True
simple,-7.5,False,1.34375,True
instruct,-7.5,False,0.3125,True
complex,-7.5,False,1.34375,True
simple,-6.5,False,1.09375,True
instruct,-6.5,False,0.3125,True
complex,-6.5,False,1.46875,True
simple,-7.0625,False,1.3125,True
instruct,-7.0625,False,0.4375,True
complex,-7.0625,False,1.5,True
simple,-8.125,False,1.09375,True
instruct,-8.125,False,0.1875,True
complex,-8.125,False,1.5,True
simple,-7.0,False,1.28125,True
instruct,-7.0,False,0.5625,True
complex,-7.0,False,1.5,True
simple,-6.3125,False,1.125,True
instruct,-6.3125,False,0.5,True
complex,-6.3125,False,1.5625,True
simple,-6.6875,False,1.09375,True
instruct,-6.6875,False,0.0625,True
complex,-6.6875,False,0.90625,True
simple,-5.75,False,1.0,True
instruct,-5.75,False,0.125,True
complex,-5.75,False,1.53125,True
simple,-7.625,False,1.21875,True
instruct,-7.625,False,0.25,True
complex,-7.625,False,1.34375,True
simple,-6.0,False,1.0625,True
instruct,-6.0,False,0.25,True
complex,-6.0,False,1.53125,True
simple,-7.0,False,1.125,True
instruct,-7.0,False,0.25,True
complex,-7.0,False,1.75,True
simple,-8.25,False,1.0625,True
instruct,-8.25,False,0.0625,True
complex,-8.25,False,1.0625,True
simple,-8.5625,False,1.09375,True
instruct,-8.5625,False,0.3125,True
complex,-8.5625,False,1.59375,True
simple,-9.25,False,1.40625,True
instruct,-9.25,False,-0.0625,False
complex,-9.25,False,1.0625,True
simple,-7.3125,False,1.125,True
instruct,-7.3125,False,0.25,True
complex,-7.3125,False,1.375,True
simple,-6.3125,False,1.09375,True
instruct,-6.3125,False,0.125,True
complex,-6.3125,False,1.34375,True
simple,-5.75,False,1.125,True
instruct,-5.75,False,0.4375,True
complex,-5.75,False,1.5625,True
simple,-7.5,False,0.9375,True
instruct,-7.5,False,0.4375,True
complex,-7.5,False,1.21875,True
simple,-7.4375,False,1.1875,True
instruct,-7.4375,False,0.4375,True
complex,-7.4375,False,1.53125,True
simple,-6.9375,False,1.03125,True
instruct,-6.9375,False,0.125,True
complex,-6.9375,False,1.625,True
simple,-6.5,False,1.03125,True
instruct,-6.5,False,0.5625,True
complex,-6.5,False,1.625,True
simple,-7.5,False,0.96875,True
instruct,-7.5,False,0.375,True
complex,-7.5,False,1.3125,True
simple,-7.3125,False,1.1875,True
instruct,-7.3125,False,0.5,True
complex,-7.3125,False,1.34375,True
simple,-6.875,False,0.96875,True
instruct,-6.875,False,0.5625,True
complex,-6.875,False,1.21875,True
simple,-6.875,False,1.15625,True
instruct,-6.875,False,0.375,True
complex,-6.875,False,1.4375,True
simple,-6.0625,False,1.1875,True
instruct,-6.0625,False,0.5625,True
complex,-6.0625,False,1.40625,True
simple,-7.9375,False,1.1875,True
instruct,-7.9375,False,0.375,True
complex,-7.9375,False,1.5625,True
simple,-7.0,False,1.0,True
instruct,-7.0,False,0.25,True
complex,-7.0,False,1.625,True
simple,-6.25,False,1.375,True
instruct,-6.25,False,0.375,True
complex,-6.25,False,1.59375,True
simple,-7.0,False,1.09375,True
instruct,-7.0,False,0.25,True
complex,-7.0,False,1.28125,True
simple,-6.75,False,1.09375,True
instruct,-6.75,False,0.6875,True
complex,-6.75,False,1.28125,True
simple,-5.25,False,0.96875,True
instruct,-5.25,False,0.0625,True
complex,-5.25,False,1.53125,True
simple,-7.3125,False,1.15625,True
instruct,-7.3125,False,0.375,True
complex,-7.3125,False,1.34375,True
simple,-7.0625,False,1.125,True
instruct,-7.0625,False,0.375,True
complex,-7.0625,False,1.1875,True
simple,-5.9375,False,1.0,True
instruct,-5.9375,False,0.0625,True
complex,-5.9375,False,1.65625,True
simple,-6.625,False,0.9375,True
instruct,-6.625,False,-0.0625,False
complex,-6.625,False,1.5625,True
simple,-5.5,False,1.1875,True
instruct,-5.5,False,0.4375,True
complex,-5.5,False,1.46875,True
simple,-8.625,False,1.09375,True
instruct,-8.625,False,0.1875,True
complex,-8.625,False,1.0625,True
simple,-7.1875,False,0.96875,True
instruct,-7.1875,False,0.0,False
complex,-7.1875,False,1.15625,True
simple,-6.0,False,0.96875,True
instruct,-6.0,False,0.0,False
complex,-6.0,False,1.46875,True
simple,-7.8125,False,1.15625,True
instruct,-7.8125,False,0.125,True
complex,-7.8125,False,1.21875,True
simple,-6.8125,False,1.03125,True
instruct,-6.8125,False,0.4375,True
complex,-6.8125,False,1.28125,True
simple,-7.25,False,1.125,True
instruct,-7.25,False,0.5,True
complex,-7.25,False,1.1875,True
simple,-7.25,False,1.0625,True
instruct,-7.25,False,0.25,True
complex,-7.25,False,1.5,True
simple,-6.1875,False,1.375,True
instruct,-6.1875,False,0.5625,True
complex,-6.1875,False,1.53125,True
simple,-7.5625,False,1.1875,True
instruct,-7.5625,False,0.3125,True
complex,-7.5625,False,1.09375,True
simple,-4.9375,False,1.28125,True
instruct,-4.9375,False,0.5625,True
complex,-4.9375,False,1.3125,True
simple,-7.875,False,1.1875,True
instruct,-7.875,False,0.375,True
complex,-7.875,False,1.40625,True
simple,-8.75,False,1.1875,True
instruct,-8.75,False,0.6875,True
complex,-8.75,False,1.53125,True
simple,-7.0,False,0.6875,True
instruct,-7.0,False,-0.125,False
complex,-7.0,False,1.40625,True
simple,-6.6875,False,0.96875,True
instruct,-6.6875,False,0.3125,True
complex,-6.6875,False,1.5625,True
simple,-4.125,False,0.78125,True
instruct,-4.125,False,-0.0625,False
complex,-4.125,False,1.28125,True
simple,-6.875,False,1.0,True
instruct,-6.875,False,0.6875,True
complex,-6.875,False,1.4375,True
simple,-7.5625,False,1.28125,True
instruct,-7.5625,False,0.5,True
complex,-7.5625,False,1.3125,True
simple,-8.1875,False,1.09375,True
instruct,-8.1875,False,0.375,True
complex,-8.1875,False,1.46875,True
simple,-5.625,False,1.03125,True
instruct,-5.625,False,0.25,True
complex,-5.625,False,1.125,True
simple,-7.6875,False,1.375,True
instruct,-7.6875,False,0.4375,True
complex,-7.6875,False,1.21875,True
simple,-6.875,False,1.1875,True
instruct,-6.875,False,0.375,True
complex,-6.875,False,1.28125,True
simple,-7.0,False,1.21875,True
instruct,-7.0,False,0.5625,True
complex,-7.0,False,1.21875,True
simple,-8.375,False,0.96875,True
instruct,-8.375,False,0.0625,True
complex,-8.375,False,1.03125,True
simple,-6.625,False,1.0625,True
instruct,-6.625,False,0.3125,True
complex,-6.625,False,1.59375,True
simple,-7.375,False,0.96875,True
instruct,-7.375,False,0.1875,True
complex,-7.375,False,1.40625,True
simple,-7.1875,False,1.0,True
instruct,-7.1875,False,0.1875,True
complex,-7.1875,False,1.28125,True
simple,-5.5,False,0.9375,True
instruct,-5.5,False,0.125,True
complex,-5.5,False,1.125,True
simple,-6.625,False,0.96875,True
instruct,-6.625,False,0.1875,True
complex,-6.625,False,1.3125,True
simple,-5.75,False,1.0,True
instruct,-5.75,False,0.1875,True
complex,-5.75,False,1.6875,True
simple,-6.5,False,1.1875,True
instruct,-6.5,False,0.25,True
complex,-6.5,False,1.59375,True
simple,-5.875,False,1.15625,True
instruct,-5.875,False,0.4375,True
complex,-5.875,False,1.5,True
simple,-6.75,False,1.21875,True
instruct,-6.75,False,0.5625,True
complex,-6.75,False,1.46875,True
simple,-5.9375,False,1.125,True
instruct,-5.9375,False,0.4375,True
complex,-5.9375,False,1.4375,True
simple,-6.3125,False,1.09375,True
instruct,-6.3125,False,0.5625,True
complex,-6.3125,False,1.40625,True
simple,-6.75,False,1.0,True
instruct,-6.75,False,0.375,True
complex,-6.75,False,1.59375,True
simple,-7.0625,False,1.21875,True
instruct,-7.0625,False,0.5625,True
complex,-7.0625,False,1.46875,True
simple,-7.1875,False,1.21875,True
instruct,-7.1875,False,0.375,True
complex,-7.1875,False,1.40625,True
simple,-7.9375,False,1.0625,True
instruct,-7.9375,False,0.5,True
complex,-7.9375,False,1.5,True
simple,-6.625,False,1.28125,True
instruct,-6.625,False,0.25,True
complex,-6.625,False,1.0,True
simple,-7.0,False,0.90625,True
instruct,-7.0,False,0.0625,True
complex,-7.0,False,1.5625,True
simple,-8.25,False,1.28125,True
instruct,-8.25,False,0.5,True
complex,-8.25,False,1.09375,True
simple,-4.25,False,1.25,True
instruct,-4.25,False,0.9375,True
complex,-4.25,False,1.40625,True
simple,-4.9375,False,1.28125,True
instruct,-4.9375,False,1.0625,True
complex,-4.9375,False,1.5,True
simple,-2.9375,False,1.1875,True
instruct,-2.9375,False,0.4375,True
complex,-2.9375,False,1.3125,True
simple,-2.375,False,1.125,True
instruct,-2.375,False,0.5,True
complex,-2.375,False,1.21875,True
simple,-3.875,False,1.125,True
instruct,-3.875,False,0.6875,True
complex,-3.875,False,1.34375,True
simple,-3.625,False,1.0,True
instruct,-3.625,False,0.6875,True
complex,-3.625,False,1.1875,True
simple,-6.5,False,0.875,True
instruct,-6.5,False,0.6875,True
complex,-6.5,False,1.40625,True
simple,-3.125,False,0.71875,True
instruct,-3.125,False,0.25,True
complex,-3.125,False,1.34375,True
simple,-2.4375,False,1.40625,True
instruct,-2.4375,False,0.65625,True
complex,-2.4375,False,1.21875,True
simple,-2.8125,False,1.0625,True
instruct,-2.8125,False,0.5,True
complex,-2.8125,False,1.15625,True
simple,-6.25,False,0.875,True
instruct,-6.25,False,0.625,True
complex,-6.25,False,1.3125,True
simple,-2.9375,False,1.1875,True
instruct,-2.9375,False,0.4375,True
complex,-2.9375,False,1.03125,True
simple,-4.375,False,1.53125,True
instruct,-4.375,False,0.625,True
complex,-4.375,False,1.09375,True
simple,-3.125,False,1.25,True
instruct,-3.125,False,0.75,True
complex,-3.125,False,1.1875,True
simple,-3.875,False,1.3125,True
instruct,-3.875,False,0.25,True
complex,-3.875,False,1.125,True
simple,-3.875,False,1.40625,True
instruct,-3.875,False,0.5625,True
complex,-3.875,False,1.46875,True
simple,-2.25,False,0.6875,True
instruct,-2.25,False,0.375,True
complex,-2.25,False,1.21875,True
simple,-2.125,False,0.90625,True
instruct,-2.125,False,0.25,True
complex,-2.125,False,1.1875,True
simple,-4.6875,False,0.96875,True
instruct,-4.6875,False,0.8125,True
complex,-4.6875,False,1.5,True
simple,-5.6875,False,0.875,True
instruct,-5.6875,False,0.375,True
complex,-5.6875,False,1.0,True
simple,-3.875,False,1.1875,True
instruct,-3.875,False,0.125,True
complex,-3.875,False,1.03125,True
simple,-4.8125,False,1.0625,True
instruct,-4.8125,False,0.125,True
complex,-4.8125,False,1.3125,True
simple,-2.3125,False,0.78125,True
instruct,-2.3125,False,0.5,True
complex,-2.3125,False,1.3125,True
simple,-3.0625,False,0.6875,True
instruct,-3.0625,False,0.375,True
complex,-3.0625,False,1.125,True
simple,-5.125,False,0.9375,True
instruct,-5.125,False,0.375,True
complex,-5.125,False,0.8125,True
simple,-5.5625,False,0.90625,True
instruct,-5.5625,False,0.875,True
complex,-5.5625,False,1.40625,True
simple,-1.25,False,1.15625,True
instruct,-1.25,False,0.6875,True
complex,-1.25,False,1.28125,True
simple,-2.375,False,1.125,True
instruct,-2.375,False,0.25,True
complex,-2.375,False,1.34375,True
simple,-5.75,False,1.0625,True
instruct,-5.75,False,0.3125,True
complex,-5.75,False,1.125,True
simple,-4.9375,False,1.0625,True
instruct,-4.9375,False,0.6875,True
complex,-4.9375,False,1.1875,True
simple,-5.125,False,0.8125,True
instruct,-5.125,False,0.4375,True
complex,-5.125,False,1.53125,True
simple,-5.0625,False,0.4375,True
instruct,-5.0625,False,0.125,True
complex,-5.0625,False,0.96875,True
simple,-6.875,False,0.875,True
instruct,-6.875,False,0.5,True
complex,-6.875,False,1.4375,True
simple,-4.25,False,1.0,True
instruct,-4.25,False,0.625,True
complex,-4.25,False,1.375,True
simple,-2.125,False,1.09375,True
instruct,-2.125,False,0.125,True
complex,-2.125,False,1.03125,True
simple,-3.1875,False,1.28125,True
instruct,-3.1875,False,0.25,True
complex,-3.1875,False,1.09375,True
simple,-4.875,False,1.1875,True
instruct,-4.875,False,0.6875,True
complex,-4.875,False,1.375,True
simple,-5.4375,False,0.9375,True
instruct,-5.4375,False,0.5,True
complex,-5.4375,False,1.21875,True
simple,-3.375,False,0.78125,True
instruct,-3.375,False,-0.1875,False
complex,-3.375,False,0.84375,True
simple,-7.4375,False,0.8125,True
instruct,-7.4375,False,0.5,True
complex,-7.4375,False,1.3125,True
simple,-1.6875,False,1.53125,True
instruct,-1.6875,False,0.625,True
complex,-1.6875,False,1.0,True
simple,-3.0,False,1.09375,True
instruct,-3.0,False,0.5625,True
complex,-3.0,False,1.46875,True
simple,-5.4375,False,1.15625,True
instruct,-5.4375,False,0.1875,True
complex,-5.4375,False,1.125,True
simple,-2.75,False,1.0625,True
instruct,-2.75,False,0.1875,True
complex,-2.75,False,1.0,True
simple,-1.75,False,1.25,True
instruct,-1.75,False,0.1875,True
complex,-1.75,False,1.0625,True
simple,-3.4375,False,0.6875,True
instruct,-3.4375,False,0.4375,True
complex,-3.4375,False,1.1875,True
simple,-2.4375,False,1.1875,True
instruct,-2.4375,False,0.75,True
complex,-2.4375,False,1.0,True
simple,-6.3125,False,0.75,True
instruct,-6.3125,False,0.6875,True
complex,-6.3125,False,1.34375,True
simple,-3.1875,False,0.8125,True
instruct,-3.1875,False,0.1875,True
complex,-3.1875,False,1.09375,True
simple,-4.3125,False,0.90625,True
instruct,-4.3125,False,0.625,True
complex,-4.3125,False,1.125,True
simple,-3.0,False,1.1875,True
instruct,-3.0,False,0.5625,True
complex,-3.0,False,1.21875,True
simple,-6.5,False,0.9375,True
instruct,-6.5,False,0.6875,True
complex,-6.5,False,1.28125,True
simple,-3.4375,False,1.03125,True
instruct,-3.4375,False,0.625,True
complex,-3.4375,False,0.9375,True
simple,-5.8125,False,0.9375,True
instruct,-5.8125,False,0.5625,True
complex,-5.8125,False,1.0625,True
simple,-4.5,False,1.125,True
instruct,-4.5,False,0.6875,True
complex,-4.5,False,1.34375,True
simple,-6.25,False,0.90625,True
instruct,-6.25,False,0.8125,True
complex,-6.25,False,1.40625,True
simple,-3.8125,False,0.96875,True
instruct,-3.8125,False,0.5625,True
complex,-3.8125,False,1.28125,True
simple,-3.5,False,0.96875,True
instruct,-3.5,False,0.0625,True
complex,-3.5,False,1.125,True
simple,-4.6875,False,0.90625,True
instruct,-4.6875,False,0.75,True
complex,-4.6875,False,1.3125,True
simple,-5.0,False,0.96875,True
instruct,-5.0,False,0.25,True
complex,-5.0,False,1.25,True
simple,-2.5,False,1.28125,True
instruct,-2.5,False,1.125,True
complex,-2.5,False,1.53125,True
simple,-3.4375,False,0.9375,True
instruct,-3.4375,False,0.625,True
complex,-3.4375,False,1.3125,True
simple,-6.5,False,1.125,True
instruct,-6.5,False,0.75,True
complex,-6.5,False,1.28125,True
simple,-3.625,False,1.125,True
instruct,-3.625,False,0.5,True
complex,-3.625,False,0.9375,True
simple,-5.375,False,0.9375,True
instruct,-5.375,False,0.6875,True
complex,-5.375,False,1.375,True
simple,-4.875,False,1.0,True
instruct,-4.875,False,0.8125,True
complex,-4.875,False,1.21875,True
simple,-4.9375,False,0.96875,True
instruct,-4.9375,False,0.625,True
complex,-4.9375,False,1.21875,True
simple,-4.0625,False,1.1875,True
instruct,-4.0625,False,0.8125,True
complex,-4.0625,False,1.4375,True
simple,-6.0625,False,0.875,True
instruct,-6.0625,False,0.5,True
complex,-6.0625,False,1.3125,True
simple,0.125,True,1.1875,True
instruct,0.125,True,0.6875,True
complex,0.125,True,1.1875,True
simple,-5.125,False,1.28125,True
instruct,-5.125,False,0.625,True
complex,-5.125,False,1.4375,True
simple,-4.9375,False,0.875,True
instruct,-4.9375,False,0.875,True
complex,-4.9375,False,1.4375,True
simple,-5.625,False,1.0,True
instruct,-5.625,False,0.4375,True
complex,-5.625,False,1.15625,True
simple,-4.125,False,1.34375,True
instruct,-4.125,False,0.5625,True
complex,-4.125,False,1.21875,True
simple,-2.9375,False,0.90625,True
instruct,-2.9375,False,0.4375,True
complex,-2.9375,False,1.3125,True
simple,-6.0,False,1.0,True
instruct,-6.0,False,0.625,True
complex,-6.0,False,1.1875,True
simple,-2.75,False,0.96875,True
instruct,-2.75,False,0.5625,True
complex,-2.75,False,1.3125,True
simple,-5.0,False,0.625,True
instruct,-5.0,False,0.1875,True
complex,-5.0,False,1.21875,True
simple,-5.9375,False,0.6875,True
instruct,-5.9375,False,0.5,True
complex,-5.9375,False,1.03125,True
simple,-6.75,False,0.9375,True
instruct,-6.75,False,0.5,True
complex,-6.75,False,1.21875,True
simple,-5.4375,False,1.09375,True
instruct,-5.4375,False,0.4375,True
complex,-5.4375,False,1.3125,True
simple,-5.5,False,1.0625,True
instruct,-5.5,False,0.4375,True
complex,-5.5,False,1.3125,True
simple,-5.0625,False,1.09375,True
instruct,-5.0625,False,0.5,True
complex,-5.0625,False,0.9375,True
simple,-6.4375,False,0.6875,True
instruct,-6.4375,False,0.5625,True
complex,-6.4375,False,1.1875,True
simple,-2.875,False,0.875,True
instruct,-2.875,False,1.0625,True
complex,-2.875,False,1.4375,True
simple,-4.75,False,0.75,True
instruct,-4.75,False,0.5625,True
complex,-4.75,False,1.0625,True
simple,-4.0625,False,0.6875,True
instruct,-4.0625,False,0.6875,True
complex,-4.0625,False,1.28125,True
simple,-5.8125,False,1.0,True
instruct,-5.8125,False,0.9375,True
complex,-5.8125,False,1.375,True
simple,-3.0625,False,1.03125,True
instruct,-3.0625,False,0.4375,True
complex,-3.0625,False,1.15625,True
simple,-5.125,False,0.6875,True
instruct,-5.125,False,0.6875,True
complex,-5.125,False,1.125,True
simple,-6.1875,False,0.875,True
instruct,-6.1875,False,0.875,True
complex,-6.1875,False,1.1875,True
simple,-3.5,False,0.75,True
instruct,-3.5,False,0.3125,True
complex,-3.5,False,1.0625,True
simple,-5.875,False,0.75,True
instruct,-5.875,False,0.5625,True
complex,-5.875,False,1.28125,True
simple,-3.4375,False,1.09375,True
instruct,-3.4375,False,0.5,True
complex,-3.4375,False,1.25,True
simple,-5.5,False,0.75,True
instruct,-5.5,False,0.4375,True
complex,-5.5,False,1.125,True
simple,-6.0625,False,1.0625,True
instruct,-6.0625,False,0.75,True
complex,-6.0625,False,1.34375,True
simple,-4.3125,False,0.9375,True
instruct,-4.3125,False,0.9375,True
complex,-4.3125,False,1.3125,True
simple,-6.5,False,0.875,True
instruct,-6.5,False,0.4375,True
complex,-6.5,False,1.3125,True
simple,-4.875,False,0.875,True
instruct,-4.875,False,1.0625,True
complex,-4.875,False,1.46875,True
simple,-4.125,False,0.875,True
instruct,-4.125,False,0.5625,True
complex,-4.125,False,1.15625,True
simple,-5.15625,False,0.4375,True
instruct,-5.15625,False,-0.5,False
complex,-5.15625,False,1.53125,True
simple,-4.46875,False,0.4375,True
instruct,-4.46875,False,-0.4375,False
complex,-4.46875,False,1.375,True
simple,-4.4375,False,0.5625,True
instruct,-4.4375,False,-0.3125,False
complex,-4.4375,False,1.3125,True
simple,-5.25,False,0.6875,True
instruct,-5.25,False,-0.25,False
complex,-5.25,False,1.375,True
simple,-6.28125,False,0.625,True
instruct,-6.28125,False,-0.5,False
complex,-6.28125,False,1.28125,True
simple,-5.34375,False,0.65625,True
instruct,-5.34375,False,-0.125,False
complex,-5.34375,False,1.46875,True
simple,-4.875,False,0.5,True
instruct,-4.875,False,-0.3125,False
complex,-4.875,False,1.40625,True
simple,-5.5,False,0.71875,True
instruct,-5.5,False,-0.3125,False
complex,-5.5,False,1.34375,True
simple,-5.3125,False,0.6875,True
instruct,-5.3125,False,-0.125,False
complex,-5.3125,False,1.40625,True
simple,-4.8125,False,0.4375,True
instruct,-4.8125,False,-0.3125,False
complex,-4.8125,False,1.4375,True
simple,-5.75,False,0.5625,True
instruct,-5.75,False,-0.5,False
complex,-5.75,False,1.375,True
simple,-5.3125,False,0.6875,True
instruct,-5.3125,False,0.0,False
complex,-5.3125,False,1.5,True
simple,-5.375,False,0.5,True
instruct,-5.375,False,-0.375,False
complex,-5.375,False,1.375,True
simple,-5.1875,False,0.6875,True
instruct,-5.1875,False,-0.25,False
complex,-5.1875,False,1.40625,True
simple,-4.8125,False,0.625,True
instruct,-4.8125,False,-0.375,False
complex,-4.8125,False,1.3125,True
simple,-5.1875,False,0.5,True
instruct,-5.1875,False,-0.25,False
complex,-5.1875,False,1.40625,True
simple,-5.875,False,0.8125,True
instruct,-5.875,False,-0.4375,False
complex,-5.875,False,1.375,True
simple,-5.375,False,0.6875,True
instruct,-5.375,False,-0.3125,False
complex,-5.375,False,1.375,True
simple,-5.5625,False,0.5625,True
instruct,-5.5625,False,-0.5,False
complex,-5.5625,False,1.5,True
simple,-4.5,False,0.75,True
instruct,-4.5,False,-0.1875,False
complex,-4.5,False,1.46875,True
simple,-6.0,False,0.5625,True
instruct,-6.0,False,-0.5,False
complex,-6.0,False,1.28125,True
simple,-6.6875,False,0.6875,True
instruct,-6.6875,False,-0.3125,False
complex,-6.6875,False,1.5,True
simple,-5.5625,False,0.65625,True
instruct,-5.5625,False,-0.375,False
complex,-5.5625,False,1.40625,True
simple,-6.625,False,0.75,True
instruct,-6.625,False,-0.3125,False
complex,-6.625,False,1.40625,True
simple,-5.5,False,0.625,True
instruct,-5.5,False,-0.3125,False
complex,-5.5,False,1.40625,True
simple,-5.25,False,0.71875,True
instruct,-5.25,False,-0.375,False
complex,-5.25,False,1.25,True
simple,-5.25,False,0.5625,True
instruct,-5.25,False,-0.3125,False
complex,-5.25,False,1.5625,True
simple,-6.4375,False,0.5625,True
instruct,-6.4375,False,-0.375,False
complex,-6.4375,False,1.3125,True
simple,-6.0,False,0.6875,True
instruct,-6.0,False,-0.25,False
complex,-6.0,False,1.3125,True
simple,-5.5,False,0.5625,True
instruct,-5.5,False,-0.6875,False
complex,-5.5,False,1.4375,True
simple,-5.5,False,0.5625,True
instruct,-5.5,False,-0.5625,False
complex,-5.5,False,1.4375,True
simple,-5.375,False,0.625,True
instruct,-5.375,False,-0.375,False
complex,-5.375,False,1.34375,True
simple,-5.8125,False,0.65625,True
instruct,-5.8125,False,0.0625,True
complex,-5.8125,False,1.53125,True
simple,-6.25,False,0.4375,True
instruct,-6.25,False,-0.5,False
complex,-6.25,False,1.3125,True
simple,-6.125,False,0.6875,True
instruct,-6.125,False,-0.3125,False
complex,-6.125,False,1.46875,True
simple,-5.75,False,0.59375,True
instruct,-5.75,False,-0.25,False
complex,-5.75,False,1.375,True
simple,-4.0,False,0.8125,True
instruct,-4.0,False,0.0625,True
complex,-4.0,False,1.40625,True
simple,-6.0,False,0.5625,True
instruct,-6.0,False,-0.375,False
complex,-6.0,False,1.34375,True
simple,-5.0,False,0.6875,True
instruct,-5.0,False,-0.1875,False
complex,-5.0,False,1.375,True
simple,-5.875,False,0.4375,True
instruct,-5.875,False,-0.375,False
complex,-5.875,False,1.5,True
simple,-6.125,False,0.6875,True
instruct,-6.125,False,-0.625,False
complex,-6.125,False,1.1875,True
simple,-5.75,False,0.5625,True
instruct,-5.75,False,-0.625,False
complex,-5.75,False,1.40625,True
simple,-6.25,False,0.5,True
instruct,-6.25,False,-0.375,False
complex,-6.25,False,1.1875,True
simple,-6.9375,False,0.6875,True
instruct,-6.9375,False,-0.5625,False
complex,-6.9375,False,1.375,True
simple,-5.4375,False,0.5,True
instruct,-5.4375,False,-0.25,False
complex,-5.4375,False,1.375,True
simple,-5.34375,False,0.6875,True
instruct,-5.34375,False,-0.1875,False
complex,-5.34375,False,1.40625,True
simple,-6.09375,False,0.6875,True
instruct,-6.09375,False,-0.3125,False
complex,-6.09375,False,1.375,True
simple,-6.5,False,0.5625,True
instruct,-6.5,False,-0.625,False
complex,-6.5,False,1.25,True
simple,-5.6875,False,0.65625,True
instruct,-5.6875,False,-0.25,False
complex,-5.6875,False,1.25,True
simple,-4.9375,False,0.625,True
instruct,-4.9375,False,-0.1875,False
complex,-4.9375,False,1.34375,True
simple,-5.6875,False,0.5,True
instruct,-5.6875,False,-0.5625,False
complex,-5.6875,False,1.25,True
simple,-5.5625,False,0.5,True
instruct,-5.5625,False,-0.5625,False
complex,-5.5625,False,1.375,True
simple,-6.25,False,0.90625,True
instruct,-6.25,False,-0.375,False
complex,-6.25,False,1.375,True
simple,-5.125,False,0.90625,True
instruct,-5.125,False,0.0625,True
complex,-5.125,False,1.375,True
simple,-5.4375,False,0.75,True
instruct,-5.4375,False,-0.5625,False
complex,-5.4375,False,1.1875,True
simple,-5.9375,False,0.4375,True
instruct,-5.9375,False,-0.625,False
complex,-5.9375,False,1.1875,True
simple,-5.6875,False,0.4375,True
instruct,-5.6875,False,-0.875,False
complex,-5.6875,False,1.3125,True
simple,-5.46875,False,0.4375,True
instruct,-5.46875,False,-0.1875,False
complex,-5.46875,False,1.25,True
simple,-4.8125,False,0.5625,True
instruct,-4.8125,False,-0.75,False
complex,-4.8125,False,1.28125,True
simple,-6.6875,False,0.4375,True
instruct,-6.6875,False,-0.5,False
complex,-6.6875,False,1.375,True
simple,-6.5625,False,0.75,True
instruct,-6.5625,False,-0.8125,False
complex,-6.5625,False,1.34375,True
simple,-6.5625,False,0.625,True
instruct,-6.5625,False,-0.8125,False
complex,-6.5625,False,1.40625,True
simple,-5.0,False,0.5625,True
instruct,-5.0,False,-0.3125,False
complex,-5.0,False,1.21875,True
simple,-6.5,False,0.5625,True
instruct,-6.5,False,-0.4375,False
complex,-6.5,False,1.4375,True
simple,-4.375,False,0.625,True
instruct,-4.375,False,-0.375,False
complex,-4.375,False,1.0,True
simple,-6.5625,False,0.25,True
instruct,-6.5625,False,-0.5,False
complex,-6.5625,False,1.40625,True
simple,-4.25,False,0.5,True
instruct,-4.25,False,-0.4375,False
complex,-4.25,False,1.4375,True
simple,-5.625,False,0.3125,True
instruct,-5.625,False,-0.4375,False
complex,-5.625,False,1.40625,True
simple,-6.625,False,0.46875,True
instruct,-6.625,False,-0.75,False
complex,-6.625,False,1.0625,True
simple,-3.875,False,0.5625,True
instruct,-3.875,False,-0.4375,False
complex,-3.875,False,1.40625,True
simple,-5.8125,False,0.46875,True
instruct,-5.8125,False,-0.4375,False
complex,-5.8125,False,1.125,True
simple,-5.125,False,0.59375,True
instruct,-5.125,False,-0.375,False
complex,-5.125,False,1.40625,True
simple,-6.0625,False,0.4375,True
instruct,-6.0625,False,-0.6875,False
complex,-6.0625,False,1.28125,True
simple,-4.625,False,0.4375,True
instruct,-4.625,False,-0.3125,False
complex,-4.625,False,1.28125,True
simple,-5.5625,False,0.375,True
instruct,-5.5625,False,-0.125,False
complex,-5.5625,False,1.40625,True
simple,-5.5,False,0.4375,True
instruct,-5.5,False,-0.6875,False
complex,-5.5,False,1.1875,True
simple,-5.8125,False,0.625,True
instruct,-5.8125,False,-0.8125,False
complex,-5.8125,False,1.3125,True
simple,-5.8125,False,0.125,True
instruct,-5.8125,False,-0.625,False
complex,-5.8125,False,1.5,True
simple,-5.5,False,0.625,True
instruct,-5.5,False,-0.5625,False
complex,-5.5,False,1.125,True
simple,-6.125,False,0.3125,True
instruct,-6.125,False,-0.3125,False
complex,-6.125,False,1.1875,True
simple,-4.125,False,0.4375,True
instruct,-4.125,False,-0.25,False
complex,-4.125,False,1.375,True
simple,-7.0625,False,0.53125,True
instruct,-7.0625,False,-0.6875,False
complex,-7.0625,False,1.0625,True
simple,-5.75,False,0.5625,True
instruct,-5.75,False,-0.4375,False
complex,-5.75,False,1.3125,True
simple,-7.25,False,0.5625,True
instruct,-7.25,False,-0.375,False
complex,-7.25,False,1.25,True
simple,-6.125,False,0.53125,True
instruct,-6.125,False,-0.875,False
complex,-6.125,False,1.3125,True
simple,-5.25,False,0.25,True
instruct,-5.25,False,-0.375,False
complex,-5.25,False,1.3125,True
simple,-5.5625,False,0.5,True
instruct,-5.5625,False,-0.4375,False
complex,-5.5625,False,1.375,True
simple,-5.3125,False,0.3125,True
instruct,-5.3125,False,-0.1875,False
complex,-5.3125,False,1.5625,True
simple,-5.8125,False,0.5625,True
instruct,-5.8125,False,-0.8125,False
complex,-5.8125,False,1.21875,True
simple,-5.375,False,0.1875,True
instruct,-5.375,False,-0.4375,False
complex,-5.375,False,1.40625,True
simple,-4.9375,False,0.5625,True
instruct,-4.9375,False,-0.6875,False
complex,-4.9375,False,1.3125,True
simple,-5.9375,False,0.375,True
instruct,-5.9375,False,-0.4375,False
complex,-5.9375,False,1.28125,True
simple,-5.875,False,0.4375,True
instruct,-5.875,False,-0.5625,False
complex,-5.875,False,1.25,True
simple,-6.375,False,0.625,True
instruct,-6.375,False,-0.5625,False
complex,-6.375,False,1.28125,True
simple,-5.3125,False,0.5,True
instruct,-5.3125,False,-0.5625,False
complex,-5.3125,False,1.1875,True
simple,-4.3125,False,0.5625,True
instruct,-4.3125,False,-0.5,False
complex,-4.3125,False,1.125,True
simple,-4.8125,False,0.4375,True
instruct,-4.8125,False,-0.5625,False
complex,-4.8125,False,1.3125,True
simple,-6.0,False,0.625,True
instruct,-6.0,False,-0.75,False
complex,-6.0,False,1.3125,True
simple,-6.75,False,0.5,True
instruct,-6.75,False,-0.375,False
complex,-6.75,False,1.25,True
simple,-7.0,False,0.375,True
instruct,-7.0,False,-0.4375,False
complex,-7.0,False,1.40625,True
simple,-3.25,False,1.03125,True
instruct,-3.25,False,-0.1875,False
complex,-3.25,False,1.125,True
simple,-0.5625,False,1.1875,True
instruct,-0.5625,False,0.0625,True
complex,-0.5625,False,1.125,True
simple,-3.375,False,0.875,True
instruct,-3.375,False,0.25,True
complex,-3.375,False,1.15625,True
simple,-1.75,False,0.96875,True
instruct,-1.75,False,0.25,True
complex,-1.75,False,1.21875,True
simple,-2.125,False,1.1875,True
instruct,-2.125,False,0.3125,True
complex,-2.125,False,1.21875,True
simple,-2.3125,False,0.9375,True
instruct,-2.3125,False,0.0625,True
complex,-2.3125,False,1.375,True
simple,-2.625,False,1.0,True
instruct,-2.625,False,0.3125,True
complex,-2.625,False,1.125,True
simple,-7.5,False,1.0,True
instruct,-7.5,False,0.25,True
complex,-7.5,False,1.09375,True
simple,-1.875,False,0.75,True
instruct,-1.875,False,0.125,True
complex,-1.875,False,1.09375,True
simple,-1.125,False,0.875,True
instruct,-1.125,False,0.1875,True
complex,-1.125,False,1.34375,True
simple,1.25,True,0.8125,True
instruct,1.25,True,0.1875,True
complex,1.25,True,1.28125,True
simple,-1.125,False,1.09375,True
instruct,-1.125,False,0.25,True
complex,-1.125,False,1.28125,True
simple,-4.5,False,1.125,True
instruct,-4.5,False,-0.125,False
complex,-4.5,False,1.0625,True
simple,-2.75,False,0.8125,True
instruct,-2.75,False,-0.0625,False
complex,-2.75,False,1.03125,True
simple,0.5,True,1.03125,True
instruct,0.5,True,0.1875,True
complex,0.5,True,1.21875,True
simple,-2.5,False,1.25,True
instruct,-2.5,False,0.25,True
complex,-2.5,False,1.125,True
simple,-2.375,False,0.9375,True
instruct,-2.375,False,0.3125,True
complex,-2.375,False,1.0625,True
simple,0.125,True,0.8125,True
instruct,0.125,True,0.25,True
complex,0.125,True,1.3125,True
simple,-0.375,False,0.71875,True
instruct,-0.375,False,0.0,False
complex,-0.375,False,0.84375,True
simple,-1.125,False,0.84375,True
instruct,-1.125,False,0.25,True
complex,-1.125,False,1.4375,True
simple,-1.5,False,1.34375,True
instruct,-1.5,False,-0.0625,False
complex,-1.5,False,1.125,True
simple,-2.625,False,1.375,True
instruct,-2.625,False,0.1875,True
complex,-2.625,False,0.96875,True
simple,-0.25,False,1.0,True
instruct,-0.25,False,0.3125,True
complex,-0.25,False,1.25,True
simple,-1.375,False,1.0,True
instruct,-1.375,False,0.4375,True
complex,-1.375,False,1.1875,True
simple,-2.375,False,1.03125,True
instruct,-2.375,False,0.4375,True
complex,-2.375,False,1.21875,True
simple,-1.375,False,0.90625,True
instruct,-1.375,False,0.1875,True
complex,-1.375,False,1.25,True
simple,-0.375,False,0.8125,True
instruct,-0.375,False,0.0625,True
complex,-0.375,False,1.1875,True
simple,-1.5,False,0.96875,True
instruct,-1.5,False,0.625,True
complex,-1.5,False,1.25,True
simple,-2.125,False,0.8125,True
instruct,-2.125,False,0.125,True
complex,-2.125,False,1.0625,True
simple,-1.125,False,1.15625,True
instruct,-1.125,False,0.125,True
complex,-1.125,False,1.28125,True
simple,-0.8125,False,0.875,True
instruct,-0.8125,False,0.1875,True
complex,-0.8125,False,1.1875,True
simple,-2.625,False,1.5,True
instruct,-2.625,False,0.3125,True
complex,-2.625,False,1.28125,True
simple,0.875,True,1.1875,True
instruct,0.875,True,0.1875,True
complex,0.875,True,1.28125,True
simple,-2.125,False,0.90625,True
instruct,-2.125,False,0.4375,True
complex,-2.125,False,0.9375,True
simple,0.25,True,1.15625,True
instruct,0.25,True,0.3125,True
complex,0.25,True,1.09375,True
simple,-1.5,False,1.03125,True
instruct,-1.5,False,0.25,True
complex,-1.5,False,1.28125,True
simple,-3.0,False,0.75,True
instruct,-3.0,False,0.1875,True
complex,-3.0,False,1.125,True
simple,-1.75,False,0.71875,True
instruct,-1.75,False,0.625,True
complex,-1.75,False,1.3125,True
simple,0.375,True,1.125,True
instruct,0.375,True,0.25,True
complex,0.375,True,1.21875,True
simple,-1.375,False,1.15625,True
instruct,-1.375,False,0.125,True
complex,-1.375,False,1.125,True
simple,-1.5,False,0.90625,True
instruct,-1.5,False,0.0625,True
complex,-1.5,False,1.28125,True
simple,-4.125,False,0.625,True
instruct,-4.125,False,0.125,True
complex,-4.125,False,1.15625,True
simple,-1.3125,False,0.875,True
instruct,-1.3125,False,0.0625,True
complex,-1.3125,False,0.90625,True
simple,-1.875,False,0.9375,True
instruct,-1.875,False,0.0,False
complex,-1.875,False,1.09375,True
simple,-1.125,False,1.0625,True
instruct,-1.125,False,0.1875,True
complex,-1.125,False,1.25,True
simple,-2.125,False,0.6875,True
instruct,-2.125,False,0.625,True
complex,-2.125,False,1.03125,True
simple,-0.875,False,0.8125,True
instruct,-0.875,False,0.0625,True
complex,-0.875,False,0.9375,True
simple,-1.625,False,1.28125,True
instruct,-1.625,False,0.5625,True
complex,-1.625,False,1.1875,True
simple,-2.0,False,0.9375,True
instruct,-2.0,False,0.0625,True
complex,-2.0,False,1.3125,True
simple,0.5,True,0.6875,True
instruct,0.5,True,0.5625,True
complex,0.5,True,1.21875,True
simple,-3.0,False,0.78125,True
instruct,-3.0,False,0.375,True
complex,-3.0,False,1.15625,True
simple,0.875,True,0.9375,True
instruct,0.875,True,0.25,True
complex,0.875,True,1.125,True
simple,-0.375,False,0.96875,True
instruct,-0.375,False,-0.0625,False
complex,-0.375,False,1.09375,True
simple,-1.125,False,0.84375,True
instruct,-1.125,False,0.125,True
complex,-1.125,False,1.125,True
simple,-2.375,False,0.875,True
instruct,-2.375,False,0.1875,True
complex,-2.375,False,1.0,True
simple,-1.5,False,1.1875,True
instruct,-1.5,False,0.0,False
complex,-1.5,False,0.90625,True
simple,-1.875,False,1.25,True
instruct,-1.875,False,0.1875,True
complex,-1.875,False,1.03125,True
simple,-0.25,False,1.1875,True
instruct,-0.25,False,0.375,True
complex,-0.25,False,1.15625,True
simple,-1.0,False,1.0,True
instruct,-1.0,False,0.125,True
complex,-1.0,False,1.28125,True
simple,-0.625,False,1.15625,True
instruct,-0.625,False,0.1875,True
complex,-0.625,False,1.0,True
simple,-3.125,False,0.53125,True
instruct,-3.125,False,0.75,True
complex,-3.125,False,1.3125,True
simple,-1.5,False,0.9375,True
instruct,-1.5,False,0.1875,True
complex,-1.5,False,1.15625,True
simple,-1.5,False,1.0,True
instruct,-1.5,False,0.375,True
complex,-1.5,False,1.3125,True
simple,-1.875,False,0.5625,True
instruct,-1.875,False,0.0,False
complex,-1.875,False,1.03125,True
simple,-2.75,False,1.125,True
instruct,-2.75,False,-0.1875,False
complex,-2.75,False,1.1875,True
simple,0.625,True,0.625,True
instruct,0.625,True,0.4375,True
complex,0.625,True,1.125,True
simple,-0.25,False,0.875,True
instruct,-0.25,False,0.4375,True
complex,-0.25,False,1.0625,True
simple,-0.5,False,1.125,True
instruct,-0.5,False,0.0,False
complex,-0.5,False,1.15625,True
simple,-2.375,False,1.09375,True
instruct,-2.375,False,0.4375,True
complex,-2.375,False,1.0,True
simple,-2.375,False,0.96875,True
instruct,-2.375,False,0.125,True
complex,-2.375,False,1.0625,True
simple,-0.75,False,0.875,True
instruct,-0.75,False,0.1875,True
complex,-0.75,False,1.125,True
simple,-4.5,False,1.09375,True
instruct,-4.5,False,0.3125,True
complex,-4.5,False,1.0,True
simple,-2.0,False,0.90625,True
instruct,-2.0,False,0.0625,True
complex,-2.0,False,0.96875,True
simple,-0.75,False,1.125,True
instruct,-0.75,False,0.1875,True
complex,-0.75,False,1.15625,True
simple,-0.25,False,1.0,True
instruct,-0.25,False,0.25,True
complex,-0.25,False,1.375,True
simple,-1.25,False,0.8125,True
instruct,-1.25,False,0.375,True
complex,-1.25,False,1.1875,True
simple,0.0,False,1.0625,True
instruct,0.0,False,0.25,True
complex,0.0,False,1.1875,True
simple,-1.6875,False,1.0,True
instruct,-1.6875,False,-0.125,False
complex,-1.6875,False,0.875,True
simple,0.0,False,0.78125,True
instruct,0.0,False,0.375,True
complex,0.0,False,1.0625,True
simple,-3.125,False,0.75,True
instruct,-3.125,False,0.1875,True
complex,-3.125,False,1.25,True
simple,-2.75,False,0.75,True
instruct,-2.75,False,0.0625,True
complex,-2.75,False,1.15625,True
simple,-2.625,False,0.96875,True
instruct,-2.625,False,0.125,True
complex,-2.625,False,1.15625,True
simple,-2.1875,False,0.875,True
instruct,-2.1875,False,-0.125,False
complex,-2.1875,False,1.0625,True
simple,-1.875,False,0.875,True
instruct,-1.875,False,-0.0625,False
complex,-1.875,False,1.28125,True
simple,-1.125,False,1.0,True
instruct,-1.125,False,0.1875,True
complex,-1.125,False,1.03125,True
simple,-3.125,False,0.9375,True
instruct,-3.125,False,0.25,True
complex,-3.125,False,1.15625,True
simple,-2.25,False,0.875,True
instruct,-2.25,False,0.5,True
complex,-2.25,False,1.15625,True
simple,-8.9375,False,0.9375,True
instruct,-8.9375,False,0.25,True
complex,-8.9375,False,1.0625,True
simple,-1.6875,False,0.90625,True
instruct,-1.6875,False,0.4375,True
complex,-1.6875,False,1.125,True
simple,-1.5,False,1.03125,True
instruct,-1.5,False,0.125,True
complex,-1.5,False,1.21875,True
simple,-1.25,False,0.78125,True
instruct,-1.25,False,0.25,True
complex,-1.25,False,1.25,True
simple,-1.5,False,0.9375,True
instruct,-1.5,False,0.4375,True
complex,-1.5,False,1.125,True
simple,-0.375,False,0.71875,True
instruct,-0.375,False,0.125,True
complex,-0.375,False,1.15625,True
simple,-2.25,False,0.84375,True
instruct,-2.25,False,0.1875,True
complex,-2.25,False,0.96875,True
simple,-0.875,False,0.90625,True
instruct,-0.875,False,0.375,True
complex,-0.875,False,1.1875,True
simple,-2.375,False,1.0,True
instruct,-2.375,False,0.1875,True
complex,-2.375,False,0.96875,True
simple,-1.375,False,0.90625,True
instruct,-1.375,False,0.0,False
complex,-1.375,False,1.0,True
simple,-1.875,False,0.625,True
instruct,-1.875,False,0.1875,True
complex,-1.875,False,1.21875,True
simple,-1.25,False,0.875,True
instruct,-1.25,False,0.0,False
complex,-1.25,False,1.25,True
simple,-1.375,False,1.0625,True
instruct,-1.375,False,0.1875,True
complex,-1.375,False,1.3125,True
simple,0.125,True,1.03125,True
instruct,0.125,True,0.1875,True
complex,0.125,True,1.09375,True
simple,-0.5,False,1.0,True
instruct,-0.5,False,0.0,False
complex,-0.5,False,1.28125,True
simple,-0.5,False,1.28125,True
instruct,-0.5,False,-0.0625,False
complex,-0.5,False,1.1875,True
simple,0.375,True,1.34375,True
instruct,0.375,True,0.375,True
complex,0.375,True,1.375,True
simple,0.5,True,1.25,True
instruct,0.5,True,0.375,True
complex,0.5,True,1.25,True
simple,2.375,True,1.1875,True
instruct,2.375,True,0.0625,True
complex,2.375,True,1.4375,True
simple,1.3125,True,1.0,True
instruct,1.3125,True,-0.125,False
complex,1.3125,True,0.96875,True
simple,1.375,True,1.25,True
instruct,1.375,True,0.3125,True
complex,1.375,True,1.3125,True
simple,0.75,True,1.15625,True
instruct,0.75,True,0.125,True
complex,0.75,True,1.40625,True
simple,1.25,True,0.9375,True
instruct,1.25,True,-0.125,False
complex,1.25,True,1.125,True
simple,0.5,True,0.875,True
instruct,0.5,True,0.3125,True
complex,0.5,True,1.375,True
simple,0.375,True,0.875,True
instruct,0.375,True,-0.3125,False
complex,0.375,True,1.40625,True
simple,-0.625,False,0.875,True
instruct,-0.625,False,0.3125,True
complex,-0.625,False,1.40625,True
simple,0.875,True,1.0,True
instruct,0.875,True,0.25,True
complex,0.875,True,1.28125,True
simple,1.125,True,1.375,True
instruct,1.125,True,0.0,False
complex,1.125,True,1.40625,True
simple,2.5,True,1.0,True
instruct,2.5,True,-0.3125,False
complex,2.5,True,1.125,True
simple,1.0,True,1.1875,True
instruct,1.0,True,-0.0625,False
complex,1.0,True,1.15625,True
simple,-0.5,False,1.09375,True
instruct,-0.5,False,0.0625,True
complex,-0.5,False,1.3125,True
simple,1.75,True,1.125,True
instruct,1.75,True,0.375,True
complex,1.75,True,1.34375,True
simple,-0.25,False,1.15625,True
instruct,-0.25,False,0.3125,True
complex,-0.25,False,1.28125,True
simple,0.625,True,1.03125,True
instruct,0.625,True,0.125,True
complex,0.625,True,1.21875,True
simple,2.25,True,1.0625,True
instruct,2.25,True,0.1875,True
complex,2.25,True,1.3125,True
simple,0.5,True,1.0,True
instruct,0.5,True,0.3125,True
complex,0.5,True,1.25,True
simple,-0.125,False,0.96875,True
instruct,-0.125,False,0.5,True
complex,-0.125,False,1.625,True
simple,0.25,True,1.28125,True
instruct,0.25,True,0.125,True
complex,0.25,True,1.375,True
simple,2.25,True,1.375,True
instruct,2.25,True,0.4375,True
complex,2.25,True,1.28125,True
simple,-0.125,False,1.25,True
instruct,-0.125,False,0.375,True
complex,-0.125,False,1.4375,True
simple,2.3125,True,1.0625,True
instruct,2.3125,True,0.25,True
complex,2.3125,True,1.21875,True
simple,0.625,True,1.15625,True
instruct,0.625,True,0.25,True
complex,0.625,True,1.375,True
simple,0.75,True,1.0,True
instruct,0.75,True,0.1875,True
complex,0.75,True,1.28125,True
simple,1.4375,True,1.03125,True
instruct,1.4375,True,0.0625,True
complex,1.4375,True,1.34375,True
simple,0.875,True,0.9375,True
instruct,0.875,True,0.0625,True
complex,0.875,True,1.15625,True
simple,4.0,True,0.6875,True
instruct,4.0,True,0.0,False
complex,4.0,True,1.21875,True
simple,0.875,True,1.09375,True
instruct,0.875,True,-0.0625,False
complex,0.875,True,1.3125,True
simple,1.5,True,1.03125,True
instruct,1.5,True,-0.125,False
complex,1.5,True,1.4375,True
simple,0.4375,True,1.125,True
instruct,0.4375,True,0.125,True
complex,0.4375,True,1.28125,True
simple,0.8125,True,0.90625,True
instruct,0.8125,True,0.0,False
complex,0.8125,True,1.3125,True
simple,-1.0,False,1.15625,True
instruct,-1.0,False,-0.1875,False
complex,-1.0,False,1.25,True
simple,0.6875,True,1.09375,True
instruct,0.6875,True,0.375,True
complex,0.6875,True,1.21875,True
simple,1.75,True,1.0,True
instruct,1.75,True,0.25,True
complex,1.75,True,1.34375,True
simple,0.125,True,1.3125,True
instruct,0.125,True,0.25,True
complex,0.125,True,1.46875,True
simple,1.75,True,1.40625,True
instruct,1.75,True,0.125,True
complex,1.75,True,1.21875,True
simple,1.75,True,0.90625,True
instruct,1.75,True,0.375,True
complex,1.75,True,1.3125,True
simple,-0.5,False,0.8125,True
instruct,-0.5,False,0.3125,True
complex,-0.5,False,1.375,True
simple,2.0,True,0.9375,True
instruct,2.0,True,0.0,False
complex,2.0,True,1.40625,True
simple,1.0,True,1.125,True
instruct,1.0,True,0.25,True
complex,1.0,True,1.21875,True
simple,0.0,False,0.90625,True
instruct,0.0,False,-0.125,False
complex,0.0,False,1.53125,True
simple,0.625,True,0.8125,True
instruct,0.625,True,0.0,False
complex,0.625,True,1.5,True
simple,4.125,True,1.09375,True
instruct,4.125,True,0.375,True
complex,4.125,True,1.25,True
simple,-0.625,False,1.28125,True
instruct,-0.625,False,0.3125,True
complex,-0.625,False,1.1875,True
simple,1.125,True,1.0625,True
instruct,1.125,True,0.0625,True
complex,1.125,True,1.34375,True
simple,0.6875,True,1.0625,True
instruct,0.6875,True,0.125,True
complex,0.6875,True,1.09375,True
simple,1.75,True,1.28125,True
instruct,1.75,True,0.3125,True
complex,1.75,True,1.125,True
simple,-0.25,False,0.875,True
instruct,-0.25,False,0.1875,True
complex,-0.25,False,1.15625,True
simple,2.0,True,1.28125,True
instruct,2.0,True,0.125,True
complex,2.0,True,0.9375,True
simple,3.75,True,0.75,True
instruct,3.75,True,0.0625,True
complex,3.75,True,1.25,True
simple,3.5,True,1.375,True
instruct,3.5,True,0.3125,True
complex,3.5,True,1.375,True
simple,0.5,True,0.75,True
instruct,0.5,True,0.4375,True
complex,0.5,True,1.09375,True
simple,1.375,True,1.125,True
instruct,1.375,True,0.3125,True
complex,1.375,True,1.375,True
simple,-0.375,False,1.09375,True
instruct,-0.375,False,0.4375,True
complex,-0.375,False,1.53125,True
simple,1.0,True,1.25,True
instruct,1.0,True,0.125,True
complex,1.0,True,1.1875,True
simple,0.625,True,0.9375,True
instruct,0.625,True,0.5625,True
complex,0.625,True,1.5625,True
simple,0.875,True,1.25,True
instruct,0.875,True,0.125,True
complex,0.875,True,1.4375,True
simple,2.375,True,0.78125,True
instruct,2.375,True,0.25,True
complex,2.375,True,1.25,True
simple,1.0,True,1.1875,True
instruct,1.0,True,0.0625,True
complex,1.0,True,1.15625,True
simple,-0.125,False,0.90625,True
instruct,-0.125,False,0.4375,True
complex,-0.125,False,1.09375,True
simple,-1.125,False,1.0625,True
instruct,-1.125,False,0.3125,True
complex,-1.125,False,1.4375,True
simple,1.125,True,0.75,True
instruct,1.125,True,-0.25,False
complex,1.125,True,1.375,True
simple,3.125,True,0.8125,True
instruct,3.125,True,0.25,True
complex,3.125,True,1.21875,True
simple,1.9375,True,1.4375,True
instruct,1.9375,True,0.5625,True
complex,1.9375,True,1.34375,True
simple,-0.125,False,1.09375,True
instruct,-0.125,False,0.5,True
complex,-0.125,False,1.5,True
simple,0.25,True,0.96875,True
instruct,0.25,True,0.25,True
complex,0.25,True,1.1875,True
simple,-14.375,False,1.0,True
instruct,-14.375,False,0.0,False
complex,-14.375,False,1.40625,True
simple,-0.375,False,1.0,True
instruct,-0.375,False,0.0,False
complex,-0.375,False,1.1875,True
simple,0.0,False,1.09375,True
instruct,0.0,False,0.1875,True
complex,0.0,False,1.3125,True
simple,-2.0,False,0.96875,True
instruct,-2.0,False,0.3125,True
complex,-2.0,False,1.28125,True
simple,-0.125,False,0.59375,True
instruct,-0.125,False,0.1875,True
complex,-0.125,False,1.34375,True
simple,0.0,False,0.84375,True
instruct,0.0,False,0.0625,True
complex,0.0,False,1.5,True
simple,0.375,True,1.53125,True
instruct,0.375,True,0.4375,True
complex,0.375,True,1.34375,True
simple,1.375,True,1.0625,True
instruct,1.375,True,0.3125,True
complex,1.375,True,1.5,True
simple,-1.25,False,0.84375,True
instruct,-1.25,False,0.25,True
complex,-1.25,False,1.15625,True
simple,1.0,True,1.0625,True
instruct,1.0,True,0.125,True
complex,1.0,True,1.375,True
simple,0.125,True,1.15625,True
instruct,0.125,True,0.25,True
complex,0.125,True,1.15625,True
simple,0.875,True,1.0,True
instruct,0.875,True,-0.0625,False
complex,0.875,True,1.3125,True
simple,1.625,True,0.75,True
instruct,1.625,True,0.125,True
complex,1.625,True,1.40625,True
simple,-0.125,False,1.03125,True
instruct,-0.125,False,0.1875,True
complex,-0.125,False,1.1875,True
simple,0.375,True,0.6875,True
instruct,0.375,True,0.125,True
complex,0.375,True,1.0,True
simple,-1.375,False,0.75,True
instruct,-1.375,False,-0.0625,False
complex,-1.375,False,1.21875,True
simple,2.5,True,0.9375,True
instruct,2.5,True,-0.0625,False
complex,2.5,True,1.34375,True
simple,-1.5,False,1.0,True
instruct,-1.5,False,0.3125,True
complex,-1.5,False,1.3125,True
simple,0.375,True,1.1875,True
instruct,0.375,True,0.375,True
complex,0.375,True,1.4375,True
simple,0.125,True,1.125,True
instruct,0.125,True,0.0,False
complex,0.125,True,1.3125,True
simple,-12.375,False,0.75,True
instruct,-12.375,False,0.25,True
complex,-12.375,False,1.40625,True
simple,0.875,True,0.71875,True
instruct,0.875,True,0.125,True
complex,0.875,True,1.25,True
simple,0.625,True,1.0625,True
instruct,0.625,True,0.375,True
complex,0.625,True,1.28125,True
simple,1.25,True,1.09375,True
instruct,1.25,True,0.1875,True
complex,1.25,True,1.46875,True
simple,0.0625,True,1.1875,True
instruct,0.0625,True,0.375,True
complex,0.0625,True,1.40625,True
simple,-0.375,False,0.875,True
instruct,-0.375,False,-0.0625,False
complex,-0.375,False,1.15625,True
simple,2.3125,True,0.90625,True
instruct,2.3125,True,0.3125,True
complex,2.3125,True,1.25,True
simple,1.75,True,0.8125,True
instruct,1.75,True,0.1875,True
complex,1.75,True,1.375,True
simple,-3.25,False,1.21875,True
instruct,-3.25,False,0.0625,True
complex,-3.25,False,1.0625,True
simple,-5.125,False,1.125,True
instruct,-5.125,False,0.1875,True
complex,-5.125,False,1.0,True
simple,-3.4375,False,1.375,True
instruct,-3.4375,False,0.3125,True
complex,-3.4375,False,1.0625,True
simple,-2.625,False,1.28125,True
instruct,-2.625,False,0.0,False
complex,-2.625,False,0.875,True
simple,-2.1875,False,1.53125,True
instruct,-2.1875,False,0.1875,True
complex,-2.1875,False,1.03125,True
simple,-5.375,False,1.34375,True
instruct,-5.375,False,0.1875,True
complex,-5.375,False,1.125,True
simple,-0.25,False,1.25,True
instruct,-0.25,False,0.375,True
complex,-0.25,False,0.875,True
simple,-4.375,False,1.28125,True
instruct,-4.375,False,-0.1875,False
complex,-4.375,False,1.21875,True
simple,-3.625,False,1.21875,True
instruct,-3.625,False,0.125,True
complex,-3.625,False,0.9375,True
simple,-2.5625,False,1.3125,True
instruct,-2.5625,False,0.1875,True
complex,-2.5625,False,1.03125,True
simple,-5.0,False,1.125,True
instruct,-5.0,False,0.3125,True
complex,-5.0,False,1.09375,True
simple,-6.4375,False,1.1875,True
instruct,-6.4375,False,-0.4375,False
complex,-6.4375,False,1.0625,True
simple,-4.25,False,1.0,True
instruct,-4.25,False,-0.1875,False
complex,-4.25,False,1.0625,True
simple,-3.9375,False,1.15625,True
instruct,-3.9375,False,0.1875,True
complex,-3.9375,False,0.96875,True
simple,-3.4375,False,1.125,True
instruct,-3.4375,False,0.0625,True
complex,-3.4375,False,0.90625,True
simple,-3.8125,False,0.96875,True
instruct,-3.8125,False,-0.5625,False
complex,-3.8125,False,1.09375,True
simple,-5.5625,False,1.0625,True
instruct,-5.5625,False,-0.375,False
complex,-5.5625,False,1.125,True
simple,0.75,True,1.28125,True
instruct,0.75,True,0.0,False
complex,0.75,True,1.0625,True
simple,-2.875,False,1.09375,True
instruct,-2.875,False,-0.1875,False
complex,-2.875,False,0.9375,True
simple,-4.25,False,1.28125,True
instruct,-4.25,False,0.0625,True
complex,-4.25,False,0.84375,True
simple,-1.75,False,1.3125,True
instruct,-1.75,False,0.0,False
complex,-1.75,False,1.03125,True
simple,0.125,True,1.3125,True
instruct,0.125,True,0.0625,True
complex,0.125,True,1.0625,True
simple,-4.5,False,0.78125,True
instruct,-4.5,False,-0.1875,False
complex,-4.5,False,0.96875,True
simple,-2.75,False,1.15625,True
instruct,-2.75,False,0.1875,True
complex,-2.75,False,1.15625,True
simple,-3.5,False,1.3125,True
instruct,-3.5,False,0.1875,True
complex,-3.5,False,0.8125,True
simple,-1.5,False,1.09375,True
instruct,-1.5,False,0.25,True
complex,-1.5,False,1.3125,True
simple,-3.8125,False,1.28125,True
instruct,-3.8125,False,0.4375,True
complex,-3.8125,False,1.15625,True
simple,-4.0,False,1.15625,True
instruct,-4.0,False,0.0625,True
complex,-4.0,False,0.90625,True
simple,-5.625,False,1.3125,True
instruct,-5.625,False,-0.0625,False
complex,-5.625,False,1.15625,True
simple,-4.0,False,1.0,True
instruct,-4.0,False,0.375,True
complex,-4.0,False,1.09375,True
simple,-2.375,False,1.125,True
instruct,-2.375,False,0.125,True
complex,-2.375,False,1.125,True
simple,-4.0625,False,1.1875,True
instruct,-4.0625,False,0.125,True
complex,-4.0625,False,1.0625,True
simple,-3.6875,False,1.15625,True
instruct,-3.6875,False,-0.3125,False
complex,-3.6875,False,1.03125,True
simple,-5.125,False,1.03125,True
instruct,-5.125,False,0.0625,True
complex,-5.125,False,0.84375,True
simple,-0.5,False,1.40625,True
instruct,-0.5,False,0.0,False
complex,-0.5,False,0.96875,True
simple,-2.75,False,1.15625,True
instruct,-2.75,False,-0.125,False
complex,-2.75,False,0.875,True
simple,-3.875,False,1.09375,True
instruct,-3.875,False,0.3125,True
complex,-3.875,False,0.8125,True
simple,-4.1875,False,1.34375,True
instruct,-4.1875,False,-0.1875,False
complex,-4.1875,False,0.96875,True
simple,-3.875,False,1.15625,True
instruct,-3.875,False,0.0,False
complex,-3.875,False,0.84375,True
simple,-3.5,False,1.3125,True
instruct,-3.5,False,0.1875,True
complex,-3.5,False,0.9375,True
simple,-6.3125,False,0.875,True
instruct,-6.3125,False,-0.0625,False
complex,-6.3125,False,1.0,True
simple,-1.375,False,1.375,True
instruct,-1.375,False,0.1875,True
complex,-1.375,False,1.0625,True
simple,0.3125,True,0.15625,True
instruct,0.3125,True,0.1875,True
complex,0.3125,True,1.40625,True
simple,-1.625,False,1.125,True
instruct,-1.625,False,-0.3125,False
complex,-1.625,False,0.96875,True
simple,-7.625,False,0.96875,True
instruct,-7.625,False,-0.4375,False
complex,-7.625,False,0.96875,True
simple,-1.375,False,1.0625,True
instruct,-1.375,False,-0.0625,False
complex,-1.375,False,0.9375,True
simple,-5.125,False,1.125,True
instruct,-5.125,False,0.1875,True
complex,-5.125,False,1.21875,True
simple,-4.5625,False,1.125,True
instruct,-4.5625,False,-0.3125,False
complex,-4.5625,False,0.9375,True
simple,-3.625,False,1.28125,True
instruct,-3.625,False,0.0,False
complex,-3.625,False,1.0,True
simple,-4.8125,False,0.90625,True
instruct,-4.8125,False,-0.125,False
complex,-4.8125,False,1.03125,True
simple,-1.375,False,1.03125,True
instruct,-1.375,False,0.25,True
complex,-1.375,False,0.90625,True
simple,-2.25,False,0.96875,True
instruct,-2.25,False,0.1875,True
complex,-2.25,False,1.09375,True
simple,-4.1875,False,1.0,True
instruct,-4.1875,False,0.0625,True
complex,-4.1875,False,1.03125,True
simple,2.375,True,1.28125,True
instruct,2.375,True,0.0625,True
complex,2.375,True,0.90625,True
simple,0.125,True,1.25,True
instruct,0.125,True,-0.25,False
complex,0.125,True,1.0,True
simple,-5.5,False,1.125,True
instruct,-5.5,False,-0.4375,False
complex,-5.5,False,0.9375,True
simple,-5.0,False,1.09375,True
instruct,-5.0,False,0.125,True
complex,-5.0,False,0.625,True
simple,-4.4375,False,0.84375,True
instruct,-4.4375,False,-0.0625,False
complex,-4.4375,False,1.1875,True
simple,-2.875,False,1.28125,True
instruct,-2.875,False,0.1875,True
complex,-2.875,False,1.0625,True
simple,-3.4375,False,1.125,True
instruct,-3.4375,False,0.0625,True
complex,-3.4375,False,0.9375,True
simple,-1.875,False,0.90625,True
instruct,-1.875,False,-0.1875,False
complex,-1.875,False,0.78125,True
simple,-13.25,False,1.03125,True
instruct,-13.25,False,-0.5625,False
complex,-13.25,False,1.15625,True
simple,-3.5625,False,1.09375,True
instruct,-3.5625,False,-0.5,False
complex,-3.5625,False,0.8125,True
simple,-4.0625,False,0.9375,True
instruct,-4.0625,False,-0.0625,False
complex,-4.0625,False,1.0,True
simple,-3.25,False,1.28125,True
instruct,-3.25,False,-0.1875,False
complex,-3.25,False,0.75,True
simple,-4.25,False,1.1875,True
instruct,-4.25,False,0.125,True
complex,-4.25,False,1.15625,True
simple,-4.0,False,1.03125,True
instruct,-4.0,False,0.0625,True
complex,-4.0,False,1.0,True
simple,-3.1875,False,1.34375,True
instruct,-3.1875,False,0.75,True
complex,-3.1875,False,1.09375,True
simple,-4.875,False,1.15625,True
instruct,-4.875,False,-0.0625,False
complex,-4.875,False,1.03125,True
simple,-0.625,False,1.21875,True
instruct,-0.625,False,0.1875,True
complex,-0.625,False,0.9375,True
simple,-3.625,False,1.0,True
instruct,-3.625,False,0.125,True
complex,-3.625,False,0.90625,True
simple,-3.9375,False,0.65625,True
instruct,-3.9375,False,-0.1875,False
complex,-3.9375,False,0.9375,True
simple,-3.0,False,0.96875,True
instruct,-3.0,False,0.1875,True
complex,-3.0,False,1.21875,True
simple,0.375,True,1.40625,True
instruct,0.375,True,-0.1875,False
complex,0.375,True,0.8125,True
simple,-2.9375,False,1.09375,True
instruct,-2.9375,False,0.125,True
complex,-2.9375,False,1.0,True
simple,-1.5,False,1.375,True
instruct,-1.5,False,0.0,False
complex,-1.5,False,0.8125,True
simple,-5.375,False,0.78125,True
instruct,-5.375,False,-0.25,False
complex,-5.375,False,1.125,True
simple,-3.25,False,1.09375,True
instruct,-3.25,False,-0.1875,False
complex,-3.25,False,1.09375,True
simple,-5.625,False,0.84375,True
instruct,-5.625,False,-0.625,False
complex,-5.625,False,0.875,True
simple,-2.5625,False,1.0625,True
instruct,-2.5625,False,0.375,True
complex,-2.5625,False,0.875,True
simple,-0.125,False,0.90625,True
instruct,-0.125,False,-0.125,False
complex,-0.125,False,1.0625,True
simple,-3.875,False,0.8125,True
instruct,-3.875,False,0.0625,True
complex,-3.875,False,0.96875,True
simple,-3.625,False,0.84375,True
instruct,-3.625,False,0.0625,True
complex,-3.625,False,1.125,True
simple,-6.875,False,0.9375,True
instruct,-6.875,False,-0.125,False
complex,-6.875,False,0.9375,True
simple,-2.125,False,1.4375,True
instruct,-2.125,False,-0.1875,False
complex,-2.125,False,0.875,True
simple,-2.125,False,1.1875,True
instruct,-2.125,False,0.125,True
complex,-2.125,False,1.03125,True
simple,-5.8125,False,0.96875,True
instruct,-5.8125,False,-0.375,False
complex,-5.8125,False,0.84375,True
simple,-2.0,False,1.0,True
instruct,-2.0,False,0.0625,True
complex,-2.0,False,1.125,True
simple,-1.25,False,1.21875,True
instruct,-1.25,False,0.3125,True
complex,-1.25,False,0.96875,True
simple,-5.25,False,0.96875,True
instruct,-5.25,False,-0.5,False
complex,-5.25,False,0.875,True
simple,-15.9375,False,0.8125,True
instruct,-15.9375,False,-0.125,False
complex,-15.9375,False,1.03125,True
simple,-3.75,False,1.03125,True
instruct,-3.75,False,-0.1875,False
complex,-3.75,False,0.9375,True
simple,-4.0,False,1.15625,True
instruct,-4.0,False,-0.0625,False
complex,-4.0,False,1.125,True
simple,-5.0,False,0.84375,True
instruct,-5.0,False,-0.1875,False
complex,-5.0,False,0.84375,True
simple,-3.5,False,1.0625,True
instruct,-3.5,False,-0.4375,False
complex,-3.5,False,0.9375,True
simple,-5.25,False,1.28125,True
instruct,-5.25,False,0.3125,True
complex,-5.25,False,1.09375,True
simple,-4.125,False,0.96875,True
instruct,-4.125,False,0.0625,True
complex,-4.125,False,1.3125,True
simple,0.5,True,0.96875,True
instruct,0.5,True,-0.4375,False
complex,0.5,True,1.03125,True
simple,-5.25,False,1.09375,True
instruct,-5.25,False,0.25,True
complex,-5.25,False,0.9375,True
simple,-3.9375,False,1.15625,True
instruct,-3.9375,False,0.3125,True
complex,-3.9375,False,1.0625,True
simple,-7.0625,False,1.15625,True
instruct,-7.0625,False,-0.25,False
complex,-7.0625,False,1.5,True
simple,-8.0625,False,1.1875,True
instruct,-8.0625,False,-0.0625,False
complex,-8.0625,False,1.5,True
simple,-7.0625,False,1.1875,True
instruct,-7.0625,False,0.0,False
complex,-7.0625,False,1.21875,True
simple,-12.3125,False,1.21875,True
instruct,-12.3125,False,0.0625,True
complex,-12.3125,False,1.6875,True
simple,-8.4375,False,1.03125,True
instruct,-8.4375,False,-0.25,False
complex,-8.4375,False,1.5,True
simple,-7.0,False,1.0625,True
instruct,-7.0,False,-0.125,False
complex,-7.0,False,1.40625,True
simple,-7.9375,False,1.15625,True
instruct,-7.9375,False,-0.3125,False
complex,-7.9375,False,1.375,True
simple,-6.375,False,1.28125,True
instruct,-6.375,False,0.0625,True
complex,-6.375,False,1.34375,True
simple,-8.6875,False,1.1875,True
instruct,-8.6875,False,-0.1875,False
complex,-8.6875,False,1.34375,True
simple,-9.4375,False,1.15625,True
instruct,-9.4375,False,-0.0625,False
complex,-9.4375,False,1.40625,True
simple,-7.5625,False,1.1875,True
instruct,-7.5625,False,-0.0625,False
complex,-7.5625,False,1.3125,True
simple,-7.0,False,1.21875,True
instruct,-7.0,False,0.0625,True
complex,-7.0,False,1.3125,True
simple,-8.0625,False,1.34375,True
instruct,-8.0625,False,0.1875,True
complex,-8.0625,False,1.1875,True
simple,-7.6875,False,1.4375,True
instruct,-7.6875,False,0.0625,True
complex,-7.6875,False,1.375,True
simple,-6.75,False,1.28125,True
instruct,-6.75,False,-0.5,False
complex,-6.75,False,1.34375,True
simple,-6.9375,False,1.1875,True
instruct,-6.9375,False,-0.1875,False
complex,-6.9375,False,1.28125,True
simple,-7.5625,False,1.34375,True
instruct,-7.5625,False,0.0,False
complex,-7.5625,False,1.34375,True
simple,-9.8125,False,1.3125,True
instruct,-9.8125,False,0.3125,True
complex,-9.8125,False,1.375,True
simple,-8.75,False,1.1875,True
instruct,-8.75,False,-0.1875,False
complex,-8.75,False,1.375,True
simple,-7.1875,False,1.21875,True
instruct,-7.1875,False,-0.25,False
complex,-7.1875,False,1.34375,True
simple,-8.4375,False,1.21875,True
instruct,-8.4375,False,-0.125,False
complex,-8.4375,False,1.25,True
simple,-8.875,False,1.09375,True
instruct,-8.875,False,-0.3125,False
complex,-8.875,False,1.40625,True
simple,-8.625,False,1.3125,True
instruct,-8.625,False,-0.1875,False
complex,-8.625,False,1.375,True
simple,-7.375,False,1.25,True
instruct,-7.375,False,-0.1875,False
complex,-7.375,False,1.3125,True
simple,-8.625,False,1.28125,True
instruct,-8.625,False,-0.25,False
complex,-8.625,False,1.3125,True
simple,-7.25,False,1.28125,True
instruct,-7.25,False,0.0625,True
complex,-7.25,False,1.375,True
simple,-6.375,False,1.25,True
instruct,-6.375,False,-0.1875,False
complex,-6.375,False,1.25,True
simple,-9.3125,False,1.3125,True
instruct,-9.3125,False,0.0625,True
complex,-9.3125,False,1.3125,True
simple,-7.875,False,1.15625,True
instruct,-7.875,False,-0.3125,False
complex,-7.875,False,1.40625,True
simple,-9.1875,False,1.28125,True
instruct,-9.1875,False,0.1875,True
complex,-9.1875,False,1.46875,True
simple,-8.1875,False,1.21875,True
instruct,-8.1875,False,-0.1875,False
complex,-8.1875,False,1.375,True
simple,-7.4375,False,1.3125,True
instruct,-7.4375,False,0.125,True
complex,-7.4375,False,1.4375,True
simple,-7.8125,False,1.15625,True
instruct,-7.8125,False,-0.0625,False
complex,-7.8125,False,1.21875,True
simple,-6.6875,False,1.28125,True
instruct,-6.6875,False,-0.125,False
complex,-6.6875,False,1.40625,True
simple,-7.625,False,1.3125,True
instruct,-7.625,False,-0.3125,False
complex,-7.625,False,1.125,True
simple,-9.625,False,1.21875,True
instruct,-9.625,False,-0.0625,False
complex,-9.625,False,1.40625,True
simple,-7.8125,False,1.28125,True
instruct,-7.8125,False,-0.25,False
complex,-7.8125,False,1.34375,True
simple,-7.0,False,1.25,True
instruct,-7.0,False,-0.25,False
complex,-7.0,False,1.375,True
simple,-6.5625,False,1.21875,True
instruct,-6.5625,False,-0.125,False
complex,-6.5625,False,1.40625,True
simple,-7.0,False,1.125,True
instruct,-7.0,False,-0.1875,False
complex,-7.0,False,1.375,True
simple,-6.25,False,1.15625,True
instruct,-6.25,False,-0.125,False
complex,-6.25,False,1.4375,True
simple,-8.5625,False,1.125,True
instruct,-8.5625,False,-0.125,False
complex,-8.5625,False,1.40625,True
simple,-7.8125,False,1.25,True
instruct,-7.8125,False,-0.1875,False
complex,-7.8125,False,1.34375,True
simple,-8.9375,False,1.21875,True
instruct,-8.9375,False,-0.0625,False
complex,-8.9375,False,1.375,True
simple,-7.8125,False,1.25,True
instruct,-7.8125,False,-0.1875,False
complex,-7.8125,False,1.34375,True
simple,-9.5,False,1.15625,True
instruct,-9.5,False,-0.0625,False
complex,-9.5,False,1.28125,True
simple,-8.5625,False,1.125,True
instruct,-8.5625,False,-0.25,False
complex,-8.5625,False,1.34375,True
simple,-6.8125,False,1.25,True
instruct,-6.8125,False,-0.0625,False
complex,-6.8125,False,1.3125,True
simple,-9.375,False,1.25,True
instruct,-9.375,False,-0.3125,False
complex,-9.375,False,1.4375,True
simple,-8.625,False,1.3125,True
instruct,-8.625,False,-0.0625,False
complex,-8.625,False,1.34375,True
simple,-6.625,False,1.34375,True
instruct,-6.625,False,-0.5,False
complex,-6.625,False,1.21875,True
simple,-7.4375,False,1.25,True
instruct,-7.4375,False,-0.125,False
complex,-7.4375,False,1.4375,True
simple,-7.5,False,1.25,True
instruct,-7.5,False,-0.1875,False
complex,-7.5,False,1.4375,True
simple,-5.875,False,1.28125,True
instruct,-5.875,False,-0.1875,False
complex,-5.875,False,1.3125,True
simple,-6.4375,False,1.1875,True
instruct,-6.4375,False,-0.0625,False
complex,-6.4375,False,1.40625,True
simple,-6.8125,False,1.21875,True
instruct,-6.8125,False,-0.375,False
complex,-6.8125,False,1.40625,True
simple,-7.9375,False,1.21875,True
instruct,-7.9375,False,-0.1875,False
complex,-7.9375,False,1.375,True
simple,-8.75,False,1.46875,True
instruct,-8.75,False,-0.25,False
complex,-8.75,False,1.3125,True
simple,-8.4375,False,1.21875,True
instruct,-8.4375,False,-0.125,False
complex,-8.4375,False,1.5,True
simple,-7.375,False,1.25,True
instruct,-7.375,False,-0.125,False
complex,-7.375,False,1.4375,True
simple,-6.8125,False,1.1875,True
instruct,-6.8125,False,-0.125,False
complex,-6.8125,False,1.53125,True
simple,-7.4375,False,1.15625,True
instruct,-7.4375,False,-0.125,False
complex,-7.4375,False,1.5625,True
simple,-6.875,False,1.1875,True
instruct,-6.875,False,-0.3125,False
complex,-6.875,False,1.46875,True
simple,-8.25,False,1.1875,True
instruct,-8.25,False,-0.25,False
complex,-8.25,False,1.46875,True
simple,-9.0625,False,1.1875,True
instruct,-9.0625,False,-0.0625,False
complex,-9.0625,False,1.53125,True
simple,-8.125,False,1.21875,True
instruct,-8.125,False,-0.0625,False
complex,-8.125,False,1.5,True
simple,-9.1875,False,1.15625,True
instruct,-9.1875,False,-0.125,False
complex,-9.1875,False,1.3125,True
simple,-7.25,False,1.28125,True
instruct,-7.25,False,-0.0625,False
complex,-7.25,False,1.4375,True
simple,-7.4375,False,1.34375,True
instruct,-7.4375,False,-0.0625,False
complex,-7.4375,False,1.4375,True
simple,-7.0,False,1.21875,True
instruct,-7.0,False,-0.125,False
complex,-7.0,False,1.375,True
simple,-8.1875,False,1.25,True
instruct,-8.1875,False,-0.0625,False
complex,-8.1875,False,1.4375,True
simple,-7.6875,False,1.28125,True
instruct,-7.6875,False,0.0,False
complex,-7.6875,False,1.40625,True
simple,-7.0,False,1.1875,True
instruct,-7.0,False,0.0625,True
complex,-7.0,False,1.53125,True
simple,-7.0625,False,1.21875,True
instruct,-7.0625,False,-0.125,False
complex,-7.0625,False,1.375,True
simple,-6.8125,False,1.34375,True
instruct,-6.8125,False,0.0,False
complex,-6.8125,False,1.53125,True
simple,-7.4375,False,1.25,True
instruct,-7.4375,False,0.0,False
complex,-7.4375,False,1.5,True
simple,-7.9375,False,1.28125,True
instruct,-7.9375,False,-0.1875,False
complex,-7.9375,False,1.46875,True
simple,-7.8125,False,1.28125,True
instruct,-7.8125,False,-0.25,False
complex,-7.8125,False,1.5,True
simple,-7.8125,False,1.15625,True
instruct,-7.8125,False,-0.25,False
complex,-7.8125,False,1.46875,True
simple,-8.5625,False,1.15625,True
instruct,-8.5625,False,-0.0625,False
complex,-8.5625,False,1.4375,True
simple,-8.5625,False,1.25,True
instruct,-8.5625,False,-0.25,False
complex,-8.5625,False,1.5,True
simple,-7.125,False,1.28125,True
instruct,-7.125,False,0.125,True
complex,-7.125,False,1.5,True
simple,-6.25,False,1.1875,True
instruct,-6.25,False,-0.25,False
complex,-6.25,False,1.46875,True
simple,-7.8125,False,1.1875,True
instruct,-7.8125,False,0.0,False
complex,-7.8125,False,1.40625,True
simple,-6.6875,False,1.125,True
instruct,-6.6875,False,0.125,True
complex,-6.6875,False,1.4375,True
simple,-7.0625,False,1.21875,True
instruct,-7.0625,False,-0.125,False
complex,-7.0625,False,1.375,True
simple,-7.625,False,1.3125,True
instruct,-7.625,False,-0.0625,False
complex,-7.625,False,1.46875,True
simple,-9.4375,False,1.21875,True
instruct,-9.4375,False,-0.0625,False
complex,-9.4375,False,1.53125,True
simple,-7.5,False,1.28125,True
instruct,-7.5,False,-0.0625,False
complex,-7.5,False,1.375,True
simple,-7.6875,False,1.25,True
instruct,-7.6875,False,0.0625,True
complex,-7.6875,False,1.53125,True
simple,-7.5,False,1.21875,True
instruct,-7.5,False,0.0,False
complex,-7.5,False,1.4375,True
simple,-7.3125,False,1.21875,True
instruct,-7.3125,False,-0.0625,False
complex,-7.3125,False,1.5,True
simple,-7.875,False,1.25,True
instruct,-7.875,False,-0.1875,False
complex,-7.875,False,1.375,True
simple,-7.0,False,1.21875,True
instruct,-7.0,False,-0.3125,False
complex,-7.0,False,1.46875,True
simple,-8.5625,False,1.09375,True
instruct,-8.5625,False,-0.5,False
complex,-8.5625,False,1.46875,True
simple,-7.375,False,1.3125,True
instruct,-7.375,False,0.0625,True
complex,-7.375,False,1.46875,True
simple,-8.0625,False,1.15625,True
instruct,-8.0625,False,0.0,False
complex,-8.0625,False,1.4375,True
simple,-7.875,False,1.09375,True
instruct,-7.875,False,-0.0625,False
complex,-7.875,False,1.5,True
simple,-7.5,False,1.125,True
instruct,-7.5,False,-0.0625,False
complex,-7.5,False,1.4375,True
simple,-7.875,False,1.25,True
instruct,-7.875,False,-0.0625,False
complex,-7.875,False,1.375,True
simple,-4.125,False,0.90625,True
instruct,-4.125,False,-0.5625,False
complex,-4.125,False,1.21875,True
simple,-4.875,False,1.09375,True
instruct,-4.875,False,-0.3125,False
complex,-4.875,False,1.25,True
simple,-3.375,False,1.09375,True
instruct,-3.375,False,-0.1875,False
complex,-3.375,False,1.3125,True
simple,-5.875,False,1.15625,True
instruct,-5.875,False,-0.1875,False
complex,-5.875,False,1.15625,True
simple,-17.8125,False,0.9375,True
instruct,-17.8125,False,-0.3125,False
complex,-17.8125,False,1.34375,True
simple,-5.375,False,1.15625,True
instruct,-5.375,False,-0.3125,False
complex,-5.375,False,1.25,True
simple,-2.375,False,1.1875,True
instruct,-2.375,False,0.0625,True
complex,-2.375,False,1.34375,True
simple,-4.375,False,1.15625,True
instruct,-4.375,False,-0.125,False
complex,-4.375,False,1.21875,True
simple,-4.375,False,1.125,True
instruct,-4.375,False,-0.25,False
complex,-4.375,False,1.09375,True
simple,-2.875,False,1.21875,True
instruct,-2.875,False,0.0,False
complex,-2.875,False,1.1875,True
simple,-4.875,False,1.21875,True
instruct,-4.875,False,-0.25,False
complex,-4.875,False,1.03125,True
simple,-21.875,False,1.09375,True
instruct,-21.875,False,-0.3125,False
complex,-21.875,False,1.15625,True
simple,-3.75,False,1.0,True
instruct,-3.75,False,-0.3125,False
complex,-3.75,False,1.25,True
simple,-5.4375,False,1.09375,True
instruct,-5.4375,False,-0.25,False
complex,-5.4375,False,1.25,True
simple,-4.5625,False,1.15625,True
instruct,-4.5625,False,-0.1875,False
complex,-4.5625,False,1.03125,True
simple,-2.1875,False,1.1875,True
instruct,-2.1875,False,0.0,False
complex,-2.1875,False,1.15625,True
simple,-1.625,False,1.125,True
instruct,-1.625,False,-0.0625,False
complex,-1.625,False,1.1875,True
simple,-3.6875,False,1.1875,True
instruct,-3.6875,False,-0.125,False
complex,-3.6875,False,1.25,True
simple,-3.25,False,1.1875,True
instruct,-3.25,False,-0.125,False
complex,-3.25,False,1.21875,True
simple,-4.75,False,1.09375,True
instruct,-4.75,False,-0.1875,False
complex,-4.75,False,1.1875,True
simple,-4.6875,False,1.25,True
instruct,-4.6875,False,0.0,False
complex,-4.6875,False,1.09375,True
simple,-2.375,False,1.0625,True
instruct,-2.375,False,-0.1875,False
complex,-2.375,False,1.15625,True
simple,-3.25,False,1.1875,True
instruct,-3.25,False,-0.1875,False
complex,-3.25,False,1.25,True
simple,-4.375,False,1.28125,True
instruct,-4.375,False,-0.0625,False
complex,-4.375,False,1.21875,True
simple,-4.75,False,1.21875,True
instruct,-4.75,False,-0.25,False
complex,-4.75,False,1.125,True
simple,-4.0625,False,1.03125,True
instruct,-4.0625,False,-0.3125,False
complex,-4.0625,False,1.28125,True
simple,-4.8125,False,1.09375,True
instruct,-4.8125,False,-0.5,False
complex,-4.8125,False,1.125,True
simple,-4.625,False,0.90625,True
instruct,-4.625,False,-0.4375,False
complex,-4.625,False,1.21875,True
simple,-3.625,False,1.21875,True
instruct,-3.625,False,0.0625,True
complex,-3.625,False,1.28125,True
simple,-18.875,False,0.8125,True
instruct,-18.875,False,-0.3125,False
complex,-18.875,False,1.3125,True
simple,-3.0,False,1.15625,True
instruct,-3.0,False,-0.1875,False
complex,-3.0,False,1.1875,True
simple,-1.875,False,1.0,True
instruct,-1.875,False,0.0625,True
complex,-1.875,False,1.0625,True
simple,-4.4375,False,1.15625,True
instruct,-4.4375,False,-0.1875,False
complex,-4.4375,False,1.1875,True
simple,-5.6875,False,1.09375,True
instruct,-5.6875,False,-0.1875,False
complex,-5.6875,False,1.28125,True
simple,-6.0625,False,1.15625,True
instruct,-6.0625,False,-0.0625,False
complex,-6.0625,False,1.0625,True
simple,-4.3125,False,1.125,True
instruct,-4.3125,False,-0.1875,False
complex,-4.3125,False,1.28125,True
simple,-4.0625,False,1.0,True
instruct,-4.0625,False,-0.1875,False
complex,-4.0625,False,1.1875,True
simple,-4.4375,False,1.03125,True
instruct,-4.4375,False,-0.0625,False
complex,-4.4375,False,1.28125,True
simple,-4.625,False,1.0625,True
instruct,-4.625,False,-0.4375,False
complex,-4.625,False,0.96875,True
simple,-21.875,False,0.96875,True
instruct,-21.875,False,-0.125,False
complex,-21.875,False,1.1875,True
simple,-4.5,False,1.1875,True
instruct,-4.5,False,0.0,False
complex,-4.5,False,1.09375,True
simple,-4.625,False,1.21875,True
instruct,-4.625,False,-0.25,False
complex,-4.625,False,1.28125,True
simple,-4.0625,False,1.25,True
instruct,-4.0625,False,0.125,True
complex,-4.0625,False,1.28125,True
simple,-3.375,False,0.96875,True
instruct,-3.375,False,-0.125,False
complex,-3.375,False,1.28125,True
simple,-0.875,False,1.28125,True
instruct,-0.875,False,-0.3125,False
complex,-0.875,False,1.15625,True
simple,-3.0,False,0.9375,True
instruct,-3.0,False,-0.375,False
complex,-3.0,False,1.25,True
simple,-3.6875,False,1.25,True
instruct,-3.6875,False,-0.25,False
complex,-3.6875,False,1.21875,True
simple,-4.25,False,0.875,True
instruct,-4.25,False,0.0625,True
complex,-4.25,False,1.28125,True
simple,-4.0,False,0.84375,True
instruct,-4.0,False,0.0625,True
complex,-4.0,False,1.1875,True
simple,-3.125,False,0.875,True
instruct,-3.125,False,0.1875,True
complex,-3.125,False,1.34375,True
simple,-4.0,False,1.1875,True
instruct,-4.0,False,0.0,False
complex,-4.0,False,1.25,True
simple,-5.9375,False,1.3125,True
instruct,-5.9375,False,0.0,False
complex,-5.9375,False,1.25,True
simple,-2.75,False,1.125,True
instruct,-2.75,False,-0.3125,False
complex,-2.75,False,1.09375,True
simple,-4.0,False,1.0625,True
instruct,-4.0,False,0.0,False
complex,-4.0,False,1.1875,True
simple,-2.625,False,1.03125,True
instruct,-2.625,False,0.0,False
complex,-2.625,False,1.0,True
simple,-3.75,False,0.96875,True
instruct,-3.75,False,-0.25,False
complex,-3.75,False,1.3125,True
simple,-4.0,False,1.0625,True
instruct,-4.0,False,-0.1875,False
complex,-4.0,False,1.21875,True
simple,-2.3125,False,0.875,True
instruct,-2.3125,False,-0.125,False
complex,-2.3125,False,1.0625,True
simple,-3.375,False,1.03125,True
instruct,-3.375,False,-0.125,False
complex,-3.375,False,1.3125,True
simple,-2.625,False,1.0,True
instruct,-2.625,False,-0.25,False
complex,-2.625,False,1.125,True
simple,-20.1875,False,1.0,True
instruct,-20.1875,False,-0.1875,False
complex,-20.1875,False,1.15625,True
simple,-6.25,False,0.9375,True
instruct,-6.25,False,-0.5625,False
complex,-6.25,False,1.15625,True
simple,-2.375,False,0.96875,True
instruct,-2.375,False,-0.25,False
complex,-2.375,False,1.125,True
simple,-3.5,False,1.0,True
instruct,-3.5,False,0.3125,True
complex,-3.5,False,1.28125,True
simple,-5.375,False,1.0625,True
instruct,-5.375,False,-0.3125,False
complex,-5.375,False,1.25,True
simple,-4.625,False,0.84375,True
instruct,-4.625,False,-0.6875,False
complex,-4.625,False,1.09375,True
simple,-4.375,False,1.1875,True
instruct,-4.375,False,-0.0625,False
complex,-4.375,False,1.25,True
simple,-3.125,False,0.90625,True
instruct,-3.125,False,0.0625,True
complex,-3.125,False,1.28125,True
simple,-2.125,False,0.8125,True
instruct,-2.125,False,-0.0625,False
complex,-2.125,False,1.34375,True
simple,-4.0,False,1.0,True
instruct,-4.0,False,-0.3125,False
complex,-4.0,False,1.21875,True
simple,-3.625,False,0.90625,True
instruct,-3.625,False,-0.1875,False
complex,-3.625,False,1.125,True
simple,-4.25,False,1.0,True
instruct,-4.25,False,0.0,False
complex,-4.25,False,1.28125,True
simple,-2.875,False,1.03125,True
instruct,-2.875,False,0.0,False
complex,-2.875,False,1.375,True
simple,-5.125,False,0.8125,True
instruct,-5.125,False,-0.3125,False
complex,-5.125,False,1.1875,True
simple,-4.625,False,0.8125,True
instruct,-4.625,False,-0.125,False
complex,-4.625,False,1.21875,True
simple,-3.125,False,1.09375,True
instruct,-3.125,False,0.1875,True
complex,-3.125,False,1.40625,True
simple,-3.125,False,0.96875,True
instruct,-3.125,False,0.0,False
complex,-3.125,False,1.3125,True
simple,-3.875,False,0.875,True
instruct,-3.875,False,-0.1875,False
complex,-3.875,False,1.25,True
simple,-3.0,False,0.875,True
instruct,-3.0,False,0.125,True
complex,-3.0,False,1.28125,True
simple,-4.0,False,0.96875,True
instruct,-4.0,False,-0.125,False
complex,-4.0,False,1.25,True
simple,-2.75,False,1.03125,True
instruct,-2.75,False,-0.0625,False
complex,-2.75,False,1.375,True
simple,-3.125,False,0.84375,True
instruct,-3.125,False,-0.1875,False
complex,-3.125,False,1.1875,True
simple,-4.25,False,0.96875,True
instruct,-4.25,False,-0.125,False
complex,-4.25,False,1.21875,True
simple,-3.875,False,1.125,True
instruct,-3.875,False,-0.25,False
complex,-3.875,False,1.15625,True
simple,-2.5,False,0.9375,True
instruct,-2.5,False,-0.3125,False
complex,-2.5,False,1.375,True
simple,-3.5,False,0.875,True
instruct,-3.5,False,-0.0625,False
complex,-3.5,False,1.3125,True
simple,1.0,True,0.9375,True
instruct,1.0,True,0.0,False
complex,1.0,True,1.15625,True
simple,-3.375,False,1.09375,True
instruct,-3.375,False,-0.125,False
complex,-3.375,False,1.125,True
simple,-3.625,False,1.03125,True
instruct,-3.625,False,-0.125,False
complex,-3.625,False,1.25,True
simple,-3.875,False,1.03125,True
instruct,-3.875,False,-0.125,False
complex,-3.875,False,1.15625,True
simple,-4.25,False,0.9375,True
instruct,-4.25,False,0.0,False
complex,-4.25,False,1.25,True
simple,-5.375,False,0.84375,True
instruct,-5.375,False,-0.3125,False
complex,-5.375,False,1.25,True
simple,-4.25,False,1.09375,True
instruct,-4.25,False,0.0625,True
complex,-4.25,False,1.25,True
simple,-4.125,False,0.875,True
instruct,-4.125,False,-0.1875,False
complex,-4.125,False,1.21875,True
simple,-3.8125,False,1.0,True
instruct,-3.8125,False,-0.5,False
complex,-3.8125,False,1.0625,True
simple,-4.0,False,1.03125,True
instruct,-4.0,False,-0.1875,False
complex,-4.0,False,1.25,True
simple,-4.375,False,0.90625,True
instruct,-4.375,False,-0.375,False
complex,-4.375,False,0.96875,True
simple,-4.25,False,0.90625,True
instruct,-4.25,False,-0.0625,False
complex,-4.25,False,1.1875,True
simple,-3.0,False,0.90625,True
instruct,-3.0,False,-0.5625,False
complex,-3.0,False,1.25,True
simple,-4.375,False,0.8125,True
instruct,-4.375,False,-0.4375,False
complex,-4.375,False,1.21875,True
simple,-4.3125,False,1.375,True
instruct,-4.3125,False,0.125,True
complex,-4.3125,False,1.28125,True
simple,-5.375,False,1.34375,True
instruct,-5.375,False,-0.1875,False
complex,-5.375,False,1.28125,True
simple,-3.9375,False,1.375,True
instruct,-3.9375,False,-0.0625,False
complex,-3.9375,False,1.375,True
simple,-2.5625,False,1.3125,True
instruct,-2.5625,False,0.0,False
complex,-2.5625,False,1.25,True
simple,-5.25,False,1.1875,True
instruct,-5.25,False,0.25,True
complex,-5.25,False,1.1875,True
simple,-4.875,False,1.25,True
instruct,-4.875,False,0.0,False
complex,-4.875,False,1.09375,True
simple,-2.625,False,1.25,True
instruct,-2.625,False,0.125,True
complex,-2.625,False,1.1875,True
simple,-5.0625,False,1.0625,True
instruct,-5.0625,False,0.1875,True
complex,-5.0625,False,1.34375,True
simple,-3.0,False,1.28125,True
instruct,-3.0,False,0.125,True
complex,-3.0,False,1.28125,True
simple,-4.0625,False,1.3125,True
instruct,-4.0625,False,0.0,False
complex,-4.0625,False,1.1875,True
simple,-4.75,False,1.21875,True
instruct,-4.75,False,0.125,True
complex,-4.75,False,1.25,True
simple,-4.1875,False,1.21875,True
instruct,-4.1875,False,-0.25,False
complex,-4.1875,False,1.21875,True
simple,-4.5,False,1.28125,True
instruct,-4.5,False,0.0625,True
complex,-4.5,False,1.21875,True
simple,-4.4375,False,1.0625,True
instruct,-4.4375,False,-0.125,False
complex,-4.4375,False,1.125,True
simple,-5.1875,False,1.09375,True
instruct,-5.1875,False,-0.0625,False
complex,-5.1875,False,1.15625,True
simple,-5.8125,False,1.0625,True
instruct,-5.8125,False,-0.0625,False
complex,-5.8125,False,1.09375,True
simple,-3.8125,False,1.1875,True
instruct,-3.8125,False,-0.1875,False
complex,-3.8125,False,1.25,True
simple,-3.875,False,1.0,True
instruct,-3.875,False,0.25,True
complex,-3.875,False,1.1875,True
simple,-4.5625,False,1.28125,True
instruct,-4.5625,False,-0.125,False
complex,-4.5625,False,1.1875,True
simple,-4.3125,False,1.0625,True
instruct,-4.3125,False,0.0625,True
complex,-4.3125,False,1.21875,True
simple,-4.875,False,1.125,True
instruct,-4.875,False,0.1875,True
complex,-4.875,False,1.1875,True
simple,-4.6875,False,1.0625,True
instruct,-4.6875,False,0.3125,True
complex,-4.6875,False,1.15625,True
simple,-3.625,False,1.25,True
instruct,-3.625,False,0.25,True
complex,-3.625,False,1.21875,True
simple,-4.6875,False,1.125,True
instruct,-4.6875,False,0.0,False
complex,-4.6875,False,1.1875,True
simple,-4.625,False,1.0625,True
instruct,-4.625,False,0.25,True
complex,-4.625,False,1.25,True
simple,-4.25,False,1.28125,True
instruct,-4.25,False,-0.1875,False
complex,-4.25,False,1.28125,True
simple,-4.3125,False,1.1875,True
instruct,-4.3125,False,0.1875,True
complex,-4.3125,False,1.25,True
simple,-5.0,False,1.1875,True
instruct,-5.0,False,-0.0625,False
complex,-5.0,False,1.21875,True
simple,-4.125,False,1.1875,True
instruct,-4.125,False,0.1875,True
complex,-4.125,False,1.09375,True
simple,-4.9375,False,1.0625,True
instruct,-4.9375,False,0.25,True
complex,-4.9375,False,1.28125,True
simple,-2.8125,False,1.375,True
instruct,-2.8125,False,0.0625,True
complex,-2.8125,False,1.25,True
simple,-3.3125,False,1.1875,True
instruct,-3.3125,False,0.1875,True
complex,-3.3125,False,1.25,True
simple,-2.75,False,0.96875,True
instruct,-2.75,False,0.1875,True
complex,-2.75,False,1.21875,True
simple,-3.0625,False,1.125,True
instruct,-3.0625,False,-0.1875,False
complex,-3.0625,False,1.21875,True
simple,-4.8125,False,1.09375,True
instruct,-4.8125,False,0.0625,True
complex,-4.8125,False,1.09375,True
simple,-3.5625,False,1.15625,True
instruct,-3.5625,False,0.3125,True
complex,-3.5625,False,1.125,True
simple,-4.125,False,1.15625,True
instruct,-4.125,False,0.125,True
complex,-4.125,False,1.28125,True
simple,-4.625,False,1.1875,True
instruct,-4.625,False,0.0625,True
complex,-4.625,False,1.1875,True
simple,-3.0625,False,1.09375,True
instruct,-3.0625,False,0.0625,True
complex,-3.0625,False,1.3125,True
simple,-5.25,False,1.0625,True
instruct,-5.25,False,0.1875,True
complex,-5.25,False,1.25,True
simple,-5.8125,False,1.0625,True
instruct,-5.8125,False,0.125,True
complex,-5.8125,False,1.28125,True
simple,-4.75,False,1.1875,True
instruct,-4.75,False,0.375,True
complex,-4.75,False,1.3125,True
simple,-5.125,False,1.1875,True
instruct,-5.125,False,0.125,True
complex,-5.125,False,1.15625,True
simple,-5.375,False,1.03125,True
instruct,-5.375,False,0.3125,True
complex,-5.375,False,1.28125,True
simple,-4.75,False,1.34375,True
instruct,-4.75,False,-0.3125,False
complex,-4.75,False,1.21875,True
simple,-5.0,False,1.125,True
instruct,-5.0,False,0.0625,True
complex,-5.0,False,1.25,True
simple,-3.6875,False,1.1875,True
instruct,-3.6875,False,-0.0625,False
complex,-3.6875,False,1.25,True
simple,-3.125,False,1.0,True
instruct,-3.125,False,0.5,True
complex,-3.125,False,1.21875,True
simple,-4.375,False,1.1875,True
instruct,-4.375,False,0.0625,True
complex,-4.375,False,1.1875,True
simple,-4.625,False,1.125,True
instruct,-4.625,False,0.1875,True
complex,-4.625,False,1.21875,True
simple,-2.875,False,1.125,True
instruct,-2.875,False,0.3125,True
complex,-2.875,False,1.40625,True
simple,-4.75,False,1.0625,True
instruct,-4.75,False,0.0625,True
complex,-4.75,False,1.125,True
simple,-4.6875,False,1.15625,True
instruct,-4.6875,False,0.0,False
complex,-4.6875,False,1.125,True
simple,-3.8125,False,1.21875,True
instruct,-3.8125,False,0.125,True
complex,-3.8125,False,1.28125,True
simple,-4.3125,False,1.21875,True
instruct,-4.3125,False,0.25,True
complex,-4.3125,False,1.125,True
simple,-3.5625,False,1.34375,True
instruct,-3.5625,False,0.0,False
complex,-3.5625,False,1.28125,True
simple,-4.5625,False,1.125,True
instruct,-4.5625,False,0.1875,True
complex,-4.5625,False,1.21875,True
simple,-3.625,False,1.28125,True
instruct,-3.625,False,0.0,False
complex,-3.625,False,1.3125,True
simple,-3.6875,False,1.25,True
instruct,-3.6875,False,0.0625,True
complex,-3.6875,False,1.15625,True
simple,-3.3125,False,1.625,True
instruct,-3.3125,False,0.125,True
complex,-3.3125,False,1.1875,True
simple,-3.0,False,1.25,True
instruct,-3.0,False,0.0,False
complex,-3.0,False,1.3125,True
simple,-3.75,False,1.1875,True
instruct,-3.75,False,-0.25,False
complex,-3.75,False,1.15625,True
simple,-3.0,False,1.25,True
instruct,-3.0,False,0.0625,True
complex,-3.0,False,1.28125,True
simple,-2.875,False,1.15625,True
instruct,-2.875,False,0.0,False
complex,-2.875,False,1.125,True
simple,-4.875,False,1.125,True
instruct,-4.875,False,-0.0625,False
complex,-4.875,False,1.125,True
simple,-4.4375,False,1.0625,True
instruct,-4.4375,False,0.25,True
complex,-4.4375,False,1.21875,True
simple,-3.5,False,1.0625,True
instruct,-3.5,False,0.0,False
complex,-3.5,False,1.3125,True
simple,-3.1875,False,1.0,True
instruct,-3.1875,False,0.1875,True
complex,-3.1875,False,1.15625,True
simple,-4.3125,False,1.3125,True
instruct,-4.3125,False,-0.0625,False
complex,-4.3125,False,1.1875,True
simple,-4.1875,False,1.25,True
instruct,-4.1875,False,0.0625,True
complex,-4.1875,False,1.25,True
simple,-3.625,False,1.3125,True
instruct,-3.625,False,0.0625,True
complex,-3.625,False,1.375,True
simple,-4.75,False,1.125,True
instruct,-4.75,False,0.1875,True
complex,-4.75,False,1.46875,True
simple,-2.0625,False,1.0625,True
instruct,-2.0625,False,0.0625,True
complex,-2.0625,False,1.15625,True
simple,-4.5,False,1.25,True
instruct,-4.5,False,0.0625,True
complex,-4.5,False,1.375,True
simple,-5.0625,False,1.0,True
instruct,-5.0625,False,0.125,True
complex,-5.0625,False,1.15625,True
simple,-4.3125,False,1.03125,True
instruct,-4.3125,False,-0.125,False
complex,-4.3125,False,1.09375,True
simple,-3.4375,False,1.25,True
instruct,-3.4375,False,0.125,True
complex,-3.4375,False,1.15625,True
simple,-3.875,False,1.09375,True
instruct,-3.875,False,0.1875,True
complex,-3.875,False,1.28125,True
simple,-2.5,False,1.1875,True
instruct,-2.5,False,0.125,True
complex,-2.5,False,1.21875,True
simple,-3.75,False,1.0625,True
instruct,-3.75,False,0.375,True
complex,-3.75,False,1.3125,True
simple,-3.9375,False,1.0625,True
instruct,-3.9375,False,0.1875,True
complex,-3.9375,False,1.15625,True
simple,-3.3125,False,1.09375,True
instruct,-3.3125,False,0.125,True
complex,-3.3125,False,1.375,True
simple,-5.1875,False,1.15625,True
instruct,-5.1875,False,0.0,False
complex,-5.1875,False,1.1875,True
simple,-4.4375,False,1.375,True
instruct,-4.4375,False,-0.0625,False
complex,-4.4375,False,1.125,True
simple,-4.1875,False,0.9375,True
instruct,-4.1875,False,0.25,True
complex,-4.1875,False,1.40625,True
simple,-5.75,False,1.125,True
instruct,-5.75,False,0.125,True
complex,-5.75,False,1.1875,True
simple,-3.1875,False,0.9375,True
instruct,-3.1875,False,0.3125,True
complex,-3.1875,False,1.3125,True
simple,-18.1875,False,1.28125,True
instruct,-18.1875,False,0.0,False
complex,-18.1875,False,1.375,True
simple,-5.625,False,1.09375,True
instruct,-5.625,False,0.1875,True
complex,-5.625,False,1.28125,True
simple,-3.75,False,1.0625,True
instruct,-3.75,False,0.125,True
complex,-3.75,False,1.375,True
simple,-2.4375,False,1.09375,True
instruct,-2.4375,False,0.3125,True
complex,-2.4375,False,1.25,True
simple,-4.6875,False,1.125,True
instruct,-4.6875,False,0.0,False
complex,-4.6875,False,1.09375,True
simple,-1.375,False,1.125,True
instruct,-1.375,False,0.3125,True
complex,-1.375,False,1.53125,True
simple,-1.9375,False,1.0,True
instruct,-1.9375,False,0.125,True
complex,-1.9375,False,1.4375,True
simple,-3.25,False,1.15625,True
instruct,-3.25,False,-0.25,False
complex,-3.25,False,1.28125,True
simple,-5.625,False,1.125,True
instruct,-5.625,False,0.25,True
complex,-5.625,False,1.09375,True
simple,-4.3125,False,1.0,True
instruct,-4.3125,False,0.3125,True
complex,-4.3125,False,1.375,True
simple,-4.0,False,1.21875,True
instruct,-4.0,False,0.125,True
complex,-4.0,False,1.3125,True
simple,-3.625,False,1.09375,True
instruct,-3.625,False,0.125,True
complex,-3.625,False,1.28125,True
simple,-5.8125,False,1.09375,True
instruct,-5.8125,False,0.3125,True
complex,-5.8125,False,1.1875,True
simple,-14.5625,False,1.3125,True
instruct,-14.5625,False,0.25,True
complex,-14.5625,False,1.28125,True
simple,-14.0625,False,1.34375,True
instruct,-14.0625,False,0.5625,True
complex,-14.0625,False,1.375,True
simple,-13.59375,False,1.5,True
instruct,-13.59375,False,0.375,True
complex,-13.59375,False,1.1875,True
simple,-13.75,False,1.28125,True
instruct,-13.75,False,0.625,True
complex,-13.75,False,1.25,True
simple,-13.84375,False,1.34375,True
instruct,-13.84375,False,0.375,True
complex,-13.84375,False,1.15625,True
simple,-14.1875,False,1.28125,True
instruct,-14.1875,False,0.4375,True
complex,-14.1875,False,1.1875,True
simple,-13.625,False,1.53125,True
instruct,-13.625,False,0.5,True
complex,-13.625,False,1.21875,True
simple,-13.65625,False,1.5,True
instruct,-13.65625,False,0.5625,True
complex,-13.65625,False,1.40625,True
simple,-14.625,False,1.3125,True
instruct,-14.625,False,0.5,True
complex,-14.625,False,1.5,True
simple,-14.5625,False,1.25,True
instruct,-14.5625,False,0.375,True
complex,-14.5625,False,1.21875,True
simple,-13.125,False,1.46875,True
instruct,-13.125,False,0.5625,True
complex,-13.125,False,1.25,True
simple,-14.1875,False,1.4375,True
instruct,-14.1875,False,0.625,True
complex,-14.1875,False,1.375,True
simple,-12.75,False,1.375,True
instruct,-12.75,False,0.5625,True
complex,-12.75,False,1.34375,True
simple,-10.5,False,1.375,True
instruct,-10.5,False,0.625,True
complex,-10.5,False,1.25,True
simple,-14.5625,False,1.21875,True
instruct,-14.5625,False,0.4375,True
complex,-14.5625,False,1.21875,True
simple,-12.6875,False,1.0625,True
instruct,-12.6875,False,0.0625,True
complex,-12.6875,False,1.25,True
simple,-12.75,False,1.34375,True
instruct,-12.75,False,0.1875,True
complex,-12.75,False,1.15625,True
simple,-13.4375,False,1.34375,True
instruct,-13.4375,False,0.3125,True
complex,-13.4375,False,1.21875,True
simple,-12.84375,False,1.25,True
instruct,-12.84375,False,0.25,True
complex,-12.84375,False,1.1875,True
simple,-12.1875,False,1.34375,True
instruct,-12.1875,False,0.4375,True
complex,-12.1875,False,1.28125,True
simple,-11.6875,False,1.375,True
instruct,-11.6875,False,0.625,True
complex,-11.6875,False,1.0625,True
simple,-11.5625,False,0.96875,True
instruct,-11.5625,False,0.0625,True
complex,-11.5625,False,1.21875,True
simple,-13.1875,False,1.21875,True
instruct,-13.1875,False,-0.125,False
complex,-13.1875,False,0.96875,True
simple,-12.625,False,1.09375,True
instruct,-12.625,False,0.3125,True
complex,-12.625,False,1.25,True
simple,-13.96875,False,1.0,True
instruct,-13.96875,False,-0.125,False
complex,-13.96875,False,1.09375,True
simple,-14.46875,False,1.1875,True
instruct,-14.46875,False,0.5,True
complex,-14.46875,False,1.25,True
simple,-14.40625,False,1.34375,True
instruct,-14.40625,False,0.5,True
complex,-14.40625,False,1.375,True
simple,-12.9375,False,1.4375,True
instruct,-12.9375,False,0.3125,True
complex,-12.9375,False,1.21875,True
simple,-14.25,False,1.28125,True
instruct,-14.25,False,0.5,True
complex,-14.25,False,1.28125,True
simple,-13.1875,False,1.40625,True
instruct,-13.1875,False,0.375,True
complex,-13.1875,False,1.125,True
simple,-13.6875,False,1.40625,True
instruct,-13.6875,False,0.4375,True
complex,-13.6875,False,1.40625,True
simple,-13.5625,False,1.0625,True
instruct,-13.5625,False,-0.0625,False
complex,-13.5625,False,0.65625,True
simple,-13.40625,False,1.3125,True
instruct,-13.40625,False,0.5625,True
complex,-13.40625,False,1.4375,True
simple,-13.1875,False,1.375,True
instruct,-13.1875,False,0.8125,True
complex,-13.1875,False,1.1875,True
simple,-13.375,False,1.4375,True
instruct,-13.375,False,0.4375,True
complex,-13.375,False,1.03125,True
simple,-10.4375,False,1.125,True
instruct,-10.4375,False,-0.1875,False
complex,-10.4375,False,1.0625,True
simple,-15.0625,False,1.34375,True
instruct,-15.0625,False,-0.125,False
complex,-15.0625,False,0.875,True
simple,-11.875,False,1.0625,True
instruct,-11.875,False,0.25,True
complex,-11.875,False,1.15625,True
simple,-14.1875,False,1.1875,True
instruct,-14.1875,False,0.3125,True
complex,-14.1875,False,0.96875,True
simple,-11.875,False,1.21875,True
instruct,-11.875,False,-0.125,False
complex,-11.875,False,0.875,True
simple,-10.625,False,1.03125,True
instruct,-10.625,False,0.25,True
complex,-10.625,False,0.8125,True
simple,-13.0625,False,1.3125,True
instruct,-13.0625,False,0.5625,True
complex,-13.0625,False,1.0,True
simple,-13.875,False,1.21875,True
instruct,-13.875,False,0.0625,True
complex,-13.875,False,1.03125,True
simple,-11.875,False,1.0625,True
instruct,-11.875,False,-0.0625,False
complex,-11.875,False,1.03125,True
simple,-12.0,False,1.125,True
instruct,-12.0,False,-0.0625,False
complex,-12.0,False,0.9375,True
simple,-13.375,False,1.375,True
instruct,-13.375,False,0.75,True
complex,-13.375,False,1.3125,True
simple,-13.1875,False,1.09375,True
instruct,-13.1875,False,0.25,True
complex,-13.1875,False,1.125,True
simple,-14.28125,False,1.25,True
instruct,-14.28125,False,0.3125,True
complex,-14.28125,False,1.28125,True
simple,-13.3125,False,1.375,True
instruct,-13.3125,False,0.4375,True
complex,-13.3125,False,1.03125,True
simple,-13.125,False,1.25,True
instruct,-13.125,False,0.3125,True
complex,-13.125,False,1.09375,True
simple,-12.75,False,1.28125,True
instruct,-12.75,False,0.5625,True
complex,-12.75,False,1.0,True
simple,-10.625,False,1.0625,True
instruct,-10.625,False,-0.125,False
complex,-10.625,False,1.09375,True
simple,-12.1875,False,1.125,True
instruct,-12.1875,False,0.0,False
complex,-12.1875,False,0.8125,True
simple,-10.375,False,1.09375,True
instruct,-10.375,False,-0.0625,False
complex,-10.375,False,1.03125,True
simple,-10.75,False,1.3125,True
instruct,-10.75,False,0.375,True
complex,-10.75,False,1.0625,True
simple,-13.0,False,1.09375,True
instruct,-13.0,False,0.25,True
complex,-13.0,False,1.09375,True
simple,-12.0625,False,1.15625,True
instruct,-12.0625,False,0.3125,True
complex,-12.0625,False,1.125,True
simple,-12.25,False,1.4375,True
instruct,-12.25,False,0.5,True
complex,-12.25,False,1.21875,True
simple,-13.875,False,1.21875,True
instruct,-13.875,False,-0.0625,False
complex,-13.875,False,1.0,True
simple,-13.8125,False,1.46875,True
instruct,-13.8125,False,0.5,True
complex,-13.8125,False,1.1875,True
simple,-11.0,False,1.28125,True
instruct,-11.0,False,0.375,True
complex,-11.0,False,1.15625,True
simple,-13.5625,False,1.28125,True
instruct,-13.5625,False,0.3125,True
complex,-13.5625,False,1.125,True
simple,-11.8125,False,1.09375,True
instruct,-11.8125,False,0.1875,True
complex,-11.8125,False,1.15625,True
simple,-10.8125,False,1.375,True
instruct,-10.8125,False,0.4375,True
complex,-10.8125,False,1.09375,True
simple,-13.3125,False,1.40625,True
instruct,-13.3125,False,0.6875,True
complex,-13.3125,False,1.4375,True
simple,-15.25,False,0.65625,True
instruct,-15.25,False,0.0,False
complex,-15.25,False,1.1875,True
simple,-13.375,False,1.3125,True
instruct,-13.375,False,-0.0625,False
complex,-13.375,False,1.1875,True
simple,-16.0,False,1.0,True
instruct,-16.0,False,0.0,False
complex,-16.0,False,1.09375,True
simple,-12.4375,False,1.1875,True
instruct,-12.4375,False,0.125,True
complex,-12.4375,False,1.03125,True
simple,-12.5,False,1.15625,True
instruct,-12.5,False,0.0625,True
complex,-12.5,False,1.09375,True
simple,-15.0,False,1.25,True
instruct,-15.0,False,0.125,True
complex,-15.0,False,1.15625,True
simple,-14.1875,False,1.0,True
instruct,-14.1875,False,0.1875,True
complex,-14.1875,False,1.4375,True
simple,-12.375,False,1.46875,True
instruct,-12.375,False,0.5,True
complex,-12.375,False,1.25,True
simple,-15.0625,False,1.1875,True
instruct,-15.0625,False,0.4375,True
complex,-15.0625,False,1.3125,True
simple,-13.75,False,1.15625,True
instruct,-13.75,False,0.1875,True
complex,-13.75,False,1.09375,True
simple,-10.8125,False,1.09375,True
instruct,-10.8125,False,-0.1875,False
complex,-10.8125,False,0.84375,True
simple,-13.625,False,0.9375,True
instruct,-13.625,False,0.125,True
complex,-13.625,False,1.15625,True
simple,-9.3125,False,1.21875,True
instruct,-9.3125,False,0.5,True
complex,-9.3125,False,1.09375,True
simple,-11.375,False,0.96875,True
instruct,-11.375,False,-0.0625,False
complex,-11.375,False,0.71875,True
simple,-11.375,False,1.0625,True
instruct,-11.375,False,0.25,True
complex,-11.375,False,0.9375,True
simple,-12.875,False,1.4375,True
instruct,-12.875,False,0.4375,True
complex,-12.875,False,1.1875,True
simple,-14.0625,False,1.3125,True
instruct,-14.0625,False,0.3125,True
complex,-14.0625,False,1.15625,True
simple,-13.8125,False,1.125,True
instruct,-13.8125,False,-0.125,False
complex,-13.8125,False,0.84375,True
simple,-11.1875,False,1.03125,True
instruct,-11.1875,False,-0.1875,False
complex,-11.1875,False,0.96875,True
simple,-14.9375,False,1.59375,True
instruct,-14.9375,False,0.6875,True
complex,-14.9375,False,1.21875,True
simple,-13.875,False,1.0625,True
instruct,-13.875,False,0.0625,True
complex,-13.875,False,1.28125,True
simple,-11.0,False,0.8125,True
instruct,-11.0,False,0.375,True
complex,-11.0,False,1.15625,True
simple,-13.9375,False,1.40625,True
instruct,-13.9375,False,0.375,True
complex,-13.9375,False,1.21875,True
simple,-10.75,False,1.28125,True
instruct,-10.75,False,0.5,True
complex,-10.75,False,1.125,True
simple,-13.0625,False,1.25,True
instruct,-13.0625,False,0.375,True
complex,-13.0625,False,1.15625,True
simple,-12.6875,False,1.15625,True
instruct,-12.6875,False,0.1875,True
complex,-12.6875,False,1.3125,True
simple,-12.0,False,1.3125,True
instruct,-12.0,False,0.125,True
complex,-12.0,False,1.09375,True
simple,-13.3125,False,1.53125,True
instruct,-13.3125,False,0.1875,True
complex,-13.3125,False,1.28125,True
simple,-12.1875,False,1.25,True
instruct,-12.1875,False,0.1875,True
complex,-12.1875,False,0.90625,True
simple,-12.4375,False,0.96875,True
instruct,-12.4375,False,0.125,True
complex,-12.4375,False,1.1875,True
simple,-11.875,False,0.9375,True
instruct,-11.875,False,0.375,True
complex,-11.875,False,1.09375,True
simple,-11.375,False,1.34375,True
instruct,-11.375,False,0.3125,True
complex,-11.375,False,1.0,True
simple,-13.3125,False,1.28125,True
instruct,-13.3125,False,0.1875,True
complex,-13.3125,False,1.21875,True
simple,-15.25,False,1.28125,True
instruct,-15.25,False,0.1875,True
complex,-15.25,False,1.09375,True
simple,-13.8125,False,1.15625,True
instruct,-13.8125,False,0.5,True
complex,-13.8125,False,1.03125,True
simple,-6.5625,False,1.03125,True
instruct,-6.5625,False,0.0625,True
complex,-6.5625,False,1.5,True
simple,-6.5625,False,1.1875,True
instruct,-6.5625,False,0.0625,True
complex,-6.5625,False,1.46875,True
simple,-5.75,False,1.21875,True
instruct,-5.75,False,0.375,True
complex,-5.75,False,1.59375,True
simple,-6.375,False,1.0,True
instruct,-6.375,False,0.25,True
complex,-6.375,False,1.5625,True
simple,-7.0,False,1.125,True
instruct,-7.0,False,0.125,True
complex,-7.0,False,1.46875,True
simple,-6.3125,False,1.125,True
instruct,-6.3125,False,0.125,True
complex,-6.3125,False,1.59375,True
simple,-6.5,False,1.21875,True
instruct,-6.5,False,0.3125,True
complex,-6.5,False,1.40625,True
simple,-6.5,False,1.15625,True
instruct,-6.5,False,0.125,True
complex,-6.5,False,1.5,True
simple,-6.875,False,1.1875,True
instruct,-6.875,False,0.25,True
complex,-6.875,False,1.4375,True
simple,-6.6875,False,1.1875,True
instruct,-6.6875,False,0.3125,True
complex,-6.6875,False,1.5,True
simple,-6.6875,False,0.96875,True
instruct,-6.6875,False,-0.0625,False
complex,-6.6875,False,1.65625,True
simple,-6.1875,False,0.96875,True
instruct,-6.1875,False,0.0625,True
complex,-6.1875,False,1.53125,True
simple,-7.3125,False,1.03125,True
instruct,-7.3125,False,0.0625,True
complex,-7.3125,False,1.46875,True
simple,-6.96875,False,0.90625,True
instruct,-6.96875,False,0.0625,True
complex,-6.96875,False,1.4375,True
simple,-6.1875,False,1.03125,True
instruct,-6.1875,False,0.125,True
complex,-6.1875,False,1.46875,True
simple,-8.125,False,1.15625,True
instruct,-8.125,False,0.0625,True
complex,-8.125,False,1.40625,True
simple,-6.3125,False,1.125,True
instruct,-6.3125,False,0.0,False
complex,-6.3125,False,1.28125,True
simple,-7.5,False,1.09375,True
instruct,-7.5,False,0.0625,True
complex,-7.5,False,1.5,True
simple,-7.125,False,1.1875,True
instruct,-7.125,False,0.1875,True
complex,-7.125,False,1.40625,True
simple,-7.125,False,1.15625,True
instruct,-7.125,False,0.1875,True
complex,-7.125,False,1.4375,True
simple,-7.5625,False,1.0,True
instruct,-7.5625,False,0.125,True
complex,-7.5625,False,1.4375,True
simple,-6.0,False,0.96875,True
instruct,-6.0,False,0.125,True
complex,-6.0,False,1.5,True
simple,-8.25,False,1.125,True
instruct,-8.25,False,0.1875,True
complex,-8.25,False,1.4375,True
simple,-6.625,False,1.0625,True
instruct,-6.625,False,0.25,True
complex,-6.625,False,1.34375,True
simple,-6.9375,False,0.9375,True
instruct,-6.9375,False,0.25,True
complex,-6.9375,False,1.46875,True
simple,-7.0625,False,1.1875,True
instruct,-7.0625,False,0.3125,True
complex,-7.0625,False,1.40625,True
simple,-6.25,False,1.1875,True
instruct,-6.25,False,0.25,True
complex,-6.25,False,1.4375,True
simple,-6.6875,False,1.03125,True
instruct,-6.6875,False,-0.0625,False
complex,-6.6875,False,1.34375,True
simple,-5.75,False,1.0625,True
instruct,-5.75,False,-0.0625,False
complex,-5.75,False,1.46875,True
simple,-6.0625,False,0.90625,True
instruct,-6.0625,False,0.3125,True
complex,-6.0625,False,1.4375,True
simple,-6.875,False,1.21875,True
instruct,-6.875,False,0.3125,True
complex,-6.875,False,1.34375,True
simple,-6.8125,False,1.15625,True
instruct,-6.8125,False,0.3125,True
complex,-6.8125,False,1.5,True
simple,-6.6875,False,1.03125,True
instruct,-6.6875,False,0.375,True
complex,-6.6875,False,1.5,True
simple,-7.8125,False,1.0625,True
instruct,-7.8125,False,0.0625,True
complex,-7.8125,False,1.1875,True
simple,-6.9375,False,1.1875,True
instruct,-6.9375,False,0.0625,True
complex,-6.9375,False,1.3125,True
simple,-6.1875,False,0.90625,True
instruct,-6.1875,False,0.125,True
complex,-6.1875,False,1.5625,True
simple,-5.5,False,1.0625,True
instruct,-5.5,False,-0.25,False
complex,-5.5,False,1.5,True
simple,-5.5,False,1.0,True
instruct,-5.5,False,0.125,True
complex,-5.5,False,1.40625,True
simple,-7.875,False,1.28125,True
instruct,-7.875,False,0.1875,True
complex,-7.875,False,1.4375,True
simple,-6.875,False,0.96875,True
instruct,-6.875,False,0.1875,True
complex,-6.875,False,1.5,True
simple,-7.0,False,1.15625,True
instruct,-7.0,False,0.25,True
complex,-7.0,False,1.5,True
simple,-7.8125,False,1.25,True
instruct,-7.8125,False,0.1875,True
complex,-7.8125,False,1.34375,True
simple,-6.9375,False,0.96875,True
instruct,-6.9375,False,0.1875,True
complex,-6.9375,False,1.4375,True
simple,-6.75,False,1.03125,True
instruct,-6.75,False,-0.0625,False
complex,-6.75,False,1.3125,True
simple,-5.5625,False,1.3125,True
instruct,-5.5625,False,0.1875,True
complex,-5.5625,False,1.34375,True
simple,-6.0625,False,1.03125,True
instruct,-6.0625,False,0.25,True
complex,-6.0625,False,1.4375,True
simple,-6.3125,False,0.875,True
instruct,-6.3125,False,0.0625,True
complex,-6.3125,False,1.4375,True
simple,-7.3125,False,1.0625,True
instruct,-7.3125,False,0.3125,True
complex,-7.3125,False,1.25,True
simple,-6.1875,False,1.03125,True
instruct,-6.1875,False,0.3125,True
complex,-6.1875,False,1.375,True
simple,-7.375,False,1.0,True
instruct,-7.375,False,0.3125,True
complex,-7.375,False,1.53125,True
simple,-6.1875,False,0.875,True
instruct,-6.1875,False,0.0,False
complex,-6.1875,False,1.3125,True
simple,-6.8125,False,0.90625,True
instruct,-6.8125,False,0.25,True
complex,-6.8125,False,1.375,True
simple,-7.1875,False,1.125,True
instruct,-7.1875,False,0.0625,True
complex,-7.1875,False,1.34375,True
simple,-6.625,False,1.0625,True
instruct,-6.625,False,0.125,True
complex,-6.625,False,1.3125,True
simple,-7.0625,False,0.9375,True
instruct,-7.0625,False,0.1875,True
complex,-7.0625,False,1.375,True
simple,-6.0625,False,0.9375,True
instruct,-6.0625,False,0.25,True
complex,-6.0625,False,1.4375,True
simple,-6.4375,False,1.0625,True
instruct,-6.4375,False,0.25,True
complex,-6.4375,False,1.40625,True
simple,-6.625,False,1.3125,True
instruct,-6.625,False,0.1875,True
complex,-6.625,False,1.25,True
simple,-6.25,False,1.375,True
instruct,-6.25,False,0.3125,True
complex,-6.25,False,1.25,True
simple,-7.9375,False,1.03125,True
instruct,-7.9375,False,0.25,True
complex,-7.9375,False,1.46875,True
simple,-6.125,False,1.0625,True
instruct,-6.125,False,0.25,True
complex,-6.125,False,1.375,True
simple,-7.6875,False,0.96875,True
instruct,-7.6875,False,0.3125,True
complex,-7.6875,False,1.375,True
simple,-7.0625,False,1.0625,True
instruct,-7.0625,False,0.125,True
complex,-7.0625,False,1.5625,True
simple,-6.625,False,1.03125,True
instruct,-6.625,False,0.25,True
complex,-6.625,False,1.53125,True
simple,-6.125,False,1.25,True
instruct,-6.125,False,0.3125,True
complex,-6.125,False,1.5,True
simple,-7.625,False,0.75,True
instruct,-7.625,False,0.0625,True
complex,-7.625,False,1.4375,True
simple,-7.0,False,1.03125,True
instruct,-7.0,False,0.0625,True
complex,-7.0,False,1.375,True
simple,-4.9375,False,1.125,True
instruct,-4.9375,False,0.0625,True
complex,-4.9375,False,1.5,True
simple,-7.9375,False,1.15625,True
instruct,-7.9375,False,0.0625,True
complex,-7.9375,False,1.3125,True
simple,-6.5,False,1.625,True
instruct,-6.5,False,0.375,True
complex,-6.5,False,1.28125,True
simple,-6.875,False,1.25,True
instruct,-6.875,False,0.125,True
complex,-6.875,False,1.28125,True
simple,-5.375,False,1.15625,True
instruct,-5.375,False,0.3125,True
complex,-5.375,False,1.5,True
simple,-6.5625,False,1.25,True
instruct,-6.5625,False,0.375,True
complex,-6.5625,False,1.28125,True
simple,-8.0,False,1.1875,True
instruct,-8.0,False,0.375,True
complex,-8.0,False,1.40625,True
simple,-5.8125,False,1.0,True
instruct,-5.8125,False,0.1875,True
complex,-5.8125,False,1.25,True
simple,-6.4375,False,1.03125,True
instruct,-6.4375,False,0.1875,True
complex,-6.4375,False,1.28125,True
simple,-7.125,False,0.90625,True
instruct,-7.125,False,0.1875,True
complex,-7.125,False,1.4375,True
simple,-5.9375,False,1.09375,True
instruct,-5.9375,False,0.375,True
complex,-5.9375,False,1.5,True
simple,-6.0,False,1.15625,True
instruct,-6.0,False,0.125,True
complex,-6.0,False,1.5,True
simple,-5.375,False,1.21875,True
instruct,-5.375,False,0.0625,True
complex,-5.375,False,1.3125,True
simple,-5.9375,False,1.03125,True
instruct,-5.9375,False,0.0625,True
complex,-5.9375,False,1.0625,True
simple,-6.5625,False,1.1875,True
instruct,-6.5625,False,0.5,True
complex,-6.5625,False,1.53125,True
simple,-6.75,False,1.0625,True
instruct,-6.75,False,-0.0625,False
complex,-6.75,False,1.25,True
simple,-7.0625,False,1.03125,True
instruct,-7.0625,False,0.25,True
complex,-7.0625,False,1.4375,True
simple,-7.625,False,0.875,True
instruct,-7.625,False,0.125,True
complex,-7.625,False,1.40625,True
simple,-7.25,False,1.03125,True
instruct,-7.25,False,0.125,True
complex,-7.25,False,1.3125,True
simple,-7.0625,False,0.9375,True
instruct,-7.0625,False,0.0,False
complex,-7.0625,False,1.3125,True
simple,-5.375,False,1.125,True
instruct,-5.375,False,0.1875,True
complex,-5.375,False,1.40625,True
simple,-5.625,False,0.9375,True
instruct,-5.625,False,0.25,True
complex,-5.625,False,1.53125,True
simple,-6.6875,False,1.125,True
instruct,-6.6875,False,0.3125,True
complex,-6.6875,False,1.5,True
simple,-6.625,False,1.0,True
instruct,-6.625,False,-0.125,False
complex,-6.625,False,1.28125,True
simple,-6.25,False,0.96875,True
instruct,-6.25,False,-0.125,False
complex,-6.25,False,1.25,True
simple,-7.3125,False,0.90625,True
instruct,-7.3125,False,-0.125,False
complex,-7.3125,False,1.3125,True
simple,-6.75,False,1.21875,True
instruct,-6.75,False,-0.1875,False
complex,-6.75,False,1.1875,True
simple,-7.125,False,1.21875,True
instruct,-7.125,False,0.3125,True
complex,-7.125,False,1.40625,True
simple,-6.125,False,1.25,True
instruct,-6.125,False,0.4375,True
complex,-6.125,False,1.40625,True
simple,-6.0,False,1.125,True
instruct,-6.0,False,0.3125,True
complex,-6.0,False,1.40625,True
simple,-5.0625,False,1.09375,True
instruct,-5.0625,False,0.125,True
complex,-5.0625,False,1.46875,True
simple,-6.5625,False,1.03125,True
instruct,-6.5625,False,0.125,True
complex,-6.5625,False,1.5,True
simple,-6.25,False,1.15625,True
instruct,-6.25,False,0.25,True
complex,-6.25,False,1.25,True
simple,-3.8125,False,0.8125,True
instruct,-3.8125,False,-0.3125,False
complex,-3.8125,False,1.28125,True
simple,-3.4375,False,0.84375,True
instruct,-3.4375,False,-0.3125,False
complex,-3.4375,False,1.1875,True
simple,-3.25,False,0.8125,True
instruct,-3.25,False,-0.0625,False
complex,-3.25,False,1.375,True
simple,-5.1875,False,1.0,True
instruct,-5.1875,False,0.0625,True
complex,-5.1875,False,1.46875,True
simple,-3.25,False,0.8125,True
instruct,-3.25,False,-0.0625,False
complex,-3.25,False,1.40625,True
simple,-3.875,False,0.6875,True
instruct,-3.875,False,-0.1875,False
complex,-3.875,False,1.46875,True
simple,-3.0625,False,0.625,True
instruct,-3.0625,False,-0.125,False
complex,-3.0625,False,1.34375,True
simple,-5.375,False,0.75,True
instruct,-5.375,False,-0.125,False
complex,-5.375,False,1.5,True
simple,-3.9375,False,0.96875,True
instruct,-3.9375,False,-0.125,False
complex,-3.9375,False,1.46875,True
simple,-3.6875,False,0.78125,True
instruct,-3.6875,False,-0.375,False
complex,-3.6875,False,1.46875,True
simple,-3.5625,False,0.78125,True
instruct,-3.5625,False,-0.0625,False
complex,-3.5625,False,1.375,True
simple,-3.9375,False,0.90625,True
instruct,-3.9375,False,0.0,False
complex,-3.9375,False,1.46875,True
simple,-3.4375,False,0.84375,True
instruct,-3.4375,False,0.0625,True
complex,-3.4375,False,1.34375,True
simple,-2.8125,False,0.75,True
instruct,-2.8125,False,-0.3125,False
complex,-2.8125,False,1.28125,True
simple,-4.8125,False,0.875,True
instruct,-4.8125,False,-0.0625,False
complex,-4.8125,False,1.4375,True
simple,-3.4375,False,0.78125,True
instruct,-3.4375,False,0.0,False
complex,-3.4375,False,1.3125,True
simple,-4.625,False,0.9375,True
instruct,-4.625,False,-0.3125,False
complex,-4.625,False,1.375,True
simple,-5.0625,False,0.875,True
instruct,-5.0625,False,-0.375,False
complex,-5.0625,False,1.0625,True
simple,-5.3125,False,0.65625,True
instruct,-5.3125,False,-0.4375,False
complex,-5.3125,False,1.53125,True
simple,-2.625,False,0.71875,True
instruct,-2.625,False,-0.3125,False
complex,-2.625,False,1.25,True
simple,-2.75,False,0.78125,True
instruct,-2.75,False,-0.3125,False
complex,-2.75,False,1.40625,True
simple,-4.46875,False,0.6875,True
instruct,-4.46875,False,-0.25,False
complex,-4.46875,False,1.375,True
simple,-1.875,False,0.75,True
instruct,-1.875,False,-0.5,False
complex,-1.875,False,0.96875,True
simple,-5.5,False,0.8125,True
instruct,-5.5,False,0.125,True
complex,-5.5,False,1.46875,True
simple,-4.6875,False,0.90625,True
instruct,-4.6875,False,-0.1875,False
complex,-4.6875,False,1.25,True
simple,-4.1875,False,0.6875,True
instruct,-4.1875,False,-0.3125,False
complex,-4.1875,False,1.21875,True
simple,-4.0,False,0.84375,True
instruct,-4.0,False,-0.0625,False
complex,-4.0,False,1.25,True
simple,-4.4375,False,0.75,True
instruct,-4.4375,False,0.0625,True
complex,-4.4375,False,1.4375,True
simple,-3.5625,False,0.84375,True
instruct,-3.5625,False,-0.0625,False
complex,-3.5625,False,1.53125,True
simple,-4.4375,False,0.75,True
instruct,-4.4375,False,-0.0625,False
complex,-4.4375,False,1.40625,True
simple,-3.4375,False,0.75,True
instruct,-3.4375,False,0.0,False
complex,-3.4375,False,1.28125,True
simple,-7.1875,False,1.03125,True
instruct,-7.1875,False,0.1875,True
complex,-7.1875,False,1.375,True
simple,-5.5,False,0.90625,True
instruct,-5.5,False,0.0,False
complex,-5.5,False,1.4375,True
simple,-3.8125,False,1.0625,True
instruct,-3.8125,False,0.25,True
complex,-3.8125,False,1.3125,True
simple,-4.1875,False,0.90625,True
instruct,-4.1875,False,0.125,True
complex,-4.1875,False,1.46875,True
simple,-3.6875,False,0.84375,True
instruct,-3.6875,False,0.0625,True
complex,-3.6875,False,1.40625,True
simple,-4.125,False,0.875,True
instruct,-4.125,False,0.0,False
complex,-4.125,False,1.25,True
simple,-3.375,False,0.84375,True
instruct,-3.375,False,-0.0625,False
complex,-3.375,False,1.28125,True
simple,-2.375,False,0.84375,True
instruct,-2.375,False,-0.0625,False
complex,-2.375,False,1.40625,True
simple,-3.3125,False,0.8125,True
instruct,-3.3125,False,-0.3125,False
complex,-3.3125,False,1.4375,True
simple,-2.6875,False,0.90625,True
instruct,-2.6875,False,0.0625,True
complex,-2.6875,False,1.4375,True
simple,-4.1875,False,0.6875,True
instruct,-4.1875,False,-0.0625,False
complex,-4.1875,False,1.25,True
simple,-2.5,False,1.0,True
instruct,-2.5,False,0.125,True
complex,-2.5,False,1.28125,True
simple,-3.3125,False,0.875,True
instruct,-3.3125,False,-0.0625,False
complex,-3.3125,False,1.5625,True
simple,-2.3125,False,0.8125,True
instruct,-2.3125,False,-0.375,False
complex,-2.3125,False,0.96875,True
simple,-5.5,False,0.9375,True
instruct,-5.5,False,-0.25,False
complex,-5.5,False,1.375,True
simple,-3.71875,False,1.0,True
instruct,-3.71875,False,0.0,False
complex,-3.71875,False,1.4375,True
simple,-6.5,False,0.84375,True
instruct,-6.5,False,-0.1875,False
complex,-6.5,False,1.375,True
simple,-3.1875,False,0.90625,True
instruct,-3.1875,False,0.0625,True
complex,-3.1875,False,1.4375,True
simple,-3.9375,False,0.75,True
instruct,-3.9375,False,0.0625,True
complex,-3.9375,False,1.1875,True
simple,-3.0,False,0.90625,True
instruct,-3.0,False,0.25,True
complex,-3.0,False,1.4375,True
simple,-5.1875,False,0.78125,True
instruct,-5.1875,False,0.0625,True
complex,-5.1875,False,1.375,True
simple,-4.875,False,1.0,True
instruct,-4.875,False,-0.25,False
complex,-4.875,False,1.3125,True
simple,-5.0625,False,0.875,True
instruct,-5.0625,False,-0.375,False
complex,-5.0625,False,1.28125,True
simple,-5.875,False,0.96875,True
instruct,-5.875,False,0.0625,True
complex,-5.875,False,1.5,True
simple,-5.25,False,0.8125,True
instruct,-5.25,False,-0.1875,False
complex,-5.25,False,1.28125,True
simple,-3.625,False,1.0,True
instruct,-3.625,False,0.125,True
complex,-3.625,False,1.46875,True
simple,-2.75,False,0.75,True
instruct,-2.75,False,-0.375,False
complex,-2.75,False,1.09375,True
simple,-4.71875,False,0.875,True
instruct,-4.71875,False,0.0625,True
complex,-4.71875,False,1.46875,True
simple,-3.375,False,0.875,True
instruct,-3.375,False,-0.3125,False
complex,-3.375,False,1.3125,True
simple,-3.90625,False,0.8125,True
instruct,-3.90625,False,-0.3125,False
complex,-3.90625,False,1.375,True
simple,-4.75,False,0.75,True
instruct,-4.75,False,0.0625,True
complex,-4.75,False,1.46875,True
simple,-2.375,False,0.84375,True
instruct,-2.375,False,-0.375,False
complex,-2.375,False,1.25,True
simple,-3.75,False,0.875,True
instruct,-3.75,False,0.0625,True
complex,-3.75,False,1.375,True
simple,-4.625,False,1.0,True
instruct,-4.625,False,0.375,True
complex,-4.625,False,1.5625,True
simple,-3.8125,False,0.9375,True
instruct,-3.8125,False,-0.0625,False
complex,-3.8125,False,1.4375,True
simple,-3.8125,False,0.78125,True
instruct,-3.8125,False,0.0625,True
complex,-3.8125,False,1.375,True
simple,-6.8125,False,0.78125,True
instruct,-6.8125,False,-0.0625,False
complex,-6.8125,False,1.4375,True
simple,-3.3125,False,0.8125,True
instruct,-3.3125,False,0.0,False
complex,-3.3125,False,1.46875,True
simple,-4.3125,False,0.84375,True
instruct,-4.3125,False,-0.0625,False
complex,-4.3125,False,1.5,True
simple,-4.6875,False,0.9375,True
instruct,-4.6875,False,0.0,False
complex,-4.6875,False,1.4375,True
simple,-4.15625,False,0.8125,True
instruct,-4.15625,False,0.0,False
complex,-4.15625,False,1.40625,True
simple,-8.0625,False,1.15625,True
instruct,-8.0625,False,0.125,True
complex,-8.0625,False,1.1875,True
simple,-3.75,False,0.875,True
instruct,-3.75,False,0.0625,True
complex,-3.75,False,1.46875,True
simple,-3.40625,False,0.84375,True
instruct,-3.40625,False,-0.0625,False
complex,-3.40625,False,1.375,True
simple,-3.5,False,0.84375,True
instruct,-3.5,False,-0.25,False
complex,-3.5,False,1.1875,True
simple,-4.125,False,0.75,True
instruct,-4.125,False,-0.375,False
complex,-4.125,False,1.40625,True
simple,-3.84375,False,0.90625,True
instruct,-3.84375,False,0.0,False
complex,-3.84375,False,1.4375,True
simple,-4.125,False,0.90625,True
instruct,-4.125,False,0.0625,True
complex,-4.125,False,1.4375,True
simple,-3.21875,False,0.8125,True
instruct,-3.21875,False,-0.125,False
complex,-3.21875,False,1.375,True
simple,-2.8125,False,0.78125,True
instruct,-2.8125,False,-0.1875,False
complex,-2.8125,False,1.59375,True
simple,-4.375,False,1.0,True
instruct,-4.375,False,-0.125,False
complex,-4.375,False,1.375,True
simple,-3.1875,False,1.0625,True
instruct,-3.1875,False,-0.0625,False
complex,-3.1875,False,1.5,True
simple,-3.375,False,0.875,True
instruct,-3.375,False,-0.1875,False
complex,-3.375,False,1.34375,True
simple,-3.75,False,0.9375,True
instruct,-3.75,False,-0.125,False
complex,-3.75,False,1.09375,True
simple,-3.96875,False,0.90625,True
instruct,-3.96875,False,0.0,False
complex,-3.96875,False,1.5,True
simple,-3.75,False,0.9375,True
instruct,-3.75,False,0.0625,True
complex,-3.75,False,1.375,True
simple,-4.8125,False,1.0,True
instruct,-4.8125,False,0.1875,True
complex,-4.8125,False,1.5,True
simple,-3.375,False,0.875,True
instruct,-3.375,False,-0.1875,False
complex,-3.375,False,1.375,True
simple,-4.4375,False,1.0625,True
instruct,-4.4375,False,-0.1875,False
complex,-4.4375,False,1.34375,True
simple,-4.125,False,0.96875,True
instruct,-4.125,False,0.125,True
complex,-4.125,False,1.375,True
simple,-4.75,False,0.96875,True
instruct,-4.75,False,-0.0625,False
complex,-4.75,False,1.4375,True
simple,-3.6875,False,0.625,True
instruct,-3.6875,False,0.0,False
complex,-3.6875,False,1.34375,True
simple,-3.90625,False,1.03125,True
instruct,-3.90625,False,0.0625,True
complex,-3.90625,False,1.4375,True
simple,-3.375,False,1.0,True
instruct,-3.375,False,0.0,False
complex,-3.375,False,1.53125,True
simple,-4.5,False,0.8125,True
instruct,-4.5,False,-0.3125,False
complex,-4.5,False,1.1875,True
simple,-4.3125,False,0.75,True
instruct,-4.3125,False,0.3125,True
complex,-4.3125,False,1.375,True
simple,-3.65625,False,0.875,True
instruct,-3.65625,False,-0.125,False
complex,-3.65625,False,1.46875,True
simple,-4.3125,False,0.84375,True
instruct,-4.3125,False,-0.1875,False
complex,-4.3125,False,1.34375,True
simple,-3.5,False,0.90625,True
instruct,-3.5,False,-0.0625,False
complex,-3.5,False,1.375,True
simple,2.8125,True,1.28125,True
instruct,2.8125,True,0.5,True
complex,2.8125,True,1.15625,True
simple,-6.5,False,1.125,True
instruct,-6.5,False,-0.0625,False
complex,-6.5,False,1.34375,True
simple,-0.8125,False,1.46875,True
instruct,-0.8125,False,0.25,True
complex,-0.8125,False,1.125,True
simple,-1.125,False,1.21875,True
instruct,-1.125,False,0.125,True
complex,-1.125,False,1.09375,True
simple,-10.125,False,1.34375,True
instruct,-10.125,False,0.1875,True
complex,-10.125,False,1.25,True
simple,-1.25,False,1.21875,True
instruct,-1.25,False,-0.125,False
complex,-1.25,False,1.0,True
simple,-4.6875,False,1.15625,True
instruct,-4.6875,False,-0.1875,False
complex,-4.6875,False,1.34375,True
simple,-4.0625,False,1.09375,True
instruct,-4.0625,False,-0.125,False
complex,-4.0625,False,1.375,True
simple,1.0,True,1.46875,True
instruct,1.0,True,0.125,True
complex,1.0,True,1.34375,True
simple,-0.125,False,1.25,True
instruct,-0.125,False,0.0625,True
complex,-0.125,False,1.09375,True
simple,-4.125,False,1.125,True
instruct,-4.125,False,-0.125,False
complex,-4.125,False,1.40625,True
simple,-0.375,False,1.09375,True
instruct,-0.375,False,0.1875,True
complex,-0.375,False,1.21875,True
simple,-4.125,False,1.25,True
instruct,-4.125,False,-0.0625,False
complex,-4.125,False,1.03125,True
simple,-2.25,False,1.21875,True
instruct,-2.25,False,-0.0625,False
complex,-2.25,False,1.15625,True
simple,-2.0,False,1.40625,True
instruct,-2.0,False,0.0,False
complex,-2.0,False,1.21875,True
simple,-7.625,False,1.40625,True
instruct,-7.625,False,-0.25,False
complex,-7.625,False,1.21875,True
simple,-4.375,False,1.25,True
instruct,-4.375,False,-0.1875,False
complex,-4.375,False,1.0,True
simple,-4.0,False,1.1875,True
instruct,-4.0,False,0.4375,True
complex,-4.0,False,1.21875,True
simple,-3.9375,False,1.0,True
instruct,-3.9375,False,-0.0625,False
complex,-3.9375,False,1.15625,True
simple,-0.375,False,1.0625,True
instruct,-0.375,False,-0.25,False
complex,-0.375,False,0.84375,True
simple,0.0,False,1.1875,True
instruct,0.0,False,0.125,True
complex,0.0,False,1.375,True
simple,-3.75,False,1.15625,True
instruct,-3.75,False,0.0625,True
complex,-3.75,False,1.1875,True
simple,-1.1875,False,1.375,True
instruct,-1.1875,False,-0.1875,False
complex,-1.1875,False,1.34375,True
simple,-2.0625,False,1.0625,True
instruct,-2.0625,False,-0.25,False
complex,-2.0625,False,1.3125,True
simple,-2.0,False,1.0,True
instruct,-2.0,False,-0.1875,False
complex,-2.0,False,1.0,True
simple,-1.25,False,1.1875,True
instruct,-1.25,False,-0.0625,False
complex,-1.25,False,1.125,True
simple,-2.0,False,1.0,True
instruct,-2.0,False,0.0625,True
complex,-2.0,False,1.40625,True
simple,-5.75,False,1.15625,True
instruct,-5.75,False,0.125,True
complex,-5.75,False,1.125,True
simple,-2.5,False,1.21875,True
instruct,-2.5,False,-0.125,False
complex,-2.5,False,1.4375,True
simple,-5.75,False,0.875,True
instruct,-5.75,False,-0.3125,False
complex,-5.75,False,1.0625,True
simple,-2.875,False,1.03125,True
instruct,-2.875,False,0.0625,True
complex,-2.875,False,1.46875,True
simple,-7.1875,False,1.5,True
instruct,-7.1875,False,-0.25,False
complex,-7.1875,False,1.21875,True
simple,-1.625,False,1.25,True
instruct,-1.625,False,0.0,False
complex,-1.625,False,1.46875,True
simple,-1.0,False,0.96875,True
instruct,-1.0,False,-0.1875,False
complex,-1.0,False,1.0,True
simple,-5.375,False,1.28125,True
instruct,-5.375,False,-0.125,False
complex,-5.375,False,1.25,True
simple,2.375,True,1.25,True
instruct,2.375,True,0.0625,True
complex,2.375,True,1.0,True
simple,-1.75,False,1.34375,True
instruct,-1.75,False,-0.0625,False
complex,-1.75,False,0.75,True
simple,-2.25,False,1.125,True
instruct,-2.25,False,-0.0625,False
complex,-2.25,False,1.15625,True
simple,-2.9375,False,1.15625,True
instruct,-2.9375,False,-0.4375,False
complex,-2.9375,False,1.09375,True
simple,0.125,True,1.28125,True
instruct,0.125,True,-0.0625,False
complex,0.125,True,1.5,True
simple,-0.625,False,1.125,True
instruct,-0.625,False,-0.25,False
complex,-0.625,False,0.96875,True
simple,-2.0,False,1.25,True
instruct,-2.0,False,-0.1875,False
complex,-2.0,False,1.09375,True
simple,-4.4375,False,1.1875,True
instruct,-4.4375,False,-0.125,False
complex,-4.4375,False,1.25,True
simple,-2.875,False,1.0625,True
instruct,-2.875,False,-0.125,False
complex,-2.875,False,1.40625,True
simple,-3.125,False,1.28125,True
instruct,-3.125,False,-0.3125,False
complex,-3.125,False,0.6875,True
simple,-3.375,False,1.09375,True
instruct,-3.375,False,-0.0625,False
complex,-3.375,False,1.25,True
simple,-0.25,False,1.3125,True
instruct,-0.25,False,-0.3125,False
complex,-0.25,False,1.0625,True
simple,-2.375,False,1.15625,True
instruct,-2.375,False,0.25,True
complex,-2.375,False,1.65625,True
simple,-1.0625,False,1.09375,True
instruct,-1.0625,False,-0.0625,False
complex,-1.0625,False,1.21875,True
simple,-1.125,False,1.59375,True
instruct,-1.125,False,0.125,True
complex,-1.125,False,1.0,True
simple,-1.75,False,0.90625,True
instruct,-1.75,False,-0.0625,False
complex,-1.75,False,1.3125,True
simple,-1.25,False,1.125,True
instruct,-1.25,False,0.0625,True
complex,-1.25,False,1.375,True
simple,-2.875,False,1.1875,True
instruct,-2.875,False,0.0,False
complex,-2.875,False,1.0625,True
simple,-4.9375,False,1.0,True
instruct,-4.9375,False,-0.125,False
complex,-4.9375,False,1.375,True
simple,-1.5,False,1.03125,True
instruct,-1.5,False,-0.125,False
complex,-1.5,False,0.875,True
simple,0.4375,True,1.03125,True
instruct,0.4375,True,-0.125,False
complex,0.4375,True,1.21875,True
simple,2.125,True,1.09375,True
instruct,2.125,True,-0.125,False
complex,2.125,True,0.84375,True
simple,0.375,True,1.0625,True
instruct,0.375,True,0.1875,True
complex,0.375,True,1.34375,True
simple,0.375,True,1.03125,True
instruct,0.375,True,-0.4375,False
complex,0.375,True,1.0,True
simple,-3.875,False,1.03125,True
instruct,-3.875,False,-0.4375,False
complex,-3.875,False,0.96875,True
simple,-1.6875,False,1.21875,True
instruct,-1.6875,False,-0.1875,False
complex,-1.6875,False,1.0,True
simple,-2.0,False,1.125,True
instruct,-2.0,False,-0.0625,False
complex,-2.0,False,1.4375,True
simple,-0.125,False,1.4375,True
instruct,-0.125,False,-0.1875,False
complex,-0.125,False,1.125,True
simple,-3.75,False,1.1875,True
instruct,-3.75,False,-0.0625,False
complex,-3.75,False,1.3125,True
simple,-0.8125,False,1.09375,True
instruct,-0.8125,False,-0.0625,False
complex,-0.8125,False,1.40625,True
simple,-4.875,False,0.96875,True
instruct,-4.875,False,-0.25,False
complex,-4.875,False,1.0625,True
simple,-2.75,False,1.1875,True
instruct,-2.75,False,0.0625,True
complex,-2.75,False,1.1875,True
simple,-3.5625,False,1.09375,True
instruct,-3.5625,False,-0.4375,False
complex,-3.5625,False,1.09375,True
simple,-1.8125,False,1.21875,True
instruct,-1.8125,False,-0.125,False
complex,-1.8125,False,1.4375,True
simple,-3.5,False,1.0,True
instruct,-3.5,False,-0.125,False
complex,-3.5,False,1.375,True
simple,-2.875,False,1.21875,True
instruct,-2.875,False,-0.1875,False
complex,-2.875,False,1.375,True
simple,-0.625,False,1.125,True
instruct,-0.625,False,-0.1875,False
complex,-0.625,False,0.96875,True
simple,-2.6875,False,1.0625,True
instruct,-2.6875,False,0.0,False
complex,-2.6875,False,1.40625,True
simple,-1.0625,False,1.3125,True
instruct,-1.0625,False,-0.1875,False
complex,-1.0625,False,1.28125,True
simple,-1.875,False,0.84375,True
instruct,-1.875,False,-0.125,False
complex,-1.875,False,1.03125,True
simple,-3.1875,False,1.125,True
instruct,-3.1875,False,-0.25,False
complex,-3.1875,False,1.3125,True
simple,-3.125,False,1.125,True
instruct,-3.125,False,-0.3125,False
complex,-3.125,False,0.90625,True
simple,-1.8125,False,1.375,True
instruct,-1.8125,False,-0.0625,False
complex,-1.8125,False,1.34375,True
simple,-1.75,False,0.875,True
instruct,-1.75,False,-0.0625,False
complex,-1.75,False,0.78125,True
simple,-2.8125,False,0.90625,True
instruct,-2.8125,False,-0.125,False
complex,-2.8125,False,1.1875,True
simple,-3.25,False,1.03125,True
instruct,-3.25,False,-0.1875,False
complex,-3.25,False,1.4375,True
simple,-1.6875,False,1.28125,True
instruct,-1.6875,False,0.0625,True
complex,-1.6875,False,1.25,True
simple,-0.4375,False,1.03125,True
instruct,-0.4375,False,0.25,True
complex,-0.4375,False,1.34375,True
simple,-5.9375,False,1.125,True
instruct,-5.9375,False,-0.0625,False
complex,-5.9375,False,1.25,True
simple,-2.125,False,0.9375,True
instruct,-2.125,False,-0.5625,False
complex,-2.125,False,0.90625,True
simple,-2.5625,False,0.9375,True
instruct,-2.5625,False,-0.125,False
complex,-2.5625,False,0.875,True
simple,-3.625,False,1.15625,True
instruct,-3.625,False,0.125,True
complex,-3.625,False,1.25,True
simple,1.75,True,1.0625,True
instruct,1.75,True,-0.0625,False
complex,1.75,True,1.25,True
simple,0.625,True,1.03125,True
instruct,0.625,True,-0.0625,False
complex,0.625,True,1.375,True
simple,-1.75,False,1.125,True
instruct,-1.75,False,-0.375,False
complex,-1.75,False,0.875,True
simple,-5.625,False,1.0625,True
instruct,-5.625,False,-0.1875,False
complex,-5.625,False,1.40625,True
simple,-0.9375,False,1.25,True
instruct,-0.9375,False,-0.125,False
complex,-0.9375,False,1.25,True
simple,-2.25,False,1.125,True
instruct,-2.25,False,0.0,False
complex,-2.25,False,1.59375,True
simple,-1.0,False,1.28125,True
instruct,-1.0,False,0.25,True
complex,-1.0,False,0.78125,True
simple,-1.0,False,1.03125,True
instruct,-1.0,False,-0.1875,False
complex,-1.0,False,1.1875,True
simple,-0.375,False,1.125,True
instruct,-0.375,False,-0.1875,False
complex,-0.375,False,1.15625,True
simple,-1.5,False,1.0625,True
instruct,-1.5,False,0.0,False
complex,-1.5,False,0.9375,True
simple,-1.0,False,1.09375,True
instruct,-1.0,False,0.1875,True
complex,-1.0,False,1.4375,True
simple,-2.1875,False,1.1875,True
instruct,-2.1875,False,0.125,True
complex,-2.1875,False,1.09375,True
simple,-1.8125,False,1.21875,True
instruct,-1.8125,False,-0.375,False
complex,-1.8125,False,1.15625,True
simple,-6.0,False,0.96875,True
instruct,-6.0,False,-0.4375,False
complex,-6.0,False,1.28125,True
simple,-5.9375,False,0.9375,True
instruct,-5.9375,False,-0.4375,False
complex,-5.9375,False,1.34375,True
simple,-10.8125,False,0.9375,True
instruct,-10.8125,False,-1.0,False
complex,-10.8125,False,1.1875,True
simple,-9.25,False,0.4375,True
instruct,-9.25,False,-0.875,False
complex,-9.25,False,1.09375,True
simple,-5.6875,False,0.6875,True
instruct,-5.6875,False,-0.6875,False
complex,-5.6875,False,1.28125,True
simple,-5.625,False,1.21875,True
instruct,-5.625,False,-0.375,False
complex,-5.625,False,1.375,True
simple,-6.25,False,0.8125,True
instruct,-6.25,False,-0.375,False
complex,-6.25,False,1.125,True
simple,-5.875,False,1.1875,True
instruct,-5.875,False,-0.3125,False
complex,-5.875,False,1.21875,True
simple,-5.125,False,0.90625,True
instruct,-5.125,False,-0.4375,False
complex,-5.125,False,1.375,True
simple,-6.4375,False,0.90625,True
instruct,-6.4375,False,-0.625,False
complex,-6.4375,False,1.125,True
simple,-6.25,False,0.96875,True
instruct,-6.25,False,-0.5625,False
complex,-6.25,False,1.21875,True
simple,-6.0625,False,1.0,True
instruct,-6.0625,False,-0.4375,False
complex,-6.0625,False,1.28125,True
simple,-6.25,False,1.21875,True
instruct,-6.25,False,-0.3125,False
complex,-6.25,False,1.28125,True
simple,-2.875,False,1.3125,True
instruct,-2.875,False,-0.4375,False
complex,-2.875,False,1.40625,True
simple,-7.25,False,1.1875,True
instruct,-7.25,False,-0.5,False
complex,-7.25,False,1.21875,True
simple,-6.0625,False,0.9375,True
instruct,-6.0625,False,-0.25,False
complex,-6.0625,False,1.34375,True
simple,-6.0625,False,1.125,True
instruct,-6.0625,False,-0.5625,False
complex,-6.0625,False,1.15625,True
simple,-5.8125,False,1.0625,True
instruct,-5.8125,False,-0.5,False
complex,-5.8125,False,1.34375,True
simple,-7.6875,False,1.0,True
instruct,-7.6875,False,-0.3125,False
complex,-7.6875,False,1.125,True
simple,-5.4375,False,0.96875,True
instruct,-5.4375,False,-0.3125,False
complex,-5.4375,False,1.25,True
simple,-4.9375,False,1.03125,True
instruct,-4.9375,False,-0.3125,False
complex,-4.9375,False,1.3125,True
simple,-5.9375,False,0.9375,True
instruct,-5.9375,False,-0.5,False
complex,-5.9375,False,1.25,True
simple,-5.3125,False,1.0,True
instruct,-5.3125,False,-0.5625,False
complex,-5.3125,False,1.34375,True
simple,-4.125,False,1.21875,True
instruct,-4.125,False,-0.375,False
complex,-4.125,False,1.21875,True
simple,-6.0,False,1.1875,True
instruct,-6.0,False,-0.375,False
complex,-6.0,False,1.09375,True
simple,-5.875,False,0.84375,True
instruct,-5.875,False,-0.9375,False
complex,-5.875,False,1.03125,True
simple,-6.875,False,1.03125,True
instruct,-6.875,False,-0.5,False
complex,-6.875,False,1.28125,True
simple,-6.8125,False,0.8125,True
instruct,-6.8125,False,-0.3125,False
complex,-6.8125,False,1.34375,True
simple,-6.75,False,1.0625,True
instruct,-6.75,False,-0.5,False
complex,-6.75,False,1.25,True
simple,-6.4375,False,0.90625,True
instruct,-6.4375,False,-0.6875,False
complex,-6.4375,False,1.25,True
simple,-6.9375,False,1.09375,True
instruct,-6.9375,False,-0.25,False
complex,-6.9375,False,1.34375,True
simple,-6.4375,False,1.125,True
instruct,-6.4375,False,-0.25,False
complex,-6.4375,False,1.21875,True
simple,-4.8125,False,1.1875,True
instruct,-4.8125,False,-0.3125,False
complex,-4.8125,False,1.40625,True
simple,-7.5,False,1.0625,True
instruct,-7.5,False,-0.5,False
complex,-7.5,False,1.1875,True
simple,-4.4375,False,1.15625,True
instruct,-4.4375,False,-0.3125,False
complex,-4.4375,False,1.34375,True
simple,-5.53125,False,1.25,True
instruct,-5.53125,False,-0.25,False
complex,-5.53125,False,1.5,True
simple,-4.625,False,1.03125,True
instruct,-4.625,False,-0.5,False
complex,-4.625,False,1.1875,True
simple,-7.375,False,1.21875,True
instruct,-7.375,False,-0.1875,False
complex,-7.375,False,1.375,True
simple,-4.75,False,1.15625,True
instruct,-4.75,False,-0.3125,False
complex,-4.75,False,1.28125,True
simple,-5.9375,False,1.15625,True
instruct,-5.9375,False,-0.5,False
complex,-5.9375,False,1.5625,True
simple,-6.4375,False,1.0,True
instruct,-6.4375,False,-0.625,False
complex,-6.4375,False,1.28125,True
simple,-4.1875,False,1.1875,True
instruct,-4.1875,False,-0.375,False
complex,-4.1875,False,1.15625,True
simple,-7.9375,False,1.0,True
instruct,-7.9375,False,-0.5,False
complex,-7.9375,False,1.40625,True
simple,-4.9375,False,1.1875,True
instruct,-4.9375,False,-0.3125,False
complex,-4.9375,False,1.34375,True
simple,-6.5625,False,0.84375,True
instruct,-6.5625,False,-0.5,False
complex,-6.5625,False,1.25,True
simple,-6.5,False,1.0,True
instruct,-6.5,False,-0.4375,False
complex,-6.5,False,1.28125,True
simple,-5.625,False,1.0625,True
instruct,-5.625,False,-0.3125,False
complex,-5.625,False,1.375,True
simple,-4.75,False,1.1875,True
instruct,-4.75,False,-0.25,False
complex,-4.75,False,1.21875,True
simple,-5.5625,False,1.0625,True
instruct,-5.5625,False,-0.375,False
complex,-5.5625,False,1.375,True
simple,-6.84375,False,1.28125,True
instruct,-6.84375,False,-0.3125,False
complex,-6.84375,False,1.21875,True
simple,-5.3125,False,1.21875,True
instruct,-5.3125,False,-0.25,False
complex,-5.3125,False,1.3125,True
simple,-6.0,False,1.125,True
instruct,-6.0,False,-0.4375,False
complex,-6.0,False,1.40625,True
simple,-5.4375,False,0.8125,True
instruct,-5.4375,False,-0.4375,False
complex,-5.4375,False,1.375,True
simple,-6.625,False,1.0625,True
instruct,-6.625,False,-0.75,False
complex,-6.625,False,1.0625,True
simple,-6.4375,False,0.96875,True
instruct,-6.4375,False,-0.375,False
complex,-6.4375,False,1.21875,True
simple,-6.0625,False,1.15625,True
instruct,-6.0625,False,-0.375,False
complex,-6.0625,False,1.40625,True
simple,-5.375,False,1.25,True
instruct,-5.375,False,-0.0625,False
complex,-5.375,False,1.375,True
simple,-7.0,False,1.3125,True
instruct,-7.0,False,-0.375,False
complex,-7.0,False,1.28125,True
simple,-6.625,False,1.1875,True
instruct,-6.625,False,-0.25,False
complex,-6.625,False,1.3125,True
simple,-4.625,False,1.09375,True
instruct,-4.625,False,-0.4375,False
complex,-4.625,False,1.21875,True
simple,-5.125,False,1.28125,True
instruct,-5.125,False,-0.25,False
complex,-5.125,False,1.40625,True
simple,-6.375,False,1.0,True
instruct,-6.375,False,-0.625,False
complex,-6.375,False,1.1875,True
simple,-7.375,False,0.59375,True
instruct,-7.375,False,-0.5625,False
complex,-7.375,False,1.1875,True
simple,-5.4375,False,1.1875,True
instruct,-5.4375,False,-0.5625,False
complex,-5.4375,False,1.40625,True
simple,-4.0,False,1.1875,True
instruct,-4.0,False,-0.5,False
complex,-4.0,False,1.375,True
simple,-4.625,False,1.15625,True
instruct,-4.625,False,-0.25,False
complex,-4.625,False,1.5,True
simple,-7.0,False,1.0625,True
instruct,-7.0,False,-0.3125,False
complex,-7.0,False,1.5,True
simple,-5.5625,False,1.0,True
instruct,-5.5625,False,-0.3125,False
complex,-5.5625,False,1.375,True
simple,-4.875,False,1.1875,True
instruct,-4.875,False,-0.0625,False
complex,-4.875,False,1.3125,True
simple,-6.75,False,0.875,True
instruct,-6.75,False,-0.5625,False
complex,-6.75,False,1.28125,True
simple,-5.0,False,0.875,True
instruct,-5.0,False,-0.125,False
complex,-5.0,False,1.28125,True
simple,-4.375,False,1.125,True
instruct,-4.375,False,-0.4375,False
complex,-4.375,False,1.3125,True
simple,-4.5,False,0.96875,True
instruct,-4.5,False,-0.3125,False
complex,-4.5,False,1.1875,True
simple,-5.875,False,1.09375,True
instruct,-5.875,False,-0.375,False
complex,-5.875,False,1.53125,True
simple,-5.8125,False,1.15625,True
instruct,-5.8125,False,-0.5,False
complex,-5.8125,False,1.25,True
simple,-5.8125,False,1.0625,True
instruct,-5.8125,False,-0.3125,False
complex,-5.8125,False,1.1875,True
simple,-5.4375,False,0.90625,True
instruct,-5.4375,False,-0.5,False
complex,-5.4375,False,1.25,True
simple,-6.09375,False,1.15625,True
instruct,-6.09375,False,-0.5625,False
complex,-6.09375,False,1.1875,True
simple,-5.5,False,1.125,True
instruct,-5.5,False,-0.4375,False
complex,-5.5,False,1.40625,True
simple,-6.5,False,1.03125,True
instruct,-6.5,False,-0.3125,False
complex,-6.5,False,1.3125,True
simple,-5.96875,False,1.1875,True
instruct,-5.96875,False,-0.125,False
complex,-5.96875,False,1.28125,True
simple,-6.5625,False,0.90625,True
instruct,-6.5625,False,-0.4375,False
complex,-6.5625,False,1.40625,True
simple,-4.6875,False,1.0,True
instruct,-4.6875,False,-0.1875,False
complex,-4.6875,False,1.15625,True
simple,-6.0,False,1.0,True
instruct,-6.0,False,-0.125,False
complex,-6.0,False,1.5625,True
simple,-3.5625,False,1.1875,True
instruct,-3.5625,False,-0.3125,False
complex,-3.5625,False,1.34375,True
simple,-5.375,False,1.09375,True
instruct,-5.375,False,-0.625,False
complex,-5.375,False,1.125,True
simple,-5.3125,False,1.21875,True
instruct,-5.3125,False,-0.4375,False
complex,-5.3125,False,1.21875,True
simple,-6.3125,False,1.09375,True
instruct,-6.3125,False,-0.0625,False
complex,-6.3125,False,1.53125,True
simple,-5.6875,False,1.21875,True
instruct,-5.6875,False,-0.3125,False
complex,-5.6875,False,1.40625,True
simple,-6.0625,False,1.21875,True
instruct,-6.0625,False,-0.1875,False
complex,-6.0625,False,1.53125,True
simple,-6.3125,False,1.125,True
instruct,-6.3125,False,-0.3125,False
complex,-6.3125,False,1.375,True
simple,-6.53125,False,1.1875,True
instruct,-6.53125,False,-0.125,False
complex,-6.53125,False,1.4375,True
simple,-5.25,False,1.125,True
instruct,-5.25,False,-0.25,False
complex,-5.25,False,1.15625,True
simple,-3.5,False,1.0625,True
instruct,-3.5,False,-0.375,False
complex,-3.5,False,1.5,True
simple,-4.75,False,1.0625,True
instruct,-4.75,False,-0.25,False
complex,-4.75,False,1.28125,True
simple,-5.4375,False,1.0625,True
instruct,-5.4375,False,-0.1875,False
complex,-5.4375,False,1.34375,True
simple,-5.1875,False,1.3125,True
instruct,-5.1875,False,-0.4375,False
complex,-5.1875,False,1.34375,True
simple,-5.0,False,1.15625,True
instruct,-5.0,False,-0.5,False
complex,-5.0,False,1.125,True
simple,-6.125,False,1.25,True
instruct,-6.125,False,-0.0625,False
complex,-6.125,False,1.40625,True
simple,-5.8125,False,1.03125,True
instruct,-5.8125,False,-0.375,False
complex,-5.8125,False,1.34375,True
simple,-6.1875,False,1.15625,True
instruct,-6.1875,False,0.375,True
complex,-6.1875,False,1.125,True
simple,-5.0625,False,1.09375,True
instruct,-5.0625,False,0.0625,True
complex,-5.0625,False,1.3125,True
simple,-5.4375,False,1.28125,True
instruct,-5.4375,False,0.375,True
complex,-5.4375,False,1.28125,True
simple,-5.75,False,1.28125,True
instruct,-5.75,False,0.3125,True
complex,-5.75,False,1.3125,True
simple,-6.84375,False,1.4375,True
instruct,-6.84375,False,0.5,True
complex,-6.84375,False,1.21875,True
simple,-2.4375,False,1.15625,True
instruct,-2.4375,False,0.0625,True
complex,-2.4375,False,1.25,True
simple,-5.5,False,1.09375,True
instruct,-5.5,False,0.3125,True
complex,-5.5,False,1.0,True
simple,-6.9375,False,1.1875,True
instruct,-6.9375,False,0.3125,True
complex,-6.9375,False,1.21875,True
simple,-5.0625,False,1.28125,True
instruct,-5.0625,False,0.25,True
complex,-5.0625,False,1.15625,True
simple,-6.4375,False,1.125,True
instruct,-6.4375,False,0.375,True
complex,-6.4375,False,1.21875,True
simple,-6.6875,False,1.21875,True
instruct,-6.6875,False,0.25,True
complex,-6.6875,False,1.0625,True
simple,-6.0,False,1.15625,True
instruct,-6.0,False,0.4375,True
complex,-6.0,False,1.15625,True
simple,-8.875,False,1.15625,True
instruct,-8.875,False,0.3125,True
complex,-8.875,False,1.15625,True
simple,-5.8125,False,1.1875,True
instruct,-5.8125,False,0.1875,True
complex,-5.8125,False,1.125,True
simple,-4.8125,False,1.15625,True
instruct,-4.8125,False,0.0625,True
complex,-4.8125,False,1.125,True
simple,-4.25,False,1.21875,True
instruct,-4.25,False,0.375,True
complex,-4.25,False,1.15625,True
simple,-6.03125,False,1.15625,True
instruct,-6.03125,False,0.3125,True
complex,-6.03125,False,1.375,True
simple,-6.0,False,1.1875,True
instruct,-6.0,False,0.1875,True
complex,-6.0,False,1.09375,True
simple,-6.5625,False,1.25,True
instruct,-6.5625,False,0.3125,True
complex,-6.5625,False,1.375,True
simple,-6.5,False,1.0625,True
instruct,-6.5,False,0.375,True
complex,-6.5,False,1.15625,True
simple,-4.5,False,1.40625,True
instruct,-4.5,False,0.3125,True
complex,-4.5,False,1.09375,True
simple,-7.6875,False,1.3125,True
instruct,-7.6875,False,0.375,True
complex,-7.6875,False,1.21875,True
simple,-6.40625,False,1.125,True
instruct,-6.40625,False,0.1875,True
complex,-6.40625,False,1.09375,True
simple,-6.8125,False,1.15625,True
instruct,-6.8125,False,0.125,True
complex,-6.8125,False,1.125,True
simple,-6.375,False,1.1875,True
instruct,-6.375,False,0.3125,True
complex,-6.375,False,1.03125,True
simple,-6.9375,False,1.1875,True
instruct,-6.9375,False,0.375,True
complex,-6.9375,False,1.34375,True
simple,-5.9375,False,1.09375,True
instruct,-5.9375,False,0.6875,True
complex,-5.9375,False,1.1875,True
simple,-6.9375,False,1.3125,True
instruct,-6.9375,False,0.25,True
complex,-6.9375,False,1.21875,True
simple,-6.375,False,1.15625,True
instruct,-6.375,False,0.3125,True
complex,-6.375,False,1.28125,True
simple,-7.0,False,1.03125,True
instruct,-7.0,False,0.0,False
complex,-7.0,False,1.21875,True
simple,-6.0625,False,1.03125,True
instruct,-6.0625,False,0.25,True
complex,-6.0625,False,0.90625,True
simple,-4.75,False,1.25,True
instruct,-4.75,False,0.3125,True
complex,-4.75,False,1.3125,True
simple,-5.5,False,1.03125,True
instruct,-5.5,False,0.25,True
complex,-5.5,False,1.3125,True
simple,-6.4375,False,1.34375,True
instruct,-6.4375,False,0.375,True
complex,-6.4375,False,1.15625,True
simple,-5.875,False,1.21875,True
instruct,-5.875,False,0.125,True
complex,-5.875,False,1.15625,True
simple,-5.25,False,0.90625,True
instruct,-5.25,False,0.5625,True
complex,-5.25,False,1.125,True
simple,-4.1875,False,1.09375,True
instruct,-4.1875,False,0.0625,True
complex,-4.1875,False,0.875,True
simple,-7.375,False,1.15625,True
instruct,-7.375,False,0.375,True
complex,-7.375,False,1.25,True
simple,-6.25,False,1.25,True
instruct,-6.25,False,0.625,True
complex,-6.25,False,1.15625,True
simple,-7.1875,False,1.4375,True
instruct,-7.1875,False,0.25,True
complex,-7.1875,False,1.25,True
simple,-5.3125,False,0.65625,True
instruct,-5.3125,False,-0.125,False
complex,-5.3125,False,0.5,True
simple,-5.75,False,0.84375,True
instruct,-5.75,False,0.1875,True
complex,-5.75,False,0.96875,True
simple,-7.0625,False,1.03125,True
instruct,-7.0625,False,0.125,True
complex,-7.0625,False,1.03125,True
simple,-7.3125,False,1.0625,True
instruct,-7.3125,False,0.1875,True
complex,-7.3125,False,0.96875,True
simple,-7.5,False,1.125,True
instruct,-7.5,False,0.0,False
complex,-7.5,False,0.71875,True
simple,-6.0625,False,1.125,True
instruct,-6.0625,False,0.0,False
complex,-6.0625,False,1.03125,True
simple,-7.125,False,1.125,True
instruct,-7.125,False,0.0,False
complex,-7.125,False,0.96875,True
simple,-6.5625,False,1.25,True
instruct,-6.5625,False,0.375,True
complex,-6.5625,False,1.3125,True
simple,-7.375,False,1.40625,True
instruct,-7.375,False,0.4375,True
complex,-7.375,False,1.0625,True
simple,-5.3125,False,1.0625,True
instruct,-5.3125,False,0.375,True
complex,-5.3125,False,1.1875,True
simple,-6.4375,False,1.25,True
instruct,-6.4375,False,0.4375,True
complex,-6.4375,False,1.03125,True
simple,-6.5625,False,1.25,True
instruct,-6.5625,False,0.3125,True
complex,-6.5625,False,0.96875,True
simple,-6.125,False,1.0,True
instruct,-6.125,False,0.1875,True
complex,-6.125,False,1.25,True
simple,-8.25,False,1.21875,True
instruct,-8.25,False,0.0625,True
complex,-8.25,False,0.8125,True
simple,-7.625,False,1.34375,True
instruct,-7.625,False,0.5,True
complex,-7.625,False,1.25,True
simple,-6.125,False,1.28125,True
instruct,-6.125,False,0.4375,True
complex,-6.125,False,1.21875,True
simple,-7.3125,False,1.125,True
instruct,-7.3125,False,0.0625,True
complex,-7.3125,False,1.09375,True
simple,-5.59375,False,1.09375,True
instruct,-5.59375,False,0.4375,True
complex,-5.59375,False,1.125,True
simple,-7.625,False,1.3125,True
instruct,-7.625,False,0.375,True
complex,-7.625,False,1.15625,True
simple,-7.1875,False,1.21875,True
instruct,-7.1875,False,0.125,True
complex,-7.1875,False,1.09375,True
simple,-7.0,False,1.21875,True
instruct,-7.0,False,-0.0625,False
complex,-7.0,False,1.09375,True
simple,-5.375,False,1.15625,True
instruct,-5.375,False,0.125,True
complex,-5.375,False,0.875,True
simple,-10.125,False,1.03125,True
instruct,-10.125,False,-0.25,False
complex,-10.125,False,1.0,True
simple,-9.0625,False,0.84375,True
instruct,-9.0625,False,0.0625,True
complex,-9.0625,False,0.9375,True
simple,-7.5,False,1.3125,True
instruct,-7.5,False,0.125,True
complex,-7.5,False,0.96875,True
simple,-12.25,False,0.90625,True
instruct,-12.25,False,0.0,False
complex,-12.25,False,1.0625,True
simple,-6.3125,False,1.5,True
instruct,-6.3125,False,0.25,True
complex,-6.3125,False,0.90625,True
simple,-7.125,False,1.21875,True
instruct,-7.125,False,0.125,True
complex,-7.125,False,1.03125,True
simple,-7.5625,False,1.125,True
instruct,-7.5625,False,0.0,False
complex,-7.5625,False,1.0625,True
simple,-7.875,False,0.9375,True
instruct,-7.875,False,0.3125,True
complex,-7.875,False,1.1875,True
simple,-6.75,False,1.15625,True
instruct,-6.75,False,0.75,True
complex,-6.75,False,1.34375,True
simple,-7.0625,False,1.21875,True
instruct,-7.0625,False,0.4375,True
complex,-7.0625,False,1.125,True
simple,-6.5625,False,1.1875,True
instruct,-6.5625,False,0.4375,True
complex,-6.5625,False,1.25,True
simple,-8.6875,False,1.03125,True
instruct,-8.6875,False,-0.25,False
complex,-8.6875,False,0.90625,True
simple,-7.625,False,1.15625,True
instruct,-7.625,False,0.1875,True
complex,-7.625,False,1.125,True
simple,-6.75,False,1.25,True
instruct,-6.75,False,0.25,True
complex,-6.75,False,0.9375,True
simple,-5.1875,False,1.0625,True
instruct,-5.1875,False,0.3125,True
complex,-5.1875,False,1.09375,True
simple,-7.09375,False,1.21875,True
instruct,-7.09375,False,0.4375,True
complex,-7.09375,False,1.34375,True
simple,-5.875,False,0.9375,True
instruct,-5.875,False,0.25,True
complex,-5.875,False,0.90625,True
simple,-6.5,False,1.28125,True
instruct,-6.5,False,0.1875,True
complex,-6.5,False,1.125,True
simple,-6.5,False,1.3125,True
instruct,-6.5,False,0.25,True
complex,-6.5,False,1.1875,True
simple,-7.125,False,0.96875,True
instruct,-7.125,False,0.25,True
complex,-7.125,False,1.03125,True
simple,-8.6875,False,1.1875,True
instruct,-8.6875,False,0.1875,True
complex,-8.6875,False,0.96875,True
simple,-6.3125,False,1.125,True
instruct,-6.3125,False,0.125,True
complex,-6.3125,False,0.9375,True
simple,-5.96875,False,1.09375,True
instruct,-5.96875,False,0.375,True
complex,-5.96875,False,1.15625,True
simple,-7.0625,False,1.21875,True
instruct,-7.0625,False,0.25,True
complex,-7.0625,False,1.125,True
simple,-6.875,False,0.90625,True
instruct,-6.875,False,0.0625,True
complex,-6.875,False,1.0625,True
simple,-5.375,False,1.0,True
instruct,-5.375,False,0.125,True
complex,-5.375,False,1.0625,True
simple,-4.8125,False,0.875,True
instruct,-4.8125,False,0.3125,True
complex,-4.8125,False,1.0625,True
simple,-7.0625,False,1.1875,True
instruct,-7.0625,False,0.3125,True
complex,-7.0625,False,1.1875,True
simple,-8.3125,False,1.28125,True
instruct,-8.3125,False,0.1875,True
complex,-8.3125,False,0.875,True
simple,-6.6875,False,1.375,True
instruct,-6.6875,False,0.25,True
complex,-6.6875,False,1.03125,True
simple,-6.1875,False,1.1875,True
instruct,-6.1875,False,0.375,True
complex,-6.1875,False,1.03125,True
simple,-10.9375,False,0.8125,True
instruct,-10.9375,False,-0.125,False
complex,-10.9375,False,0.96875,True
simple,-7.5625,False,1.0625,True
instruct,-7.5625,False,0.3125,True
complex,-7.5625,False,1.0625,True
simple,-5.5,False,0.9375,True
instruct,-5.5,False,-0.1875,False
complex,-5.5,False,1.0625,True
simple,-6.25,False,1.15625,True
instruct,-6.25,False,0.3125,True
complex,-6.25,False,0.875,True
simple,-6.0625,False,1.3125,True
instruct,-6.0625,False,0.25,True
complex,-6.0625,False,1.0,True
simple,-7.6875,False,1.15625,True
instruct,-7.6875,False,0.125,True
complex,-7.6875,False,1.0,True
simple,-8.5,False,1.375,True
instruct,-8.5,False,0.0625,True
complex,-8.5,False,1.1875,True
simple,-7.25,False,0.90625,True
instruct,-7.25,False,-0.3125,False
complex,-7.25,False,1.4375,True
simple,-6.75,False,1.0,True
instruct,-6.75,False,-0.5,False
complex,-6.75,False,1.4375,True
simple,-5.53125,False,0.8125,True
instruct,-5.53125,False,-0.8125,False
complex,-5.53125,False,1.34375,True
simple,-6.8125,False,0.9375,True
instruct,-6.8125,False,-0.5,False
complex,-6.8125,False,1.34375,True
simple,-6.6875,False,0.84375,True
instruct,-6.6875,False,-0.4375,False
complex,-6.6875,False,1.53125,True
simple,-6.5,False,0.875,True
instruct,-6.5,False,-0.25,False
complex,-6.5,False,1.46875,True
simple,-6.21875,False,0.90625,True
instruct,-6.21875,False,-0.375,False
complex,-6.21875,False,1.375,True
simple,-5.65625,False,1.0625,True
instruct,-5.65625,False,-0.3125,False
complex,-5.65625,False,1.375,True
simple,-7.875,False,1.03125,True
instruct,-7.875,False,-0.4375,False
complex,-7.875,False,1.40625,True
simple,-6.5,False,0.875,True
instruct,-6.5,False,-0.0625,False
complex,-6.5,False,1.53125,True
simple,-6.3125,False,0.84375,True
instruct,-6.3125,False,0.1875,True
complex,-6.3125,False,1.5625,True
simple,-7.0,False,0.8125,True
instruct,-7.0,False,-0.625,False
complex,-7.0,False,1.4375,True
simple,-5.4375,False,0.96875,True
instruct,-5.4375,False,-0.125,False
complex,-5.4375,False,1.125,True
simple,-6.90625,False,1.0,True
instruct,-6.90625,False,0.0625,True
complex,-6.90625,False,1.40625,True
simple,-6.4375,False,0.90625,True
instruct,-6.4375,False,-0.5,False
complex,-6.4375,False,1.375,True
simple,-5.9375,False,0.9375,True
instruct,-5.9375,False,-0.4375,False
complex,-5.9375,False,1.4375,True
simple,-6.375,False,0.90625,True
instruct,-6.375,False,-0.25,False
complex,-6.375,False,1.28125,True
simple,-6.5625,False,0.84375,True
instruct,-6.5625,False,-0.25,False
complex,-6.5625,False,1.375,True
simple,-6.71875,False,1.0,True
instruct,-6.71875,False,-0.4375,False
complex,-6.71875,False,1.4375,True
simple,-6.8125,False,0.96875,True
instruct,-6.8125,False,-0.4375,False
complex,-6.8125,False,1.4375,True
simple,-6.1875,False,0.96875,True
instruct,-6.1875,False,-0.3125,False
complex,-6.1875,False,1.46875,True
simple,-6.875,False,0.6875,True
instruct,-6.875,False,-0.5625,False
complex,-6.875,False,1.09375,True
simple,-6.6875,False,1.0,True
instruct,-6.6875,False,-0.3125,False
complex,-6.6875,False,1.4375,True
simple,-6.625,False,0.8125,True
instruct,-6.625,False,-0.375,False
complex,-6.625,False,1.4375,True
simple,-6.6875,False,0.90625,True
instruct,-6.6875,False,-0.8125,False
complex,-6.6875,False,1.40625,True
simple,-6.25,False,0.8125,True
instruct,-6.25,False,-0.5,False
complex,-6.25,False,1.3125,True
simple,-5.75,False,0.90625,True
instruct,-5.75,False,-0.25,False
complex,-5.75,False,1.375,True
simple,-6.8125,False,0.9375,True
instruct,-6.8125,False,-0.3125,False
complex,-6.8125,False,1.5,True
simple,-6.375,False,0.96875,True
instruct,-6.375,False,-0.125,False
complex,-6.375,False,1.4375,True
simple,-6.90625,False,1.0625,True
instruct,-6.90625,False,-0.0625,False
complex,-6.90625,False,1.40625,True
simple,-6.125,False,0.8125,True
instruct,-6.125,False,-0.375,False
complex,-6.125,False,1.28125,True
simple,-6.1875,False,1.0,True
instruct,-6.1875,False,-0.125,False
complex,-6.1875,False,1.4375,True
simple,-6.1875,False,0.96875,True
instruct,-6.1875,False,-0.6875,False
complex,-6.1875,False,1.4375,True
simple,-7.5625,False,0.71875,True
instruct,-7.5625,False,-0.375,False
complex,-7.5625,False,1.40625,True
simple,-6.4375,False,0.90625,True
instruct,-6.4375,False,-0.0625,False
complex,-6.4375,False,1.40625,True
simple,-7.625,False,1.0,True
instruct,-7.625,False,-0.5,False
complex,-7.625,False,1.375,True
simple,-6.1875,False,0.84375,True
instruct,-6.1875,False,-0.5,False
complex,-6.1875,False,1.375,True
simple,-5.9375,False,0.90625,True
instruct,-5.9375,False,-0.1875,False
complex,-5.9375,False,1.46875,True
simple,-6.5625,False,1.03125,True
instruct,-6.5625,False,0.0625,True
complex,-6.5625,False,1.5625,True
simple,-7.75,False,1.0,True
instruct,-7.75,False,-0.3125,False
complex,-7.75,False,1.46875,True
simple,-6.3125,False,0.8125,True
instruct,-6.3125,False,-0.25,False
complex,-6.3125,False,1.4375,True
simple,-6.0,False,0.78125,True
instruct,-6.0,False,-0.375,False
complex,-6.0,False,1.34375,True
simple,-6.4375,False,0.96875,True
instruct,-6.4375,False,-0.0625,False
complex,-6.4375,False,1.46875,True
simple,-6.4375,False,0.96875,True
instruct,-6.4375,False,-0.4375,False
complex,-6.4375,False,1.5625,True
simple,-6.625,False,0.875,True
instruct,-6.625,False,-0.3125,False
complex,-6.625,False,1.5625,True
simple,-7.3125,False,0.90625,True
instruct,-7.3125,False,-0.5,False
complex,-7.3125,False,1.375,True
simple,-6.3125,False,0.84375,True
instruct,-6.3125,False,-0.3125,False
complex,-6.3125,False,1.4375,True
simple,-6.0625,False,0.8125,True
instruct,-6.0625,False,-0.625,False
complex,-6.0625,False,1.125,True
simple,-6.125,False,0.875,True
instruct,-6.125,False,-0.6875,False
complex,-6.125,False,1.46875,True
simple,-6.5625,False,0.8125,True
instruct,-6.5625,False,-0.375,False
complex,-6.5625,False,1.28125,True
simple,-6.25,False,0.84375,True
instruct,-6.25,False,0.0,False
complex,-6.25,False,1.46875,True
simple,-7.25,False,0.9375,True
instruct,-7.25,False,-0.0625,False
complex,-7.25,False,1.46875,True
simple,-6.375,False,1.0,True
instruct,-6.375,False,-0.1875,False
complex,-6.375,False,1.3125,True
simple,-6.625,False,0.625,True
instruct,-6.625,False,-0.5,False
complex,-6.625,False,0.96875,True
simple,-6.375,False,0.8125,True
instruct,-6.375,False,-0.375,False
complex,-6.375,False,1.375,True
simple,-6.75,False,0.46875,True
instruct,-6.75,False,-0.625,False
complex,-6.75,False,1.25,True
simple,-6.0625,False,0.625,True
instruct,-6.0625,False,-0.25,False
complex,-6.0625,False,1.375,True
simple,-6.375,False,0.8125,True
instruct,-6.375,False,-1.0,False
complex,-6.375,False,1.21875,True
simple,-6.375,False,0.9375,True
instruct,-6.375,False,-0.375,False
complex,-6.375,False,1.375,True
simple,-7.125,False,0.90625,True
instruct,-7.125,False,-0.0625,False
complex,-7.125,False,1.4375,True
simple,-5.8125,False,0.4375,True
instruct,-5.8125,False,-0.625,False
complex,-5.8125,False,1.375,True
simple,-6.71875,False,0.9375,True
instruct,-6.71875,False,-0.6875,False
complex,-6.71875,False,1.46875,True
simple,-5.875,False,1.09375,True
instruct,-5.875,False,-0.375,False
complex,-5.875,False,1.375,True
simple,-6.8125,False,0.75,True
instruct,-6.8125,False,-0.375,False
complex,-6.8125,False,1.3125,True
simple,-5.8125,False,0.65625,True
instruct,-5.8125,False,-0.6875,False
complex,-5.8125,False,1.21875,True
simple,-6.0625,False,0.59375,True
instruct,-6.0625,False,-0.5625,False
complex,-6.0625,False,1.3125,True
simple,-7.375,False,0.8125,True
instruct,-7.375,False,-0.6875,False
complex,-7.375,False,1.46875,True
simple,-5.6875,False,0.4375,True
instruct,-5.6875,False,-0.625,False
complex,-5.6875,False,1.1875,True
simple,-6.1875,False,1.0,True
instruct,-6.1875,False,-0.3125,False
complex,-6.1875,False,1.40625,True
simple,-5.9375,False,0.84375,True
instruct,-5.9375,False,-0.125,False
complex,-5.9375,False,1.375,True
simple,-6.625,False,0.875,True
instruct,-6.625,False,-0.1875,False
complex,-6.625,False,1.4375,True
simple,-6.4375,False,0.84375,True
instruct,-6.4375,False,-0.3125,False
complex,-6.4375,False,1.375,True
simple,-7.25,False,1.0625,True
instruct,-7.25,False,-0.3125,False
complex,-7.25,False,1.34375,True
simple,-6.0,False,0.84375,True
instruct,-6.0,False,-0.3125,False
complex,-6.0,False,1.375,True
simple,-6.4375,False,0.875,True
instruct,-6.4375,False,-0.375,False
complex,-6.4375,False,1.34375,True
simple,-6.1875,False,0.6875,True
instruct,-6.1875,False,-0.5,False
complex,-6.1875,False,1.25,True
simple,-6.875,False,0.875,True
instruct,-6.875,False,-0.5,False
complex,-6.875,False,1.1875,True
simple,-7.375,False,0.84375,True
instruct,-7.375,False,-0.5,False
complex,-7.375,False,1.1875,True
simple,-7.65625,False,0.96875,True
instruct,-7.65625,False,-0.375,False
complex,-7.65625,False,1.34375,True
simple,-7.3125,False,0.84375,True
instruct,-7.3125,False,-0.75,False
complex,-7.3125,False,1.25,True
simple,-6.125,False,1.03125,True
instruct,-6.125,False,-0.6875,False
complex,-6.125,False,1.21875,True
simple,-7.0,False,0.84375,True
instruct,-7.0,False,-0.5,False
complex,-7.0,False,1.375,True
simple,-5.875,False,0.78125,True
instruct,-5.875,False,-0.375,False
complex,-5.875,False,1.3125,True
simple,-6.625,False,0.84375,True
instruct,-6.625,False,-0.6875,False
complex,-6.625,False,1.4375,True
simple,-6.375,False,0.625,True
instruct,-6.375,False,-0.3125,False
complex,-6.375,False,1.4375,True
simple,-7.5625,False,0.875,True
instruct,-7.5625,False,-0.1875,False
complex,-7.5625,False,1.5,True
simple,-6.625,False,0.71875,True
instruct,-6.625,False,-0.6875,False
complex,-6.625,False,1.3125,True
simple,-6.25,False,0.96875,True
instruct,-6.25,False,-0.5625,False
complex,-6.25,False,1.34375,True
simple,-6.6875,False,0.78125,True
instruct,-6.6875,False,-0.625,False
complex,-6.6875,False,1.25,True
simple,-7.3125,False,1.0,True
instruct,-7.3125,False,-0.0625,False
complex,-7.3125,False,1.40625,True
simple,-6.375,False,0.84375,True
instruct,-6.375,False,-0.5625,False
complex,-6.375,False,1.28125,True
simple,-5.9375,False,0.8125,True
instruct,-5.9375,False,-0.5,False
complex,-5.9375,False,1.3125,True
simple,-7.125,False,0.78125,True
instruct,-7.125,False,-0.5625,False
complex,-7.125,False,1.28125,True
simple,-10.03125,False,0.9375,True
instruct,-10.03125,False,-0.25,False
complex,-10.03125,False,1.34375,True
simple,-6.125,False,0.96875,True
instruct,-6.125,False,-0.4375,False
complex,-6.125,False,1.15625,True
simple,-6.75,False,0.96875,True
instruct,-6.75,False,-0.3125,False
complex,-6.75,False,1.40625,True
simple,-6.5,False,1.0,True
instruct,-6.5,False,-0.3125,False
complex,-6.5,False,1.3125,True
simple,-5.9375,False,1.0625,True
instruct,-5.9375,False,-0.5,False
complex,-5.9375,False,1.4375,True
simple,-6.40625,False,1.0625,True
instruct,-6.40625,False,-0.125,False
complex,-6.40625,False,1.40625,True
simple,-6.25,False,1.0,True
instruct,-6.25,False,-0.375,False
complex,-6.25,False,1.375,True
simple,-4.25,False,1.09375,True
instruct,-4.25,False,0.375,True
complex,-4.25,False,0.78125,True
simple,-1.8125,False,1.375,True
instruct,-1.8125,False,0.0,False
complex,-1.8125,False,0.9375,True
simple,-3.8125,False,1.09375,True
instruct,-3.8125,False,0.0625,True
complex,-3.8125,False,1.03125,True
simple,-4.96875,False,1.28125,True
instruct,-4.96875,False,-0.125,False
complex,-4.96875,False,1.09375,True
simple,-4.5625,False,1.375,True
instruct,-4.5625,False,0.1875,True
complex,-4.5625,False,1.0,True
simple,-4.4375,False,1.125,True
instruct,-4.4375,False,0.1875,True
complex,-4.4375,False,1.09375,True
simple,-7.0,False,1.28125,True
instruct,-7.0,False,0.0625,True
complex,-7.0,False,1.125,True
simple,-2.8125,False,1.46875,True
instruct,-2.8125,False,0.1875,True
complex,-2.8125,False,1.1875,True
simple,-4.8125,False,0.9375,True
instruct,-4.8125,False,-0.125,False
complex,-4.8125,False,1.1875,True
simple,-4.4375,False,1.25,True
instruct,-4.4375,False,0.0625,True
complex,-4.4375,False,1.09375,True
simple,-4.25,False,0.96875,True
instruct,-4.25,False,0.0625,True
complex,-4.25,False,1.21875,True
simple,-3.1875,False,1.40625,True
instruct,-3.1875,False,0.25,True
complex,-3.1875,False,1.09375,True
simple,-5.0,False,0.96875,True
instruct,-5.0,False,0.25,True
complex,-5.0,False,1.15625,True
simple,-3.6875,False,1.21875,True
instruct,-3.6875,False,0.1875,True
complex,-3.6875,False,1.125,True
simple,-3.25,False,1.40625,True
instruct,-3.25,False,0.375,True
complex,-3.25,False,1.125,True
simple,-1.5,False,1.375,True
instruct,-1.5,False,0.125,True
complex,-1.5,False,1.0625,True
simple,-4.1875,False,1.21875,True
instruct,-4.1875,False,0.25,True
complex,-4.1875,False,1.1875,True
simple,-5.125,False,1.28125,True
instruct,-5.125,False,0.125,True
complex,-5.125,False,0.96875,True
simple,-2.4375,False,1.28125,True
instruct,-2.4375,False,0.25,True
complex,-2.4375,False,1.0,True
simple,-4.1875,False,0.96875,True
instruct,-4.1875,False,0.1875,True
complex,-4.1875,False,1.125,True
simple,-5.375,False,1.03125,True
instruct,-5.375,False,-0.5,False
complex,-5.375,False,0.96875,True
simple,-1.5625,False,1.125,True
instruct,-1.5625,False,0.125,True
complex,-1.5625,False,1.25,True
simple,-2.375,False,1.0,True
instruct,-2.375,False,0.25,True
complex,-2.375,False,0.5625,True
simple,-4.1875,False,1.0,True
instruct,-4.1875,False,-0.1875,False
complex,-4.1875,False,1.0625,True
simple,-5.5625,False,1.46875,True
instruct,-5.5625,False,0.125,True
complex,-5.5625,False,1.125,True
simple,-5.0625,False,1.21875,True
instruct,-5.0625,False,0.0625,True
complex,-5.0625,False,1.0,True
simple,-3.25,False,1.375,True
instruct,-3.25,False,0.0625,True
complex,-3.25,False,1.25,True
simple,-3.4375,False,1.40625,True
instruct,-3.4375,False,0.4375,True
complex,-3.4375,False,1.03125,True
simple,-4.9375,False,1.34375,True
instruct,-4.9375,False,0.375,True
complex,-4.9375,False,1.09375,True
simple,-4.8125,False,0.6875,True
instruct,-4.8125,False,-0.125,False
complex,-4.8125,False,0.96875,True
simple,-4.0625,False,1.125,True
instruct,-4.0625,False,0.375,True
complex,-4.0625,False,0.9375,True
simple,-5.0625,False,1.3125,True
instruct,-5.0625,False,0.3125,True
complex,-5.0625,False,1.1875,True
simple,-4.0625,False,1.125,True
instruct,-4.0625,False,-0.25,False
complex,-4.0625,False,1.0,True
simple,-5.125,False,1.09375,True
instruct,-5.125,False,-0.0625,False
complex,-5.125,False,0.90625,True
simple,-4.375,False,1.15625,True
instruct,-4.375,False,0.0,False
complex,-4.375,False,0.84375,True
simple,-3.6875,False,1.3125,True
instruct,-3.6875,False,0.25,True
complex,-3.6875,False,0.9375,True
simple,-2.4375,False,1.21875,True
instruct,-2.4375,False,0.1875,True
complex,-2.4375,False,1.125,True
simple,-2.5625,False,1.3125,True
instruct,-2.5625,False,0.0625,True
complex,-2.5625,False,1.03125,True
simple,-4.5625,False,1.0,True
instruct,-4.5625,False,-0.375,False
complex,-4.5625,False,0.8125,True
simple,-6.8125,False,0.96875,True
instruct,-6.8125,False,-0.1875,False
complex,-6.8125,False,0.96875,True
simple,-3.0625,False,1.28125,True
instruct,-3.0625,False,-0.25,False
complex,-3.0625,False,1.03125,True
simple,-2.6875,False,1.125,True
instruct,-2.6875,False,-0.0625,False
complex,-2.6875,False,0.78125,True
simple,-3.9375,False,1.0625,True
instruct,-3.9375,False,0.125,True
complex,-3.9375,False,1.125,True
simple,-4.6875,False,1.53125,True
instruct,-4.6875,False,-0.0625,False
complex,-4.6875,False,0.84375,True
simple,-4.1875,False,1.21875,True
instruct,-4.1875,False,0.4375,True
complex,-4.1875,False,0.65625,True
simple,-4.125,False,0.9375,True
instruct,-4.125,False,0.5625,True
complex,-4.125,False,1.0625,True
simple,-4.25,False,1.0,True
instruct,-4.25,False,0.0625,True
complex,-4.25,False,1.15625,True
simple,-5.6875,False,0.8125,True
instruct,-5.6875,False,-0.375,False
complex,-5.6875,False,0.78125,True
simple,-3.4375,False,1.1875,True
instruct,-3.4375,False,0.0625,True
complex,-3.4375,False,0.875,True
simple,-4.3125,False,1.15625,True
instruct,-4.3125,False,0.25,True
complex,-4.3125,False,1.09375,True
simple,-5.75,False,1.28125,True
instruct,-5.75,False,-0.125,False
complex,-5.75,False,0.90625,True
simple,-1.3125,False,1.0625,True
instruct,-1.3125,False,-0.125,False
complex,-1.3125,False,1.21875,True
simple,-4.125,False,0.8125,True
instruct,-4.125,False,0.25,True
complex,-4.125,False,0.90625,True
simple,-5.5,False,1.125,True
instruct,-5.5,False,-0.1875,False
complex,-5.5,False,0.8125,True
simple,-4.625,False,1.09375,True
instruct,-4.625,False,-0.25,False
complex,-4.625,False,1.0,True
simple,-4.6875,False,1.1875,True
instruct,-4.6875,False,-0.125,False
complex,-4.6875,False,1.0,True
simple,-2.375,False,1.0625,True
instruct,-2.375,False,0.125,True
complex,-2.375,False,1.125,True
simple,-2.625,False,1.28125,True
instruct,-2.625,False,0.0625,True
complex,-2.625,False,0.96875,True
simple,-3.0,False,1.28125,True
instruct,-3.0,False,0.0625,True
complex,-3.0,False,0.75,True
simple,-3.25,False,0.78125,True
instruct,-3.25,False,0.0,False
complex,-3.25,False,1.0,True
simple,-5.125,False,1.28125,True
instruct,-5.125,False,0.3125,True
complex,-5.125,False,1.0625,True
simple,-1.875,False,1.0625,True
instruct,-1.875,False,0.3125,True
complex,-1.875,False,0.65625,True
simple,-4.25,False,1.1875,True
instruct,-4.25,False,0.0625,True
complex,-4.25,False,0.875,True
simple,-3.8125,False,1.21875,True
instruct,-3.8125,False,0.0,False
complex,-3.8125,False,1.09375,True
simple,-4.75,False,1.125,True
instruct,-4.75,False,-0.0625,False
complex,-4.75,False,0.6875,True
simple,-3.4375,False,0.9375,True
instruct,-3.4375,False,0.4375,True
complex,-3.4375,False,1.03125,True
simple,-2.4375,False,1.09375,True
instruct,-2.4375,False,-0.0625,False
complex,-2.4375,False,0.9375,True
simple,-3.8125,False,1.34375,True
instruct,-3.8125,False,0.0,False
complex,-3.8125,False,0.96875,True
simple,-2.5625,False,1.15625,True
instruct,-2.5625,False,-0.0625,False
complex,-2.5625,False,1.125,True
simple,-4.1875,False,1.46875,True
instruct,-4.1875,False,0.4375,True
complex,-4.1875,False,0.65625,True
simple,-5.375,False,1.125,True
instruct,-5.375,False,-0.3125,False
complex,-5.375,False,0.84375,True
simple,-4.0625,False,1.25,True
instruct,-4.0625,False,-0.125,False
complex,-4.0625,False,0.84375,True
simple,-3.1875,False,0.9375,True
instruct,-3.1875,False,-0.0625,False
complex,-3.1875,False,1.0625,True
simple,-4.625,False,0.90625,True
instruct,-4.625,False,-0.0625,False
complex,-4.625,False,1.15625,True
simple,-3.875,False,1.5,True
instruct,-3.875,False,0.0,False
complex,-3.875,False,0.875,True
simple,-5.625,False,1.1875,True
instruct,-5.625,False,0.0625,True
complex,-5.625,False,0.9375,True
simple,-4.625,False,1.40625,True
instruct,-4.625,False,0.1875,True
complex,-4.625,False,1.0,True
simple,-4.3125,False,1.15625,True
instruct,-4.3125,False,-0.25,False
complex,-4.3125,False,0.875,True
simple,-5.625,False,1.21875,True
instruct,-5.625,False,-0.0625,False
complex,-5.625,False,0.84375,True
simple,-5.375,False,0.96875,True
instruct,-5.375,False,0.0625,True
complex,-5.375,False,0.90625,True
simple,-2.375,False,1.34375,True
instruct,-2.375,False,0.125,True
complex,-2.375,False,1.125,True
simple,-6.25,False,0.8125,True
instruct,-6.25,False,0.375,True
complex,-6.25,False,1.09375,True
simple,-2.3125,False,1.125,True
instruct,-2.3125,False,0.375,True
complex,-2.3125,False,1.1875,True
simple,-0.875,False,1.28125,True
instruct,-0.875,False,0.0625,True
complex,-0.875,False,1.09375,True
simple,-4.125,False,1.34375,True
instruct,-4.125,False,0.125,True
complex,-4.125,False,1.03125,True
simple,-0.625,False,1.15625,True
instruct,-0.625,False,0.125,True
complex,-0.625,False,1.09375,True
simple,-2.9375,False,1.34375,True
instruct,-2.9375,False,-0.375,False
complex,-2.9375,False,0.90625,True
simple,-2.25,False,0.96875,True
instruct,-2.25,False,-0.1875,False
complex,-2.25,False,1.09375,True
simple,-2.8125,False,0.875,True
instruct,-2.8125,False,0.0625,True
complex,-2.8125,False,1.0625,True
simple,-3.75,False,1.0,True
instruct,-3.75,False,-0.3125,False
complex,-3.75,False,1.28125,True
simple,-6.375,False,1.3125,True
instruct,-6.375,False,-0.1875,False
complex,-6.375,False,1.25,True
simple,-5.25,False,0.875,True
instruct,-5.25,False,0.25,True
complex,-5.25,False,1.28125,True
simple,-6.6875,False,1.03125,True
instruct,-6.6875,False,0.125,True
complex,-6.6875,False,1.125,True
simple,-5.0,False,1.125,True
instruct,-5.0,False,0.3125,True
complex,-5.0,False,0.8125,True
simple,-8.5,False,0.96875,True
instruct,-8.5,False,0.3125,True
complex,-8.5,False,0.96875,True
simple,-2.5625,False,0.84375,True
instruct,-2.5625,False,0.0625,True
complex,-2.5625,False,0.59375,True
simple,-4.875,False,0.65625,True
instruct,-4.875,False,-0.3125,False
complex,-4.875,False,1.09375,True
simple,-1.0625,False,1.0625,True
instruct,-1.0625,False,0.1875,True
complex,-1.0625,False,0.9375,True
simple,-4.5625,False,1.3125,True
instruct,-4.5625,False,0.0625,True
complex,-4.5625,False,0.9375,True
simple,-2.9375,False,0.875,True
instruct,-2.9375,False,-0.125,False
complex,-2.9375,False,0.78125,True
simple,-2.4375,False,1.15625,True
instruct,-2.4375,False,-0.1875,False
complex,-2.4375,False,1.375,True
simple,-3.5,False,1.15625,True
instruct,-3.5,False,0.375,True
complex,-3.5,False,1.3125,True
simple,-1.875,False,1.1875,True
instruct,-1.875,False,0.1875,True
complex,-1.875,False,1.3125,True
simple,-4.25,False,1.15625,True
instruct,-4.25,False,0.0,False
complex,-4.25,False,1.125,True
simple,-5.0,False,1.09375,True
instruct,-5.0,False,0.125,True
complex,-5.0,False,1.28125,True
simple,-3.9375,False,1.125,True
instruct,-3.9375,False,0.0,False
complex,-3.9375,False,1.1875,True
simple,-5.5,False,1.0625,True
instruct,-5.5,False,0.125,True
complex,-5.5,False,1.25,True
simple,-3.0625,False,1.21875,True
instruct,-3.0625,False,-0.1875,False
complex,-3.0625,False,1.34375,True
simple,-3.3125,False,1.03125,True
instruct,-3.3125,False,0.1875,True
complex,-3.3125,False,1.15625,True
simple,-3.5625,False,1.25,True
instruct,-3.5625,False,-0.0625,False
complex,-3.5625,False,1.1875,True
simple,-3.5625,False,1.0625,True
instruct,-3.5625,False,0.0,False
complex,-3.5625,False,1.125,True
simple,-4.25,False,1.0,True
instruct,-4.25,False,0.0,False
complex,-4.25,False,1.03125,True
simple,-3.75,False,1.0625,True
instruct,-3.75,False,0.0,False
complex,-3.75,False,1.09375,True
simple,-2.75,False,1.1875,True
instruct,-2.75,False,0.125,True
complex,-2.75,False,1.1875,True
simple,-3.375,False,1.09375,True
instruct,-3.375,False,0.0625,True
complex,-3.375,False,1.125,True
simple,-2.9375,False,1.15625,True
instruct,-2.9375,False,0.4375,True
complex,-2.9375,False,1.3125,True
simple,-2.6875,False,1.09375,True
instruct,-2.6875,False,0.0625,True
complex,-2.6875,False,1.3125,True
simple,-2.5,False,1.0625,True
instruct,-2.5,False,-0.1875,False
complex,-2.5,False,1.09375,True
simple,-2.9375,False,1.125,True
instruct,-2.9375,False,0.125,True
complex,-2.9375,False,1.25,True
simple,-3.1875,False,1.15625,True
instruct,-3.1875,False,0.125,True
complex,-3.1875,False,1.28125,True
simple,-3.3125,False,1.0625,True
instruct,-3.3125,False,0.0,False
complex,-3.3125,False,1.21875,True
simple,-2.375,False,1.28125,True
instruct,-2.375,False,0.0625,True
complex,-2.375,False,1.28125,True
simple,-3.4375,False,1.1875,True
instruct,-3.4375,False,0.1875,True
complex,-3.4375,False,1.1875,True
simple,-3.125,False,1.09375,True
instruct,-3.125,False,0.25,True
complex,-3.125,False,1.5,True
simple,-3.75,False,1.0625,True
instruct,-3.75,False,0.125,True
complex,-3.75,False,1.25,True
simple,-3.1875,False,1.1875,True
instruct,-3.1875,False,0.125,True
complex,-3.1875,False,1.34375,True
simple,-3.375,False,1.125,True
instruct,-3.375,False,0.28125,True
complex,-3.375,False,1.375,True
simple,-2.0625,False,1.15625,True
instruct,-2.0625,False,0.125,True
complex,-2.0625,False,1.3125,True
simple,-3.75,False,1.1875,True
instruct,-3.75,False,-0.28125,False
complex,-3.75,False,1.25,True
simple,-1.75,False,1.03125,True
instruct,-1.75,False,0.125,True
complex,-1.75,False,1.34375,True
simple,-0.875,False,1.21875,True
instruct,-0.875,False,0.0625,True
complex,-0.875,False,1.1875,True
simple,-2.8125,False,0.96875,True
instruct,-2.8125,False,0.0625,True
complex,-2.8125,False,1.375,True
simple,-2.9375,False,1.15625,True
instruct,-2.9375,False,0.25,True
complex,-2.9375,False,1.1875,True
simple,-3.5,False,1.09375,True
instruct,-3.5,False,0.3125,True
complex,-3.5,False,1.3125,True
simple,-4.375,False,1.15625,True
instruct,-4.375,False,0.34375,True
complex,-4.375,False,1.25,True
simple,-2.1875,False,1.1875,True
instruct,-2.1875,False,0.375,True
complex,-2.1875,False,1.28125,True
simple,-1.25,False,1.15625,True
instruct,-1.25,False,0.25,True
complex,-1.25,False,1.3125,True
simple,-3.3125,False,1.1875,True
instruct,-3.3125,False,0.40625,True
complex,-3.3125,False,1.3125,True
simple,-3.1875,False,1.15625,True
instruct,-3.1875,False,0.125,True
complex,-3.1875,False,1.28125,True
simple,-6.1875,False,1.09375,True
instruct,-6.1875,False,0.0625,True
complex,-6.1875,False,0.875,True
simple,-2.375,False,0.71875,True
instruct,-2.375,False,-0.3125,False
complex,-2.375,False,1.125,True
simple,-4.0625,False,1.0625,True
instruct,-4.0625,False,0.0625,True
complex,-4.0625,False,1.21875,True
simple,-2.4375,False,1.0625,True
instruct,-2.4375,False,0.4375,True
complex,-2.4375,False,1.34375,True
simple,-3.4375,False,1.03125,True
instruct,-3.4375,False,0.0,False
complex,-3.4375,False,1.09375,True
simple,-3.4375,False,1.15625,True
instruct,-3.4375,False,-0.125,False
complex,-3.4375,False,1.28125,True
simple,-3.9375,False,1.09375,True
instruct,-3.9375,False,0.1875,True
complex,-3.9375,False,1.34375,True
simple,-3.0625,False,1.15625,True
instruct,-3.0625,False,-0.1875,False
complex,-3.0625,False,1.34375,True
simple,-3.4375,False,1.03125,True
instruct,-3.4375,False,-0.46875,False
complex,-3.4375,False,1.125,True
simple,-3.5625,False,1.09375,True
instruct,-3.5625,False,-0.1875,False
complex,-3.5625,False,1.375,True
simple,-2.5625,False,1.03125,True
instruct,-2.5625,False,0.3125,True
complex,-2.5625,False,1.09375,True
simple,-3.25,False,1.25,True
instruct,-3.25,False,-0.09375,False
complex,-3.25,False,1.25,True
simple,-3.3125,False,1.1875,True
instruct,-3.3125,False,0.0625,True
complex,-3.3125,False,1.3125,True
simple,-2.3125,False,0.96875,True
instruct,-2.3125,False,0.40625,True
complex,-2.3125,False,1.21875,True
simple,-3.4375,False,1.15625,True
instruct,-3.4375,False,-0.0625,False
complex,-3.4375,False,1.28125,True
simple,-4.25,False,1.1875,True
instruct,-4.25,False,0.3125,True
complex,-4.25,False,1.21875,True
simple,-3.5,False,1.21875,True
instruct,-3.5,False,-0.59375,False
complex,-3.5,False,1.0625,True
simple,-2.875,False,1.125,True
instruct,-2.875,False,-0.25,False
complex,-2.875,False,1.34375,True
simple,-3.1875,False,1.15625,True
instruct,-3.1875,False,0.0,False
complex,-3.1875,False,1.25,True
simple,-2.375,False,1.21875,True
instruct,-2.375,False,0.0,False
complex,-2.375,False,1.1875,True
simple,-4.3125,False,1.15625,True
instruct,-4.3125,False,0.0625,True
complex,-4.3125,False,1.3125,True
simple,-2.25,False,1.125,True
instruct,-2.25,False,-0.0625,False
complex,-2.25,False,1.1875,True
simple,-3.625,False,1.125,True
instruct,-3.625,False,0.25,True
complex,-3.625,False,1.28125,True
simple,-3.1875,False,0.8125,True
instruct,-3.1875,False,-0.25,False
complex,-3.1875,False,1.03125,True
simple,-1.3125,False,1.09375,True
instruct,-1.3125,False,-0.1875,False
complex,-1.3125,False,1.3125,True
simple,-2.5,False,1.15625,True
instruct,-2.5,False,0.3125,True
complex,-2.5,False,1.34375,True
simple,-3.3125,False,1.125,True
instruct,-3.3125,False,0.3125,True
complex,-3.3125,False,1.375,True
simple,-3.8125,False,1.21875,True
instruct,-3.8125,False,-0.1875,False
complex,-3.8125,False,1.25,True
simple,-3.25,False,1.15625,True
instruct,-3.25,False,0.1875,True
complex,-3.25,False,1.1875,True
simple,-3.9375,False,1.15625,True
instruct,-3.9375,False,0.0,False
complex,-3.9375,False,1.375,True
simple,-3.75,False,1.1875,True
instruct,-3.75,False,0.1875,True
complex,-3.75,False,1.25,True
simple,-3.0,False,1.03125,True
instruct,-3.0,False,0.25,True
complex,-3.0,False,1.1875,True
simple,-4.125,False,1.15625,True
instruct,-4.125,False,0.125,True
complex,-4.125,False,1.34375,True
simple,-2.875,False,1.125,True
instruct,-2.875,False,0.28125,True
complex,-2.875,False,1.25,True
simple,-3.8125,False,1.125,True
instruct,-3.8125,False,0.0,False
complex,-3.8125,False,1.1875,True
simple,-1.5,False,1.28125,True
instruct,-1.5,False,0.25,True
complex,-1.5,False,1.46875,True
simple,-1.75,False,1.1875,True
instruct,-1.75,False,0.4375,True
complex,-1.75,False,1.4375,True
simple,-2.5625,False,1.09375,True
instruct,-2.5625,False,0.25,True
complex,-2.5625,False,1.28125,True
simple,-3.71875,False,1.21875,True
instruct,-3.71875,False,0.125,True
complex,-3.71875,False,1.21875,True
simple,-4.0625,False,1.0625,True
instruct,-4.0625,False,0.21875,True
complex,-4.0625,False,1.25,True
simple,-3.8125,False,1.09375,True
instruct,-3.8125,False,0.0,False
complex,-3.8125,False,1.21875,True
simple,-2.75,False,1.15625,True
instruct,-2.75,False,0.125,True
complex,-2.75,False,1.25,True
simple,-4.3125,False,1.1875,True
instruct,-4.3125,False,0.0,False
complex,-4.3125,False,1.1875,True
simple,-3.625,False,1.125,True
instruct,-3.625,False,-0.375,False
complex,-3.625,False,1.1875,True
simple,-2.75,False,1.03125,True
instruct,-2.75,False,0.1875,True
complex,-2.75,False,1.375,True
simple,-3.6875,False,1.1875,True
instruct,-3.6875,False,-0.0625,False
complex,-3.6875,False,1.15625,True
simple,-2.875,False,1.125,True
instruct,-2.875,False,0.1875,True
complex,-2.875,False,1.21875,True
simple,-5.0,False,1.03125,True
instruct,-5.0,False,0.0,False
complex,-5.0,False,1.3125,True
simple,-5.34375,False,1.0625,True
instruct,-5.34375,False,0.0,False
complex,-5.34375,False,1.3125,True
simple,-3.4375,False,1.09375,True
instruct,-3.4375,False,-0.125,False
complex,-3.4375,False,1.1875,True
simple,-2.9375,False,1.09375,True
instruct,-2.9375,False,-0.0625,False
complex,-2.9375,False,1.21875,True
simple,-4.65625,False,1.1875,True
instruct,-4.65625,False,0.0,False
complex,-4.65625,False,1.3125,True
simple,-2.6875,False,1.25,True
instruct,-2.6875,False,0.125,True
complex,-2.6875,False,1.25,True
simple,-2.375,False,1.1875,True
instruct,-2.375,False,0.125,True
complex,-2.375,False,1.4375,True
simple,-4.5625,False,1.15625,True
instruct,-4.5625,False,0.0,False
complex,-4.5625,False,1.25,True
simple,-2.25,False,1.03125,True
instruct,-2.25,False,0.1875,True
complex,-2.25,False,1.46875,True
simple,-4.3125,False,1.15625,True
instruct,-4.3125,False,0.125,True
complex,-4.3125,False,1.25,True
simple,-3.0625,False,1.15625,True
instruct,-3.0625,False,0.0625,True
complex,-3.0625,False,1.25,True
simple,-3.4375,False,1.21875,True
instruct,-3.4375,False,0.0,False
complex,-3.4375,False,1.15625,True
simple,-3.4375,False,1.09375,True
instruct,-3.4375,False,0.375,True
complex,-3.4375,False,1.46875,True
simple,-1.875,False,1.125,True
instruct,-1.875,False,0.0625,True
complex,-1.875,False,1.3125,True
simple,-7.3125,False,0.9375,True
instruct,-7.3125,False,-0.25,False
complex,-7.3125,False,1.46875,True
simple,-7.375,False,1.0625,True
instruct,-7.375,False,-0.1875,False
complex,-7.375,False,1.46875,True
simple,-7.6875,False,1.1875,True
instruct,-7.6875,False,-0.0625,False
complex,-7.6875,False,1.59375,True
simple,-6.78125,False,1.03125,True
instruct,-6.78125,False,0.0,False
complex,-6.78125,False,1.46875,True
simple,-6.1875,False,1.0625,True
instruct,-6.1875,False,0.0,False
complex,-6.1875,False,1.59375,True
simple,-7.3125,False,1.25,True
instruct,-7.3125,False,-0.125,False
complex,-7.3125,False,1.625,True
simple,-6.375,False,0.9375,True
instruct,-6.375,False,-0.125,False
complex,-6.375,False,1.40625,True
simple,-8.5,False,1.125,True
instruct,-8.5,False,-0.25,False
complex,-8.5,False,1.4375,True
simple,-7.375,False,1.0,True
instruct,-7.375,False,0.0,False
complex,-7.375,False,1.5625,True
simple,-6.375,False,1.09375,True
instruct,-6.375,False,-0.0625,False
complex,-6.375,False,1.5625,True
simple,-6.4375,False,1.0625,True
instruct,-6.4375,False,0.0625,True
complex,-6.4375,False,1.59375,True
simple,-6.6875,False,1.125,True
instruct,-6.6875,False,-0.125,False
complex,-6.6875,False,1.625,True
simple,-6.4375,False,1.0625,True
instruct,-6.4375,False,-0.1875,False
complex,-6.4375,False,1.5,True
simple,-6.0625,False,1.125,True
instruct,-6.0625,False,-0.0625,False
complex,-6.0625,False,1.5625,True
simple,-7.625,False,1.03125,True
instruct,-7.625,False,-0.125,False
complex,-7.625,False,1.4375,True
simple,-7.0,False,1.03125,True
instruct,-7.0,False,-0.0625,False
complex,-7.0,False,1.59375,True
simple,-5.9375,False,1.1875,True
instruct,-5.9375,False,0.0625,True
complex,-5.9375,False,1.625,True
simple,-5.9375,False,1.09375,True
instruct,-5.9375,False,0.125,True
complex,-5.9375,False,1.625,True
simple,-7.375,False,1.0,True
instruct,-7.375,False,-0.125,False
complex,-7.375,False,1.5625,True
simple,-8.25,False,1.03125,True
instruct,-8.25,False,0.3125,True
complex,-8.25,False,1.53125,True
simple,-6.625,False,1.0625,True
instruct,-6.625,False,0.0625,True
complex,-6.625,False,1.34375,True
simple,-6.625,False,1.0625,True
instruct,-6.625,False,-0.4375,False
complex,-6.625,False,1.4375,True
simple,-6.625,False,0.9375,True
instruct,-6.625,False,-0.5,False
complex,-6.625,False,1.5625,True
simple,-7.8125,False,0.96875,True
instruct,-7.8125,False,0.0,False
complex,-7.8125,False,1.46875,True
simple,-8.0625,False,1.21875,True
instruct,-8.0625,False,0.0625,True
complex,-8.0625,False,1.4375,True
simple,-6.875,False,0.9375,True
instruct,-6.875,False,0.0,False
complex,-6.875,False,1.25,True
simple,-6.375,False,1.09375,True
instruct,-6.375,False,-0.125,False
complex,-6.375,False,1.375,True
simple,-6.375,False,1.21875,True
instruct,-6.375,False,-0.1875,False
complex,-6.375,False,1.5625,True
simple,-6.3125,False,0.96875,True
instruct,-6.3125,False,-0.1875,False
complex,-6.3125,False,1.46875,True
simple,-6.6875,False,1.21875,True
instruct,-6.6875,False,-0.0625,False
complex,-6.6875,False,1.65625,True
simple,-7.0,False,0.75,True
instruct,-7.0,False,-0.1875,False
complex,-7.0,False,1.59375,True
simple,-8.5,False,1.03125,True
instruct,-8.5,False,-0.1875,False
complex,-8.5,False,1.40625,True
simple,-7.8125,False,1.09375,True
instruct,-7.8125,False,-0.125,False
complex,-7.8125,False,1.40625,True
simple,-7.0,False,1.03125,True
instruct,-7.0,False,0.0,False
complex,-7.0,False,1.5,True
simple,-7.5625,False,1.15625,True
instruct,-7.5625,False,-0.125,False
complex,-7.5625,False,1.5625,True
simple,-8.3125,False,0.875,True
instruct,-8.3125,False,-0.125,False
complex,-8.3125,False,1.46875,True
simple,-7.75,False,0.71875,True
instruct,-7.75,False,-0.25,False
complex,-7.75,False,1.5,True
simple,-6.625,False,1.0,True
instruct,-6.625,False,-0.1875,False
complex,-6.625,False,1.5,True
simple,-7.5625,False,1.03125,True
instruct,-7.5625,False,0.0,False
complex,-7.5625,False,1.65625,True
simple,-7.9375,False,1.0625,True
instruct,-7.9375,False,-0.1875,False
complex,-7.9375,False,1.46875,True
simple,-7.5,False,1.09375,True
instruct,-7.5,False,0.0,False
complex,-7.5,False,1.53125,True
simple,-7.9375,False,0.6875,True
instruct,-7.9375,False,-0.4375,False
complex,-7.9375,False,1.53125,True
simple,-6.875,False,1.21875,True
instruct,-6.875,False,0.0625,True
complex,-6.875,False,1.5,True
simple,-8.4375,False,1.03125,True
instruct,-8.4375,False,0.0625,True
complex,-8.4375,False,1.625,True
simple,-6.8125,False,1.125,True
instruct,-6.8125,False,-0.125,False
complex,-6.8125,False,1.40625,True
simple,-7.1875,False,1.125,True
instruct,-7.1875,False,-0.0625,False
complex,-7.1875,False,1.53125,True
simple,-7.3125,False,1.03125,True
instruct,-7.3125,False,-0.4375,False
complex,-7.3125,False,1.4375,True
simple,-8.3125,False,1.03125,True
instruct,-8.3125,False,0.0,False
complex,-8.3125,False,1.5625,True
simple,-7.3125,False,1.0,True
instruct,-7.3125,False,-0.125,False
complex,-7.3125,False,1.53125,True
simple,-7.125,False,1.0625,True
instruct,-7.125,False,-0.25,False
complex,-7.125,False,1.4375,True
simple,-9.875,False,0.84375,True
instruct,-9.875,False,0.1875,True
complex,-9.875,False,1.4375,True
simple,-6.75,False,1.0,True
instruct,-6.75,False,-0.3125,False
complex,-6.75,False,1.46875,True
simple,-8.3125,False,0.96875,True
instruct,-8.3125,False,-0.3125,False
complex,-8.3125,False,1.46875,True
simple,-7.625,False,1.15625,True
instruct,-7.625,False,-0.0625,False
complex,-7.625,False,1.53125,True
simple,-8.25,False,0.90625,True
instruct,-8.25,False,0.0625,True
complex,-8.25,False,1.5,True
simple,-7.6875,False,0.875,True
instruct,-7.6875,False,-0.25,False
complex,-7.6875,False,1.34375,True
simple,-7.0,False,1.125,True
instruct,-7.0,False,0.0,False
complex,-7.0,False,1.5,True
simple,-7.5,False,0.9375,True
instruct,-7.5,False,-0.3125,False
complex,-7.5,False,1.40625,True
simple,-7.0,False,0.84375,True
instruct,-7.0,False,-0.0625,False
complex,-7.0,False,1.5625,True
simple,-17.5625,False,0.8125,True
instruct,-17.5625,False,-0.375,False
complex,-17.5625,False,1.46875,True
simple,-6.625,False,1.03125,True
instruct,-6.625,False,-0.125,False
complex,-6.625,False,1.53125,True
simple,-7.8125,False,0.875,True
instruct,-7.8125,False,-0.125,False
complex,-7.8125,False,1.46875,True
simple,-7.5,False,0.9375,True
instruct,-7.5,False,-0.1875,False
complex,-7.5,False,1.625,True
simple,-8.0,False,0.90625,True
instruct,-8.0,False,-0.25,False
complex,-8.0,False,1.40625,True
simple,-8.6875,False,1.0,True
instruct,-8.6875,False,0.0625,True
complex,-8.6875,False,1.59375,True
simple,-7.9375,False,1.1875,True
instruct,-7.9375,False,0.0,False
complex,-7.9375,False,1.65625,True
simple,-6.5,False,1.0,True
instruct,-6.5,False,-0.125,False
complex,-6.5,False,1.28125,True
simple,-7.625,False,1.0625,True
instruct,-7.625,False,-0.0625,False
complex,-7.625,False,1.53125,True
simple,-6.375,False,1.09375,True
instruct,-6.375,False,-0.1875,False
complex,-6.375,False,1.40625,True
simple,-6.8125,False,1.0625,True
instruct,-6.8125,False,0.0,False
complex,-6.8125,False,1.46875,True
simple,-5.9375,False,0.8125,True
instruct,-5.9375,False,-0.0625,False
complex,-5.9375,False,1.375,True
simple,-7.1875,False,1.09375,True
instruct,-7.1875,False,0.0625,True
complex,-7.1875,False,1.53125,True
simple,-6.8125,False,0.875,True
instruct,-6.8125,False,0.125,True
complex,-6.8125,False,1.5,True
simple,-5.875,False,1.15625,True
instruct,-5.875,False,-0.25,False
complex,-5.875,False,1.4375,True
simple,-7.75,False,0.9375,True
instruct,-7.75,False,0.0,False
complex,-7.75,False,1.5625,True
simple,-7.5,False,0.9375,True
instruct,-7.5,False,-0.125,False
complex,-7.5,False,1.40625,True
simple,-6.8125,False,1.03125,True
instruct,-6.8125,False,-0.0625,False
complex,-6.8125,False,1.375,True
simple,-5.125,False,1.125,True
instruct,-5.125,False,-0.1875,False
complex,-5.125,False,1.46875,True
simple,-8.1875,False,0.875,True
instruct,-8.1875,False,-0.25,False
complex,-8.1875,False,1.4375,True
simple,-7.875,False,1.0625,True
instruct,-7.875,False,-0.0625,False
complex,-7.875,False,1.375,True
simple,-8.25,False,0.9375,True
instruct,-8.25,False,-0.3125,False
complex,-8.25,False,1.46875,True
simple,-8.125,False,1.125,True
instruct,-8.125,False,-0.25,False
complex,-8.125,False,1.5,True
simple,-7.75,False,0.84375,True
instruct,-7.75,False,-0.1875,False
complex,-7.75,False,1.65625,True
simple,-6.75,False,1.0625,True
instruct,-6.75,False,-0.25,False
complex,-6.75,False,1.59375,True
simple,-7.4375,False,1.03125,True
instruct,-7.4375,False,-0.125,False
complex,-7.4375,False,1.53125,True
simple,-6.6875,False,0.875,True
instruct,-6.6875,False,0.0,False
complex,-6.6875,False,1.34375,True
simple,-6.5,False,0.9375,True
instruct,-6.5,False,-0.125,False
complex,-6.5,False,1.53125,True
simple,-6.0625,False,0.96875,True
instruct,-6.0625,False,-0.125,False
complex,-6.0625,False,1.625,True
simple,-5.6875,False,1.09375,True
instruct,-5.6875,False,-0.0625,False
complex,-5.6875,False,1.46875,True
simple,-7.6875,False,1.0,True
instruct,-7.6875,False,-0.3125,False
complex,-7.6875,False,1.5625,True
simple,-7.375,False,0.8125,True
instruct,-7.375,False,-0.125,False
complex,-7.375,False,1.34375,True
simple,-6.75,False,1.15625,True
instruct,-6.75,False,-0.0625,False
complex,-6.75,False,1.46875,True
simple,-6.8125,False,1.0,True
instruct,-6.8125,False,-0.125,False
complex,-6.8125,False,1.53125,True
simple,-6.5625,False,0.9375,True
instruct,-6.5625,False,-0.4375,False
complex,-6.5625,False,1.625,True
simple,-8.5,False,0.96875,True
instruct,-8.5,False,-0.5,False
complex,-8.5,False,1.28125,True
simple,-5.1875,False,1.15625,True
instruct,-5.1875,False,-0.3125,False
complex,-5.1875,False,1.34375,True
simple,-7.5625,False,0.875,True
instruct,-7.5625,False,-0.125,False
complex,-7.5625,False,1.5,True
simple,-8.625,False,0.875,True
instruct,-8.625,False,-0.125,False
complex,-8.625,False,1.4375,True
simple,-7.125,False,0.90625,True
instruct,-7.125,False,-0.0625,False
complex,-7.125,False,1.46875,True
simple,-5.9375,False,1.21875,True
instruct,-5.9375,False,-0.1875,False
complex,-5.9375,False,1.34375,True
simple,-2.875,False,0.9375,True
instruct,-2.875,False,0.125,True
complex,-2.875,False,0.90625,True
simple,-4.9375,False,1.03125,True
instruct,-4.9375,False,-0.0625,False
complex,-4.9375,False,1.03125,True
simple,-5.625,False,0.6875,True
instruct,-5.625,False,-0.4375,False
complex,-5.625,False,1.125,True
simple,-4.75,False,0.875,True
instruct,-4.75,False,-0.5,False
complex,-4.75,False,0.375,True
simple,-3.125,False,1.0,True
instruct,-3.125,False,0.125,True
complex,-3.125,False,1.21875,True
simple,-21.25,False,1.125,True
instruct,-21.25,False,0.375,True
complex,-21.25,False,1.25,True
simple,-5.4375,False,0.9375,True
instruct,-5.4375,False,-0.125,False
complex,-5.4375,False,0.9375,True
simple,-3.9375,False,0.8125,True
instruct,-3.9375,False,-0.0625,False
complex,-3.9375,False,1.0625,True
simple,-5.75,False,0.9375,True
instruct,-5.75,False,0.0,False
complex,-5.75,False,1.0625,True
simple,-5.3125,False,1.0,True
instruct,-5.3125,False,-0.125,False
complex,-5.3125,False,1.09375,True
simple,-6.125,False,0.875,True
instruct,-6.125,False,-0.25,False
complex,-6.125,False,0.96875,True
simple,-5.5,False,0.875,True
instruct,-5.5,False,-0.125,False
complex,-5.5,False,0.90625,True
simple,-5.25,False,1.09375,True
instruct,-5.25,False,-0.1875,False
complex,-5.25,False,1.1875,True
simple,-2.0,False,1.28125,True
instruct,-2.0,False,-0.25,False
complex,-2.0,False,1.0,True
simple,-3.625,False,0.9375,True
instruct,-3.625,False,-0.25,False
complex,-3.625,False,1.125,True
simple,-4.625,False,1.0,True
instruct,-4.625,False,-0.125,False
complex,-4.625,False,1.1875,True
simple,-3.125,False,1.25,True
instruct,-3.125,False,0.0625,True
complex,-3.125,False,1.0,True
simple,-6.1875,False,1.09375,True
instruct,-6.1875,False,-0.1875,False
complex,-6.1875,False,1.0,True
simple,-3.375,False,1.15625,True
instruct,-3.375,False,0.0,False
complex,-3.375,False,1.125,True
simple,-2.375,False,1.1875,True
instruct,-2.375,False,-0.125,False
complex,-2.375,False,1.21875,True
simple,-5.3125,False,1.03125,True
instruct,-5.3125,False,-0.0625,False
complex,-5.3125,False,1.0,True
simple,-5.125,False,1.1875,True
instruct,-5.125,False,-0.125,False
complex,-5.125,False,0.8125,True
simple,-5.625,False,1.21875,True
instruct,-5.625,False,0.0625,True
complex,-5.625,False,0.9375,True
simple,-4.125,False,1.25,True
instruct,-4.125,False,-0.125,False
complex,-4.125,False,0.875,True
simple,-3.25,False,0.96875,True
instruct,-3.25,False,-0.125,False
complex,-3.25,False,1.1875,True
simple,-5.5,False,1.15625,True
instruct,-5.5,False,0.0625,True
complex,-5.5,False,1.1875,True
simple,-4.0,False,1.03125,True
instruct,-4.0,False,-0.25,False
complex,-4.0,False,1.125,True
simple,-1.75,False,1.15625,True
instruct,-1.75,False,-0.125,False
complex,-1.75,False,1.125,True
simple,-3.375,False,1.1875,True
instruct,-3.375,False,-0.125,False
complex,-3.375,False,0.9375,True
simple,-3.625,False,1.125,True
instruct,-3.625,False,-0.1875,False
complex,-3.625,False,1.0625,True
simple,-4.5,False,0.78125,True
instruct,-4.5,False,-0.1875,False
complex,-4.5,False,1.15625,True
simple,-4.625,False,0.84375,True
instruct,-4.625,False,-0.0625,False
complex,-4.625,False,1.0625,True
simple,-1.375,False,1.09375,True
instruct,-1.375,False,0.0625,True
complex,-1.375,False,1.125,True
simple,-17.75,False,0.9375,True
instruct,-17.75,False,0.0625,True
complex,-17.75,False,1.15625,True
simple,-2.375,False,1.03125,True
instruct,-2.375,False,-0.4375,False
complex,-2.375,False,1.0625,True
simple,-2.625,False,0.90625,True
instruct,-2.625,False,0.0625,True
complex,-2.625,False,1.25,True
simple,-3.5,False,0.96875,True
instruct,-3.5,False,0.3125,True
complex,-3.5,False,1.28125,True
simple,-3.25,False,0.96875,True
instruct,-3.25,False,0.0,False
complex,-3.25,False,0.875,True
simple,-2.125,False,0.875,True
instruct,-2.125,False,-0.3125,False
complex,-2.125,False,0.96875,True
simple,-3.75,False,1.09375,True
instruct,-3.75,False,0.1875,True
complex,-3.75,False,1.21875,True
simple,-5.0,False,1.25,True
instruct,-5.0,False,-0.0625,False
complex,-5.0,False,1.0625,True
simple,-2.75,False,1.3125,True
instruct,-2.75,False,0.1875,True
complex,-2.75,False,1.21875,True
simple,-2.5,False,0.96875,True
instruct,-2.5,False,0.0625,True
complex,-2.5,False,1.15625,True
simple,-2.0,False,1.0625,True
instruct,-2.0,False,-0.25,False
complex,-2.0,False,0.9375,True
simple,-3.875,False,1.15625,True
instruct,-3.875,False,-0.125,False
complex,-3.875,False,1.125,True
simple,-4.5,False,0.6875,True
instruct,-4.5,False,0.125,True
complex,-4.5,False,1.0625,True
simple,-5.125,False,1.34375,True
instruct,-5.125,False,0.125,True
complex,-5.125,False,1.1875,True
simple,-7.125,False,1.0625,True
instruct,-7.125,False,-0.125,False
complex,-7.125,False,0.90625,True
simple,-2.75,False,0.90625,True
instruct,-2.75,False,0.1875,True
complex,-2.75,False,1.03125,True
simple,-5.625,False,0.96875,True
instruct,-5.625,False,0.0,False
complex,-5.625,False,1.0,True
simple,-3.75,False,1.125,True
instruct,-3.75,False,0.0625,True
complex,-3.75,False,1.125,True
simple,-4.25,False,1.0625,True
instruct,-4.25,False,-0.25,False
complex,-4.25,False,1.0,True
simple,-2.375,False,0.9375,True
instruct,-2.375,False,0.0,False
complex,-2.375,False,1.0625,True
simple,-5.625,False,0.8125,True
instruct,-5.625,False,-0.125,False
complex,-5.625,False,1.0,True
simple,-4.5,False,1.125,True
instruct,-4.5,False,0.0,False
complex,-4.5,False,1.09375,True
simple,-4.5,False,0.9375,True
instruct,-4.5,False,0.125,True
complex,-4.5,False,1.03125,True
simple,-2.0,False,1.125,True
instruct,-2.0,False,0.1875,True
complex,-2.0,False,1.0,True
simple,-3.0,False,1.09375,True
instruct,-3.0,False,-0.125,False
complex,-3.0,False,0.96875,True
simple,-3.625,False,0.6875,True
instruct,-3.625,False,0.0,False
complex,-3.625,False,1.0625,True
simple,-3.25,False,0.96875,True
instruct,-3.25,False,-0.1875,False
complex,-3.25,False,1.1875,True
simple,-4.375,False,0.9375,True
instruct,-4.375,False,-0.1875,False
complex,-4.375,False,1.125,True
simple,-1.25,False,1.15625,True
instruct,-1.25,False,0.125,True
complex,-1.25,False,1.09375,True
simple,-2.625,False,1.1875,True
instruct,-2.625,False,0.0,False
complex,-2.625,False,1.0625,True
simple,-4.25,False,1.09375,True
instruct,-4.25,False,-0.0625,False
complex,-4.25,False,0.9375,True
simple,-2.75,False,1.21875,True
instruct,-2.75,False,0.3125,True
complex,-2.75,False,1.0625,True
simple,-4.125,False,1.03125,True
instruct,-4.125,False,0.125,True
complex,-4.125,False,0.875,True
simple,-2.5,False,1.03125,True
instruct,-2.5,False,-0.125,False
complex,-2.5,False,1.125,True
simple,-5.125,False,1.28125,True
instruct,-5.125,False,-0.1875,False
complex,-5.125,False,1.09375,True
simple,-1.75,False,1.125,True
instruct,-1.75,False,0.4375,True
complex,-1.75,False,1.09375,True
simple,-5.5,False,0.75,True
instruct,-5.5,False,0.0625,True
complex,-5.5,False,1.15625,True
simple,-2.5,False,1.25,True
instruct,-2.5,False,0.125,True
complex,-2.5,False,1.0,True
simple,-3.125,False,0.96875,True
instruct,-3.125,False,-0.25,False
complex,-3.125,False,0.875,True
simple,-2.625,False,1.0,True
instruct,-2.625,False,0.125,True
complex,-2.625,False,1.15625,True
simple,-2.5,False,0.78125,True
instruct,-2.5,False,0.0,False
complex,-2.5,False,1.0625,True
simple,-4.625,False,1.09375,True
instruct,-4.625,False,0.0625,True
complex,-4.625,False,1.03125,True
simple,-2.125,False,1.09375,True
instruct,-2.125,False,0.25,True
complex,-2.125,False,0.9375,True
simple,-2.75,False,1.09375,True
instruct,-2.75,False,0.125,True
complex,-2.75,False,0.96875,True
simple,-3.875,False,1.0625,True
instruct,-3.875,False,0.0,False
complex,-3.875,False,1.1875,True
simple,-3.375,False,1.15625,True
instruct,-3.375,False,0.1875,True
complex,-3.375,False,1.03125,True
simple,-2.5,False,1.09375,True
instruct,-2.5,False,-0.0625,False
complex,-2.5,False,1.0625,True
simple,-1.75,False,1.15625,True
instruct,-1.75,False,-0.1875,False
complex,-1.75,False,1.0625,True
simple,-3.5,False,1.21875,True
instruct,-3.5,False,-0.0625,False
complex,-3.5,False,0.90625,True
simple,-2.625,False,1.15625,True
instruct,-2.625,False,0.0,False
complex,-2.625,False,0.9375,True
simple,-3.875,False,0.78125,True
instruct,-3.875,False,-0.1875,False
complex,-3.875,False,1.0625,True
simple,-2.125,False,1.09375,True
instruct,-2.125,False,0.3125,True
complex,-2.125,False,1.125,True
simple,-3.125,False,1.0,True
instruct,-3.125,False,0.25,True
complex,-3.125,False,1.0625,True
simple,-4.375,False,0.90625,True
instruct,-4.375,False,-0.125,False
complex,-4.375,False,1.03125,True
simple,-3.125,False,1.125,True
instruct,-3.125,False,0.125,True
complex,-3.125,False,0.96875,True
simple,-2.625,False,1.125,True
instruct,-2.625,False,0.125,True
complex,-2.625,False,1.03125,True
simple,-3.5,False,1.0625,True
instruct,-3.5,False,-0.125,False
complex,-3.5,False,0.90625,True
simple,-4.625,False,1.0625,True
instruct,-4.625,False,0.0625,True
complex,-4.625,False,1.09375,True
simple,-3.125,False,1.21875,True
instruct,-3.125,False,0.1875,True
complex,-3.125,False,1.0,True
simple,-5.125,False,0.90625,True
instruct,-5.125,False,-0.125,False
complex,-5.125,False,1.1875,True
simple,-3.375,False,1.125,True
instruct,-3.375,False,0.3125,True
complex,-3.375,False,0.9375,True
simple,-2.0,False,1.15625,True
instruct,-2.0,False,0.125,True
complex,-2.0,False,1.125,True
simple,-1.125,False,1.0,True
instruct,-1.125,False,0.0625,True
complex,-1.125,False,1.125,True
simple,-4.375,False,1.1875,True
instruct,-4.375,False,-0.3125,False
complex,-4.375,False,0.8125,True
simple,-3.25,False,0.9375,True
instruct,-3.25,False,0.25,True
complex,-3.25,False,0.96875,True
simple,-1.25,False,1.21875,True
instruct,-1.25,False,0.0,False
complex,-1.25,False,1.0625,True
simple,-3.25,False,1.0,True
instruct,-3.25,False,0.125,True
complex,-3.25,False,0.90625,True
simple,-10.25,False,0.90625,True
instruct,-10.25,False,-0.25,False
complex,-10.25,False,1.0625,True
simple,-7.1875,False,1.21875,True
instruct,-7.1875,False,-0.125,False
complex,-7.1875,False,1.34375,True
simple,-6.5625,False,1.1875,True
instruct,-6.5625,False,-0.1875,False
complex,-6.5625,False,1.4375,True
simple,-6.125,False,1.1875,True
instruct,-6.125,False,0.1875,True
complex,-6.125,False,1.375,True
simple,-7.4375,False,1.25,True
instruct,-7.4375,False,0.0625,True
complex,-7.4375,False,1.34375,True
simple,-6.5,False,1.125,True
instruct,-6.5,False,0.0625,True
complex,-6.5,False,1.53125,True
simple,-7.1875,False,1.15625,True
instruct,-7.1875,False,-0.125,False
complex,-7.1875,False,1.34375,True
simple,-6.125,False,1.34375,True
instruct,-6.125,False,0.0,False
complex,-6.125,False,1.375,True
simple,-6.5,False,1.3125,True
instruct,-6.5,False,-0.0625,False
complex,-6.5,False,1.40625,True
simple,-6.75,False,1.21875,True
instruct,-6.75,False,0.0,False
complex,-6.75,False,1.25,True
simple,-7.0625,False,1.0625,True
instruct,-7.0625,False,0.0,False
complex,-7.0625,False,1.4375,True
simple,-6.875,False,1.21875,True
instruct,-6.875,False,0.0625,True
complex,-6.875,False,1.34375,True
simple,-7.5625,False,1.125,True
instruct,-7.5625,False,-0.1875,False
complex,-7.5625,False,0.96875,True
simple,-5.4375,False,1.21875,True
instruct,-5.4375,False,0.0,False
complex,-5.4375,False,1.1875,True
simple,-6.25,False,1.21875,True
instruct,-6.25,False,-0.0625,False
complex,-6.25,False,1.34375,True
simple,-6.8125,False,1.1875,True
instruct,-6.8125,False,0.0,False
complex,-6.8125,False,1.25,True
simple,-6.0,False,1.28125,True
instruct,-6.0,False,-0.0625,False
complex,-6.0,False,1.46875,True
simple,-6.75,False,1.15625,True
instruct,-6.75,False,-0.125,False
complex,-6.75,False,1.125,True
simple,-6.0,False,1.34375,True
instruct,-6.0,False,0.125,True
complex,-6.0,False,1.375,True
simple,-6.5,False,1.3125,True
instruct,-6.5,False,0.0625,True
complex,-6.5,False,1.5,True
simple,-5.75,False,1.34375,True
instruct,-5.75,False,0.0625,True
complex,-5.75,False,1.375,True
simple,-7.6875,False,0.96875,True
instruct,-7.6875,False,-0.375,False
complex,-7.6875,False,1.46875,True
simple,-7.5,False,0.84375,True
instruct,-7.5,False,-0.1875,False
complex,-7.5,False,1.28125,True
simple,-7.375,False,1.1875,True
instruct,-7.375,False,0.0,False
complex,-7.375,False,1.25,True
simple,-8.4375,False,0.9375,True
instruct,-8.4375,False,0.25,True
complex,-8.4375,False,1.34375,True
simple,-6.0,False,1.0625,True
instruct,-6.0,False,0.125,True
complex,-6.0,False,1.4375,True
simple,-6.75,False,1.21875,True
instruct,-6.75,False,-0.25,False
complex,-6.75,False,1.1875,True
simple,-6.5,False,1.25,True
instruct,-6.5,False,0.0,False
complex,-6.5,False,1.40625,True
simple,-7.5,False,1.03125,True
instruct,-7.5,False,0.1875,True
complex,-7.5,False,1.34375,True
simple,-21.625,False,0.96875,True
instruct,-21.625,False,-0.0625,False
complex,-21.625,False,1.28125,True
simple,-7.75,False,1.0625,True
instruct,-7.75,False,-0.0625,False
complex,-7.75,False,1.4375,True
simple,-7.75,False,0.84375,True
instruct,-7.75,False,-0.125,False
complex,-7.75,False,1.25,True
simple,-6.5625,False,1.03125,True
instruct,-6.5625,False,0.0625,True
complex,-6.5625,False,1.25,True
simple,-8.6875,False,0.90625,True
instruct,-8.6875,False,-0.25,False
complex,-8.6875,False,1.28125,True
simple,-6.25,False,0.96875,True
instruct,-6.25,False,-0.3125,False
complex,-6.25,False,1.375,True
simple,-8.1875,False,0.90625,True
instruct,-8.1875,False,-0.1875,False
complex,-8.1875,False,1.15625,True
simple,-7.375,False,0.90625,True
instruct,-7.375,False,0.0625,True
complex,-7.375,False,1.34375,True
simple,-6.75,False,0.90625,True
instruct,-6.75,False,0.0625,True
complex,-6.75,False,1.375,True
simple,-6.875,False,0.90625,True
instruct,-6.875,False,-0.0625,False
complex,-6.875,False,1.375,True
simple,-7.125,False,1.125,True
instruct,-7.125,False,-0.1875,False
complex,-7.125,False,0.96875,True
simple,-5.5,False,1.125,True
instruct,-5.5,False,-0.125,False
complex,-5.5,False,1.28125,True
simple,-7.25,False,1.15625,True
instruct,-7.25,False,-0.0625,False
complex,-7.25,False,1.0,True
simple,-6.625,False,0.84375,True
instruct,-6.625,False,-0.5,False
complex,-6.625,False,1.34375,True
simple,-6.625,False,1.1875,True
instruct,-6.625,False,-0.125,False
complex,-6.625,False,1.21875,True
simple,-7.5625,False,0.875,True
instruct,-7.5625,False,-0.125,False
complex,-7.5625,False,1.28125,True
simple,-6.8125,False,1.25,True
instruct,-6.8125,False,-0.125,False
complex,-6.8125,False,1.46875,True
simple,-7.125,False,1.0625,True
instruct,-7.125,False,-0.0625,False
complex,-7.125,False,1.15625,True
simple,-8.375,False,0.84375,True
instruct,-8.375,False,-0.0625,False
complex,-8.375,False,1.1875,True
simple,-7.5,False,0.71875,True
instruct,-7.5,False,-0.25,False
complex,-7.5,False,1.25,True
simple,-7.1875,False,1.0,True
instruct,-7.1875,False,-0.3125,False
complex,-7.1875,False,1.28125,True
simple,-6.375,False,1.0,True
instruct,-6.375,False,-0.0625,False
complex,-6.375,False,1.28125,True
simple,-6.1875,False,1.15625,True
instruct,-6.1875,False,0.0625,True
complex,-6.1875,False,1.25,True
simple,-5.3125,False,1.28125,True
instruct,-5.3125,False,-0.0625,False
complex,-5.3125,False,1.40625,True
simple,-7.75,False,0.9375,True
instruct,-7.75,False,-0.5,False
complex,-7.75,False,1.15625,True
simple,-7.625,False,0.84375,True
instruct,-7.625,False,-0.1875,False
complex,-7.625,False,1.375,True
simple,-5.875,False,1.09375,True
instruct,-5.875,False,-0.3125,False
complex,-5.875,False,1.1875,True
simple,-7.625,False,1.1875,True
instruct,-7.625,False,0.0,False
complex,-7.625,False,1.15625,True
simple,-9.3125,False,1.0,True
instruct,-9.3125,False,-0.125,False
complex,-9.3125,False,1.375,True
simple,-7.0625,False,1.0,True
instruct,-7.0625,False,0.1875,True
complex,-7.0625,False,1.21875,True
simple,-5.8125,False,1.25,True
instruct,-5.8125,False,-0.1875,False
complex,-5.8125,False,1.28125,True
simple,-7.25,False,0.90625,True
instruct,-7.25,False,-0.25,False
complex,-7.25,False,1.34375,True
simple,-7.6875,False,0.96875,True
instruct,-7.6875,False,-0.1875,False
complex,-7.6875,False,1.375,True
simple,-7.0,False,0.84375,True
instruct,-7.0,False,-0.25,False
complex,-7.0,False,1.25,True
simple,-6.9375,False,0.84375,True
instruct,-6.9375,False,-0.125,False
complex,-6.9375,False,1.28125,True
simple,-6.25,False,1.1875,True
instruct,-6.25,False,0.125,True
complex,-6.25,False,1.4375,True
simple,-24.125,False,0.90625,True
instruct,-24.125,False,0.25,True
complex,-24.125,False,1.53125,True
simple,-8.0625,False,0.9375,True
instruct,-8.0625,False,0.0,False
complex,-8.0625,False,1.25,True
simple,-7.8125,False,0.9375,True
instruct,-7.8125,False,0.0,False
complex,-7.8125,False,1.28125,True
simple,-7.75,False,1.03125,True
instruct,-7.75,False,0.125,True
complex,-7.75,False,1.4375,True
simple,-6.25,False,1.03125,True
instruct,-6.25,False,0.0,False
complex,-6.25,False,1.1875,True
simple,-7.5,False,0.96875,True
instruct,-7.5,False,0.0,False
complex,-7.5,False,1.1875,True
simple,-7.5625,False,0.9375,True
instruct,-7.5625,False,0.0,False
complex,-7.5625,False,1.1875,True
simple,-6.5,False,1.0,True
instruct,-6.5,False,-0.1875,False
complex,-6.5,False,1.15625,True
simple,-9.125,False,0.9375,True
instruct,-9.125,False,-0.0625,False
complex,-9.125,False,1.3125,True
simple,-5.3125,False,1.0625,True
instruct,-5.3125,False,-0.5,False
complex,-5.3125,False,1.3125,True
simple,-7.625,False,0.84375,True
instruct,-7.625,False,-0.3125,False
complex,-7.625,False,1.21875,True
simple,-7.625,False,0.75,True
instruct,-7.625,False,-0.1875,False
complex,-7.625,False,1.28125,True
simple,-7.375,False,1.0,True
instruct,-7.375,False,-0.1875,False
complex,-7.375,False,1.28125,True
simple,-7.5625,False,0.84375,True
instruct,-7.5625,False,-0.25,False
complex,-7.5625,False,1.3125,True
simple,-8.0,False,1.09375,True
instruct,-8.0,False,0.125,True
complex,-8.0,False,1.3125,True
simple,-6.3125,False,1.25,True
instruct,-6.3125,False,0.125,True
complex,-6.3125,False,1.375,True
simple,-22.75,False,0.9375,True
instruct,-22.75,False,0.0,False
complex,-22.75,False,1.40625,True
simple,-7.4375,False,1.21875,True
instruct,-7.4375,False,-0.1875,False
complex,-7.4375,False,1.21875,True
simple,-5.125,False,0.71875,True
instruct,-5.125,False,-0.5,False
complex,-5.125,False,0.75,True
simple,-8.25,False,0.96875,True
instruct,-8.25,False,0.0625,True
complex,-8.25,False,1.25,True
simple,-7.0625,False,0.875,True
instruct,-7.0625,False,-0.375,False
complex,-7.0625,False,1.0,True
simple,-7.4375,False,0.9375,True
instruct,-7.4375,False,0.125,True
complex,-7.4375,False,1.25,True
simple,-6.625,False,0.96875,True
instruct,-6.625,False,-0.25,False
complex,-6.625,False,1.125,True
simple,-8.3125,False,1.0,True
instruct,-8.3125,False,-0.3125,False
complex,-8.3125,False,1.375,True
simple,-7.8125,False,0.9375,True
instruct,-7.8125,False,-0.1875,False
complex,-7.8125,False,1.28125,True
simple,-7.4375,False,1.0,True
instruct,-7.4375,False,-0.1875,False
complex,-7.4375,False,1.34375,True
simple,-7.625,False,1.0625,True
instruct,-7.625,False,0.0625,True
complex,-7.625,False,1.28125,True
simple,-6.0,False,1.03125,True
instruct,-6.0,False,-0.125,False
complex,-6.0,False,1.1875,True
simple,-6.5,False,0.90625,True
instruct,-6.5,False,0.0,False
complex,-6.5,False,1.21875,True
simple,-7.5,False,0.8125,True
instruct,-7.5,False,-0.25,False
complex,-7.5,False,1.125,True
simple,-7.125,False,0.875,True
instruct,-7.125,False,-0.25,False
complex,-7.125,False,1.3125,True
simple,-6.5625,False,1.125,True
instruct,-6.5625,False,0.0,False
complex,-6.5625,False,1.34375,True
simple,-6.625,False,1.09375,True
instruct,-6.625,False,-0.25,False
complex,-6.625,False,1.21875,True
simple,-7.75,False,0.90625,True
instruct,-7.75,False,-0.3125,False
complex,-7.75,False,1.3125,True
simple,-6.0,False,1.15625,True
instruct,-6.0,False,-0.0625,False
complex,-6.0,False,1.21875,True
simple,-3.375,False,1.0625,True
instruct,-3.375,False,0.3125,True
complex,-3.375,False,1.53125,True
simple,-2.5625,False,1.03125,True
instruct,-2.5625,False,0.375,True
complex,-2.5625,False,1.3125,True
simple,-3.4375,False,1.28125,True
instruct,-3.4375,False,0.25,True
complex,-3.4375,False,1.25,True
simple,-1.6875,False,1.03125,True
instruct,-1.6875,False,0.0,False
complex,-1.6875,False,1.3125,True
simple,-3.53125,False,1.21875,True
instruct,-3.53125,False,0.0625,True
complex,-3.53125,False,1.375,True
simple,-0.5625,False,1.375,True
instruct,-0.5625,False,0.1875,True
complex,-0.5625,False,1.375,True
simple,-1.4375,False,1.34375,True
instruct,-1.4375,False,0.0625,True
complex,-1.4375,False,1.25,True
simple,-2.1875,False,1.1875,True
instruct,-2.1875,False,0.375,True
complex,-2.1875,False,1.3125,True
simple,-0.875,False,1.125,True
instruct,-0.875,False,0.125,True
complex,-0.875,False,1.1875,True
simple,-3.25,False,1.0,True
instruct,-3.25,False,0.125,True
complex,-3.25,False,1.1875,True
simple,-4.3125,False,1.09375,True
instruct,-4.3125,False,0.3125,True
complex,-4.3125,False,1.125,True
simple,-2.75,False,1.15625,True
instruct,-2.75,False,0.5625,True
complex,-2.75,False,1.1875,True
simple,-0.625,False,1.375,True
instruct,-0.625,False,0.25,True
complex,-0.625,False,1.25,True
simple,-2.625,False,1.28125,True
instruct,-2.625,False,0.375,True
complex,-2.625,False,1.28125,True
simple,-4.75,False,1.15625,True
instruct,-4.75,False,0.0625,True
complex,-4.75,False,1.28125,True
simple,-3.0625,False,1.1875,True
instruct,-3.0625,False,0.125,True
complex,-3.0625,False,1.125,True
simple,-5.5,False,1.15625,True
instruct,-5.5,False,0.0625,True
complex,-5.5,False,1.28125,True
simple,-2.625,False,1.09375,True
instruct,-2.625,False,0.5,True
complex,-2.625,False,1.4375,True
simple,-2.1875,False,0.9375,True
instruct,-2.1875,False,0.625,True
complex,-2.1875,False,1.25,True
simple,-2.3125,False,1.0,True
instruct,-2.3125,False,0.4375,True
complex,-2.3125,False,1.25,True
simple,-2.0,False,1.03125,True
instruct,-2.0,False,-0.125,False
complex,-2.0,False,1.09375,True
simple,-2.125,False,1.15625,True
instruct,-2.125,False,0.1875,True
complex,-2.125,False,1.0625,True
simple,-1.25,False,1.125,True
instruct,-1.25,False,0.3125,True
complex,-1.25,False,1.25,True
simple,-2.25,False,1.03125,True
instruct,-2.25,False,-0.0625,False
complex,-2.25,False,1.21875,True
simple,-2.3125,False,1.0,True
instruct,-2.3125,False,0.0625,True
complex,-2.3125,False,1.21875,True
simple,-2.5,False,0.5625,True
instruct,-2.5,False,0.5625,True
complex,-2.5,False,0.96875,True
simple,-2.0625,False,1.125,True
instruct,-2.0625,False,0.3125,True
complex,-2.0625,False,0.8125,True
simple,-3.375,False,1.0,True
instruct,-3.375,False,0.4375,True
complex,-3.375,False,1.15625,True
simple,-1.25,False,1.1875,True
instruct,-1.25,False,0.375,True
complex,-1.25,False,1.375,True
simple,-1.25,False,1.21875,True
instruct,-1.25,False,0.4375,True
complex,-1.25,False,1.375,True
simple,-2.75,False,1.09375,True
instruct,-2.75,False,0.375,True
complex,-2.75,False,1.34375,True
simple,-6.1875,False,1.21875,True
instruct,-6.1875,False,0.0,False
complex,-6.1875,False,1.28125,True
simple,-1.5625,False,1.125,True
instruct,-1.5625,False,0.5,True
complex,-1.5625,False,1.125,True
simple,0.125,True,1.0,True
instruct,0.125,True,0.1875,True
complex,0.125,True,1.0625,True
simple,-3.625,False,1.0625,True
instruct,-3.625,False,0.125,True
complex,-3.625,False,1.34375,True
simple,-1.875,False,1.21875,True
instruct,-1.875,False,0.375,True
complex,-1.875,False,1.3125,True
simple,-0.75,False,1.0,True
instruct,-0.75,False,0.375,True
complex,-0.75,False,1.21875,True
simple,-3.0,False,1.03125,True
instruct,-3.0,False,0.6875,True
complex,-3.0,False,1.25,True
simple,-0.625,False,1.375,True
instruct,-0.625,False,0.5,True
complex,-0.625,False,1.125,True
simple,-3.0625,False,0.96875,True
instruct,-3.0625,False,0.0625,True
complex,-3.0625,False,1.0625,True
simple,-2.75,False,0.90625,True
instruct,-2.75,False,0.25,True
complex,-2.75,False,1.09375,True
simple,-0.625,False,0.96875,True
instruct,-0.625,False,0.25,True
complex,-0.625,False,1.0625,True
simple,-4.75,False,1.0625,True
instruct,-4.75,False,0.0,False
complex,-4.75,False,1.34375,True
simple,-1.5625,False,1.21875,True
instruct,-1.5625,False,0.3125,True
complex,-1.5625,False,1.34375,True
simple,1.875,True,1.03125,True
instruct,1.875,True,0.3125,True
complex,1.875,True,1.03125,True
simple,-2.3125,False,1.25,True
instruct,-2.3125,False,0.1875,True
complex,-2.3125,False,1.25,True
simple,-2.375,False,1.21875,True
instruct,-2.375,False,0.625,True
complex,-2.375,False,1.25,True
simple,-2.3125,False,1.15625,True
instruct,-2.3125,False,0.25,True
complex,-2.3125,False,1.3125,True
simple,-1.875,False,1.25,True
instruct,-1.875,False,0.1875,True
complex,-1.875,False,1.1875,True
simple,-1.9375,False,1.0625,True
instruct,-1.9375,False,0.4375,True
complex,-1.9375,False,1.21875,True
simple,-4.375,False,1.21875,True
instruct,-4.375,False,0.25,True
complex,-4.375,False,1.0625,True
simple,-1.5625,False,1.34375,True
instruct,-1.5625,False,0.4375,True
complex,-1.5625,False,1.0625,True
simple,-0.5625,False,1.1875,True
instruct,-0.5625,False,0.3125,True
complex,-0.5625,False,1.28125,True
simple,-2.375,False,1.28125,True
instruct,-2.375,False,0.5625,True
complex,-2.375,False,1.46875,True
simple,-2.0,False,1.1875,True
instruct,-2.0,False,0.1875,True
complex,-2.0,False,1.21875,True
simple,-1.625,False,1.34375,True
instruct,-1.625,False,0.4375,True
complex,-1.625,False,1.40625,True
simple,-2.3125,False,1.21875,True
instruct,-2.3125,False,0.375,True
complex,-2.3125,False,1.3125,True
simple,-1.5,False,1.15625,True
instruct,-1.5,False,0.3125,True
complex,-1.5,False,1.1875,True
simple,-2.5,False,1.1875,True
instruct,-2.5,False,0.125,True
complex,-2.5,False,1.40625,True
simple,-4.375,False,1.125,True
instruct,-4.375,False,0.0,False
complex,-4.375,False,1.25,True
simple,-0.6875,False,0.96875,True
instruct,-0.6875,False,0.125,True
complex,-0.6875,False,1.1875,True
simple,-5.1875,False,1.1875,True
instruct,-5.1875,False,0.375,True
complex,-5.1875,False,1.34375,True
simple,-1.8125,False,0.90625,True
instruct,-1.8125,False,0.5625,True
complex,-1.8125,False,1.5,True
simple,-2.375,False,0.9375,True
instruct,-2.375,False,0.25,True
complex,-2.375,False,1.0,True
simple,-12.875,False,1.0625,True
instruct,-12.875,False,0.375,True
complex,-12.875,False,1.375,True
simple,-0.25,False,1.15625,True
instruct,-0.25,False,0.4375,True
complex,-0.25,False,1.0625,True
simple,-2.4375,False,1.09375,True
instruct,-2.4375,False,0.4375,True
complex,-2.4375,False,0.96875,True
simple,0.875,True,1.09375,True
instruct,0.875,True,0.0,False
complex,0.875,True,1.03125,True
simple,-1.5625,False,1.1875,True
instruct,-1.5625,False,0.4375,True
complex,-1.5625,False,1.125,True
simple,-1.0625,False,0.9375,True
instruct,-1.0625,False,0.625,True
complex,-1.0625,False,1.09375,True
simple,-1.25,False,1.09375,True
instruct,-1.25,False,0.3125,True
complex,-1.25,False,0.875,True
simple,-0.9375,False,0.875,True
instruct,-0.9375,False,0.3125,True
complex,-0.9375,False,1.28125,True
simple,-0.8125,False,1.125,True
instruct,-0.8125,False,0.5,True
complex,-0.8125,False,1.0,True
simple,-1.75,False,0.96875,True
instruct,-1.75,False,0.0625,True
complex,-1.75,False,1.0,True
simple,-1.25,False,1.15625,True
instruct,-1.25,False,0.5625,True
complex,-1.25,False,1.125,True
simple,-1.625,False,1.0625,True
instruct,-1.625,False,0.25,True
complex,-1.625,False,1.125,True
simple,-0.75,False,1.1875,True
instruct,-0.75,False,0.3125,True
complex,-0.75,False,1.0,True
simple,-2.5,False,1.03125,True
instruct,-2.5,False,0.0625,True
complex,-2.5,False,1.3125,True
simple,-2.9375,False,0.84375,True
instruct,-2.9375,False,0.4375,True
complex,-2.9375,False,1.21875,True
simple,-2.875,False,1.09375,True
instruct,-2.875,False,0.375,True
complex,-2.875,False,1.0,True
simple,-3.0,False,1.03125,True
instruct,-3.0,False,0.3125,True
complex,-3.0,False,1.1875,True
simple,-3.9375,False,0.6875,True
instruct,-3.9375,False,0.25,True
complex,-3.9375,False,1.25,True
simple,-0.125,False,0.96875,True
instruct,-0.125,False,0.1875,True
complex,-0.125,False,0.6875,True
simple,-2.0,False,1.0,True
instruct,-2.0,False,-0.1875,False
complex,-2.0,False,1.125,True
simple,-4.0625,False,1.15625,True
instruct,-4.0625,False,0.125,True
complex,-4.0625,False,1.1875,True
simple,-4.0,False,1.0625,True
instruct,-4.0,False,0.3125,True
complex,-4.0,False,1.28125,True
simple,-0.4375,False,1.3125,True
instruct,-0.4375,False,0.1875,True
complex,-0.4375,False,1.03125,True
simple,-2.125,False,0.90625,True
instruct,-2.125,False,0.3125,True
complex,-2.125,False,1.125,True
simple,0.75,True,1.15625,True
instruct,0.75,True,0.375,True
complex,0.75,True,1.21875,True
simple,-2.25,False,0.96875,True
instruct,-2.25,False,0.6875,True
complex,-2.25,False,1.3125,True
simple,-1.8125,False,1.0,True
instruct,-1.8125,False,0.375,True
complex,-1.8125,False,1.125,True
simple,-0.25,False,0.625,True
instruct,-0.25,False,0.0625,True
complex,-0.25,False,0.96875,True
simple,-2.375,False,1.15625,True
instruct,-2.375,False,0.0,False
complex,-2.375,False,1.1875,True
simple,-3.875,False,0.90625,True
instruct,-3.875,False,-0.125,False
complex,-3.875,False,1.125,True
simple,-2.8125,False,0.8125,True
instruct,-2.8125,False,0.1875,True
complex,-2.8125,False,0.6875,True
simple,-3.4375,False,1.125,True
instruct,-3.4375,False,0.1875,True
complex,-3.4375,False,1.15625,True
simple,-2.5,False,1.28125,True
instruct,-2.5,False,0.1875,True
complex,-2.5,False,1.1875,True
simple,0.25,True,1.09375,True
instruct,0.25,True,0.0,False
complex,0.25,True,1.1875,True
simple,-3.6875,False,0.9375,True
instruct,-3.6875,False,0.0625,True
complex,-3.6875,False,1.0625,True
simple,-2.5,False,1.0,True
instruct,-2.5,False,0.5,True
complex,-2.5,False,1.21875,True
simple,-4.25,False,0.90625,True
instruct,-4.25,False,-0.375,False
complex,-4.25,False,1.5625,True
simple,-8.34375,False,0.625,True
instruct,-8.34375,False,-0.5,False
complex,-8.34375,False,1.40625,True
simple,-6.40625,False,0.875,True
instruct,-6.40625,False,-0.5625,False
complex,-6.40625,False,1.21875,True
simple,-6.0,False,0.9375,True
instruct,-6.0,False,-0.875,False
complex,-6.0,False,1.25,True
simple,-5.4375,False,0.59375,True
instruct,-5.4375,False,-0.625,False
complex,-5.4375,False,1.0625,True
simple,-6.5625,False,0.75,True
instruct,-6.5625,False,-0.625,False
complex,-6.5625,False,1.25,True
simple,-9.875,False,0.71875,True
instruct,-9.875,False,-0.6875,False
complex,-9.875,False,1.0,True
simple,-6.78125,False,0.875,True
instruct,-6.78125,False,-0.4375,False
complex,-6.78125,False,1.0625,True
simple,-5.3125,False,0.9375,True
instruct,-5.3125,False,-0.4375,False
complex,-5.3125,False,1.25,True
simple,-7.96875,False,0.75,True
instruct,-7.96875,False,-0.875,False
complex,-7.96875,False,1.21875,True
simple,-6.0,False,0.4375,True
instruct,-6.0,False,-0.875,False
complex,-6.0,False,1.0625,True
simple,-8.53125,False,0.5,True
instruct,-8.53125,False,-0.875,False
complex,-8.53125,False,1.0625,True
simple,-7.125,False,0.6875,True
instruct,-7.125,False,-0.8125,False
complex,-7.125,False,1.0625,True
simple,-9.3125,False,0.6875,True
instruct,-9.3125,False,-0.4375,False
complex,-9.3125,False,1.1875,True
simple,-3.625,False,0.5625,True
instruct,-3.625,False,-0.75,False
complex,-3.625,False,1.0625,True
simple,-3.0,False,0.75,True
instruct,-3.0,False,-0.5625,False
complex,-3.0,False,1.15625,True
simple,-5.375,False,0.5625,True
instruct,-5.375,False,-0.8125,False
complex,-5.375,False,1.0625,True
simple,-5.1875,False,0.875,True
instruct,-5.1875,False,-0.6875,False
complex,-5.1875,False,0.90625,True
simple,-3.5,False,0.6875,True
instruct,-3.5,False,-0.6875,False
complex,-3.5,False,1.09375,True
simple,-6.4375,False,0.78125,True
instruct,-6.4375,False,-0.875,False
complex,-6.4375,False,1.0625,True
simple,-6.6875,False,0.5625,True
instruct,-6.6875,False,-0.625,False
complex,-6.6875,False,1.3125,True
simple,-4.625,False,0.875,True
instruct,-4.625,False,-0.375,False
complex,-4.625,False,1.21875,True
simple,-5.375,False,0.96875,True
instruct,-5.375,False,-0.75,False
complex,-5.375,False,1.15625,True
simple,-6.8125,False,0.84375,True
instruct,-6.8125,False,-0.4375,False
complex,-6.8125,False,0.6875,True
simple,-6.8125,False,0.625,True
instruct,-6.8125,False,-1.125,False
complex,-6.8125,False,1.09375,True
simple,-5.875,False,0.9375,True
instruct,-5.875,False,-0.4375,False
complex,-5.875,False,1.25,True
simple,-5.75,False,0.875,True
instruct,-5.75,False,-0.6875,False
complex,-5.75,False,1.125,True
simple,-6.25,False,0.9375,True
instruct,-6.25,False,-0.8125,False
complex,-6.25,False,0.96875,True
simple,-7.5625,False,1.03125,True
instruct,-7.5625,False,-0.5,False
complex,-7.5625,False,1.3125,True
simple,-6.375,False,0.875,True
instruct,-6.375,False,-0.6875,False
complex,-6.375,False,1.125,True
simple,-6.0625,False,0.71875,True
instruct,-6.0625,False,-0.625,False
complex,-6.0625,False,1.28125,True
simple,-6.5625,False,0.625,True
instruct,-6.5625,False,-0.625,False
complex,-6.5625,False,1.03125,True
simple,-4.6875,False,0.5,True
instruct,-4.6875,False,-0.8125,False
complex,-4.6875,False,1.0,True
simple,-8.5,False,0.96875,True
instruct,-8.5,False,-0.6875,False
complex,-8.5,False,0.9375,True
simple,-8.75,False,0.9375,True
instruct,-8.75,False,-0.8125,False
complex,-8.75,False,1.03125,True
simple,-5.625,False,0.875,True
instruct,-5.625,False,-0.4375,False
complex,-5.625,False,1.0,True
simple,-5.875,False,0.875,True
instruct,-5.875,False,-0.5625,False
complex,-5.875,False,1.25,True
simple,-6.0625,False,0.375,True
instruct,-6.0625,False,-0.8125,False
complex,-6.0625,False,1.125,True
simple,-6.5625,False,0.375,True
instruct,-6.5625,False,-0.9375,False
complex,-6.5625,False,0.96875,True
simple,-7.5625,False,0.875,True
instruct,-7.5625,False,-0.5,False
complex,-7.5625,False,1.1875,True
simple,-7.75,False,0.625,True
instruct,-7.75,False,-0.6875,False
complex,-7.75,False,0.75,True
simple,-6.25,False,0.75,True
instruct,-6.25,False,-0.4375,False
complex,-6.25,False,1.15625,True
simple,-7.4375,False,0.90625,True
instruct,-7.4375,False,-0.75,False
complex,-7.4375,False,1.125,True
simple,-5.0,False,0.75,True
instruct,-5.0,False,-0.5625,False
complex,-5.0,False,1.15625,True
simple,-7.125,False,0.9375,True
instruct,-7.125,False,-0.25,False
complex,-7.125,False,1.0625,True
simple,-6.9375,False,0.96875,True
instruct,-6.9375,False,-0.5625,False
complex,-6.9375,False,1.375,True
simple,-7.125,False,0.4375,True
instruct,-7.125,False,-0.875,False
complex,-7.125,False,1.125,True
simple,-6.875,False,0.75,True
instruct,-6.875,False,-0.5,False
complex,-6.875,False,1.15625,True
simple,-7.625,False,0.875,True
instruct,-7.625,False,-0.6875,False
complex,-7.625,False,1.21875,True
simple,-7.875,False,0.9375,True
instruct,-7.875,False,-0.375,False
complex,-7.875,False,1.125,True
simple,-7.6875,False,0.5625,True
instruct,-7.6875,False,-0.625,False
complex,-7.6875,False,1.28125,True
simple,-6.5625,False,0.875,True
instruct,-6.5625,False,-0.5,False
complex,-6.5625,False,1.25,True
simple,-6.0625,False,0.8125,True
instruct,-6.0625,False,-0.5,False
complex,-6.0625,False,1.28125,True
simple,-7.6875,False,0.75,True
instruct,-7.6875,False,-0.875,False
complex,-7.6875,False,1.125,True
simple,-8.9375,False,0.78125,True
instruct,-8.9375,False,-0.875,False
complex,-8.9375,False,1.21875,True
simple,-4.0625,False,0.4375,True
instruct,-4.0625,False,-0.875,False
complex,-4.0625,False,1.46875,True
simple,-6.5,False,0.5625,True
instruct,-6.5,False,-0.4375,False
complex,-6.5,False,1.34375,True
simple,-10.6875,False,0.9375,True
instruct,-10.6875,False,-0.8125,False
complex,-10.6875,False,0.9375,True
simple,-5.25,False,0.625,True
instruct,-5.25,False,-0.875,False
complex,-5.25,False,1.0625,True
simple,-9.9375,False,0.8125,True
instruct,-9.9375,False,-0.5625,False
complex,-9.9375,False,1.25,True
simple,-5.0625,False,0.9375,True
instruct,-5.0625,False,-0.375,False
complex,-5.0625,False,1.0625,True
simple,-5.0,False,0.84375,True
instruct,-5.0,False,-0.75,False
complex,-5.0,False,1.03125,True
simple,-6.3125,False,0.875,True
instruct,-6.3125,False,-0.375,False
complex,-6.3125,False,1.25,True
simple,-7.6875,False,0.8125,True
instruct,-7.6875,False,-0.8125,False
complex,-7.6875,False,1.1875,True
simple,-8.65625,False,0.9375,True
instruct,-8.65625,False,-0.625,False
complex,-8.65625,False,1.15625,True
simple,-4.8125,False,1.03125,True
instruct,-4.8125,False,-0.25,False
complex,-4.8125,False,1.34375,True
simple,-5.125,False,0.8125,True
instruct,-5.125,False,-0.375,False
complex,-5.125,False,0.9375,True
simple,-8.15625,False,0.625,True
instruct,-8.15625,False,-0.5,False
complex,-8.15625,False,1.15625,True
simple,-6.25,False,1.25,True
instruct,-6.25,False,-0.4375,False
complex,-6.25,False,1.1875,True
simple,-7.96875,False,0.9375,True
instruct,-7.96875,False,-0.5,False
complex,-7.96875,False,1.3125,True
simple,-4.0,False,0.96875,True
instruct,-4.0,False,-0.4375,False
complex,-4.0,False,1.125,True
simple,-7.25,False,1.03125,True
instruct,-7.25,False,-0.6875,False
complex,-7.25,False,1.21875,True
simple,-8.5,False,0.8125,True
instruct,-8.5,False,-0.125,False
complex,-8.5,False,1.28125,True
simple,-4.375,False,0.5625,True
instruct,-4.375,False,-0.6875,False
complex,-4.375,False,1.15625,True
simple,-6.625,False,0.6875,True
instruct,-6.625,False,-0.25,False
complex,-6.625,False,1.0,True
simple,-7.46875,False,0.9375,True
instruct,-7.46875,False,-0.25,False
complex,-7.46875,False,1.03125,True
simple,-4.6875,False,0.6875,True
instruct,-4.6875,False,-0.5,False
complex,-4.6875,False,1.34375,True
simple,-7.25,False,1.0,True
instruct,-7.25,False,-0.3125,False
complex,-7.25,False,0.84375,True
simple,-5.375,False,0.8125,True
instruct,-5.375,False,-0.6875,False
complex,-5.375,False,0.90625,True
simple,-7.59375,False,0.5625,True
instruct,-7.59375,False,-1.125,False
complex,-7.59375,False,1.0,True
simple,-8.875,False,0.875,True
instruct,-8.875,False,-0.3125,False
complex,-8.875,False,1.28125,True
simple,-5.8125,False,0.59375,True
instruct,-5.8125,False,-0.625,False
complex,-5.8125,False,1.09375,True
simple,-8.0,False,1.0,True
instruct,-8.0,False,0.0,False
complex,-8.0,False,1.25,True
simple,-5.625,False,0.875,True
instruct,-5.625,False,-0.75,False
complex,-5.625,False,1.03125,True
simple,-6.9375,False,0.8125,True
instruct,-6.9375,False,-0.375,False
complex,-6.9375,False,1.0,True
simple,-4.0625,False,0.78125,True
instruct,-4.0625,False,-0.625,False
complex,-4.0625,False,1.21875,True
simple,-6.8125,False,0.75,True
instruct,-6.8125,False,-0.125,False
complex,-6.8125,False,1.03125,True
simple,-5.375,False,0.6875,True
instruct,-5.375,False,-0.5,False
complex,-5.375,False,1.0,True
simple,-6.375,False,0.75,True
instruct,-6.375,False,-0.3125,False
complex,-6.375,False,1.1875,True
simple,-8.9375,False,0.625,True
instruct,-8.9375,False,-0.75,False
complex,-8.9375,False,0.75,True
simple,-6.125,False,0.6875,True
instruct,-6.125,False,-0.1875,False
complex,-6.125,False,0.90625,True
simple,-7.375,False,1.09375,True
instruct,-7.375,False,-0.5,False
complex,-7.375,False,1.09375,True
simple,-5.75,False,0.4375,True
instruct,-5.75,False,-0.375,False
complex,-5.75,False,0.9375,True
simple,-6.0,False,0.625,True
instruct,-6.0,False,-0.5,False
complex,-6.0,False,1.21875,True
simple,-7.25,False,0.78125,True
instruct,-7.25,False,-0.3125,False
complex,-7.25,False,1.28125,True
simple,-6.6875,False,0.875,True
instruct,-6.6875,False,-0.625,False
complex,-6.6875,False,1.25,True
simple,-6.6875,False,0.875,True
instruct,-6.6875,False,-0.75,False
complex,-6.6875,False,1.21875,True
simple,-7.875,False,1.25,True
instruct,-7.875,False,-0.625,False
complex,-7.875,False,1.15625,True
simple,-6.75,False,0.6875,True
instruct,-6.75,False,-0.625,False
complex,-6.75,False,0.875,True
simple,-6.5,False,0.84375,True
instruct,-6.5,False,-0.625,False
complex,-6.5,False,1.125,True
simple,-5.75,False,0.96875,True
instruct,-5.75,False,-0.0625,False
complex,-5.75,False,1.25,True
simple,-4.53125,False,0.96875,True
instruct,-4.53125,False,0.25,True
complex,-4.53125,False,1.25,True
simple,-4.46875,False,1.0625,True
instruct,-4.46875,False,0.25,True
complex,-4.46875,False,1.3125,True
simple,-5.65625,False,0.90625,True
instruct,-5.65625,False,0.0625,True
complex,-5.65625,False,1.40625,True
simple,-4.65625,False,0.8125,True
instruct,-4.65625,False,-0.125,False
complex,-4.65625,False,1.4375,True
simple,-3.53125,False,1.03125,True
instruct,-3.53125,False,0.5,True
complex,-3.53125,False,1.34375,True
simple,-4.1875,False,0.9375,True
instruct,-4.1875,False,0.0625,True
complex,-4.1875,False,1.28125,True
simple,-3.8125,False,0.96875,True
instruct,-3.8125,False,0.125,True
complex,-3.8125,False,1.40625,True
simple,-2.5,False,1.03125,True
instruct,-2.5,False,0.1875,True
complex,-2.5,False,1.34375,True
simple,-3.875,False,1.03125,True
instruct,-3.875,False,0.25,True
complex,-3.875,False,1.3125,True
simple,-4.03125,False,0.96875,True
instruct,-4.03125,False,0.125,True
complex,-4.03125,False,1.34375,True
simple,-2.5,False,1.15625,True
instruct,-2.5,False,0.25,True
complex,-2.5,False,1.34375,True
simple,-3.90625,False,0.9375,True
instruct,-3.90625,False,0.0,False
complex,-3.90625,False,1.34375,True
simple,-4.1875,False,0.875,True
instruct,-4.1875,False,0.0,False
complex,-4.1875,False,1.40625,True
simple,-4.34375,False,0.9375,True
instruct,-4.34375,False,0.0,False
complex,-4.34375,False,1.3125,True
simple,-4.40625,False,1.0625,True
instruct,-4.40625,False,0.1875,True
complex,-4.40625,False,1.25,True
simple,-4.8125,False,1.0,True
instruct,-4.8125,False,0.25,True
complex,-4.8125,False,1.40625,True
simple,-4.625,False,1.125,True
instruct,-4.625,False,0.0,False
complex,-4.625,False,1.25,True
simple,-4.0625,False,0.9375,True
instruct,-4.0625,False,0.1875,True
complex,-4.0625,False,1.46875,True
simple,-3.6875,False,0.96875,True
instruct,-3.6875,False,0.1875,True
complex,-3.6875,False,1.34375,True
simple,-3.875,False,0.84375,True
instruct,-3.875,False,-0.125,False
complex,-3.875,False,1.25,True
simple,-3.75,False,0.90625,True
instruct,-3.75,False,-0.125,False
complex,-3.75,False,1.3125,True
simple,-5.09375,False,0.84375,True
instruct,-5.09375,False,-0.1875,False
complex,-5.09375,False,1.3125,True
simple,-4.6875,False,0.96875,True
instruct,-4.6875,False,-0.0625,False
complex,-4.6875,False,1.28125,True
simple,-4.71875,False,0.75,True
instruct,-4.71875,False,-0.25,False
complex,-4.71875,False,1.21875,True
simple,-4.5,False,0.9375,True
instruct,-4.5,False,0.375,True
complex,-4.5,False,1.28125,True
simple,-3.625,False,0.90625,True
instruct,-3.625,False,-0.3125,False
complex,-3.625,False,1.34375,True
simple,-3.1875,False,1.0,True
instruct,-3.1875,False,0.1875,True
complex,-3.1875,False,1.3125,True
simple,-3.3125,False,0.90625,True
instruct,-3.3125,False,0.125,True
complex,-3.3125,False,1.375,True
simple,-5.40625,False,0.46875,True
instruct,-5.40625,False,-0.0625,False
complex,-5.40625,False,1.34375,True
simple,-3.0625,False,0.875,True
instruct,-3.0625,False,-0.125,False
complex,-3.0625,False,1.3125,True
simple,-4.625,False,1.0625,True
instruct,-4.625,False,0.3125,True
complex,-4.625,False,1.5,True
simple,-5.1875,False,0.9375,True
instruct,-5.1875,False,0.0625,True
complex,-5.1875,False,1.28125,True
simple,-3.625,False,0.90625,True
instruct,-3.625,False,-0.1875,False
complex,-3.625,False,1.375,True
simple,-6.875,False,0.59375,True
instruct,-6.875,False,-0.4375,False
complex,-6.875,False,1.4375,True
simple,-4.375,False,0.875,True
instruct,-4.375,False,0.1875,True
complex,-4.375,False,1.375,True
simple,-4.71875,False,1.125,True
instruct,-4.71875,False,0.1875,True
complex,-4.71875,False,1.25,True
simple,-5.875,False,0.65625,True
instruct,-5.875,False,-0.1875,False
complex,-5.875,False,1.21875,True
simple,-6.46875,False,0.9375,True
instruct,-6.46875,False,-0.125,False
complex,-6.46875,False,1.28125,True
simple,-4.6875,False,1.0625,True
instruct,-4.6875,False,0.25,True
complex,-4.6875,False,1.125,True
simple,-2.625,False,1.0625,True
instruct,-2.625,False,0.1875,True
complex,-2.625,False,1.21875,True
simple,-4.375,False,0.75,True
instruct,-4.375,False,-0.3125,False
complex,-4.375,False,1.25,True
simple,-6.3125,False,0.75,True
instruct,-6.3125,False,-0.3125,False
complex,-6.3125,False,1.28125,True
simple,-3.8125,False,0.875,True
instruct,-3.8125,False,-0.125,False
complex,-3.8125,False,1.34375,True
simple,-4.4375,False,0.78125,True
instruct,-4.4375,False,0.0625,True
complex,-4.4375,False,1.28125,True
simple,-3.75,False,0.9375,True
instruct,-3.75,False,-0.25,False
complex,-3.75,False,1.46875,True
simple,-1.3125,False,1.0625,True
instruct,-1.3125,False,0.0625,True
complex,-1.3125,False,1.34375,True
simple,-3.75,False,1.03125,True
instruct,-3.75,False,0.5,True
complex,-3.75,False,1.3125,True
simple,-2.875,False,1.09375,True
instruct,-2.875,False,0.0,False
complex,-2.875,False,1.34375,True
simple,-5.1875,False,0.625,True
instruct,-5.1875,False,-0.125,False
complex,-5.1875,False,1.34375,True
simple,-3.875,False,0.875,True
instruct,-3.875,False,0.125,True
complex,-3.875,False,1.25,True
simple,-3.3125,False,0.75,True
instruct,-3.3125,False,-0.125,False
complex,-3.3125,False,1.34375,True
simple,-2.9375,False,0.8125,True
instruct,-2.9375,False,-0.0625,False
complex,-2.9375,False,1.3125,True
simple,-4.0625,False,0.875,True
instruct,-4.0625,False,-0.25,False
complex,-4.0625,False,1.25,True
simple,-4.375,False,0.75,True
instruct,-4.375,False,-0.125,False
complex,-4.375,False,1.21875,True
simple,-2.5,False,0.8125,True
instruct,-2.5,False,0.125,True
complex,-2.5,False,1.3125,True
simple,-4.3125,False,0.875,True
instruct,-4.3125,False,-0.1875,False
complex,-4.3125,False,1.1875,True
simple,-3.5,False,0.8125,True
instruct,-3.5,False,-0.1875,False
complex,-3.5,False,1.375,True
simple,-3.125,False,1.0,True
instruct,-3.125,False,0.125,True
complex,-3.125,False,1.28125,True
simple,-5.1875,False,0.875,True
instruct,-5.1875,False,-0.1875,False
complex,-5.1875,False,1.1875,True
simple,-3.5,False,0.8125,True
instruct,-3.5,False,0.0625,True
complex,-3.5,False,1.1875,True
simple,-2.8125,False,1.0,True
instruct,-2.8125,False,-0.25,False
complex,-2.8125,False,1.28125,True
simple,-4.25,False,0.65625,True
instruct,-4.25,False,-0.125,False
complex,-4.25,False,1.3125,True
simple,-3.875,False,0.75,True
instruct,-3.875,False,-0.125,False
complex,-3.875,False,1.28125,True
simple,-4.59375,False,0.96875,True
instruct,-4.59375,False,0.1875,True
complex,-4.59375,False,1.28125,True
simple,-3.125,False,0.96875,True
instruct,-3.125,False,0.0,False
complex,-3.125,False,1.375,True
simple,-4.0,False,0.75,True
instruct,-4.0,False,0.0,False
complex,-4.0,False,1.40625,True
simple,-6.0625,False,0.75,True
instruct,-6.0625,False,-0.3125,False
complex,-6.0625,False,1.34375,True
simple,-5.03125,False,0.59375,True
instruct,-5.03125,False,-0.1875,False
complex,-5.03125,False,1.28125,True
simple,-3.5625,False,0.78125,True
instruct,-3.5625,False,-0.3125,False
complex,-3.5625,False,1.375,True
simple,-3.4375,False,0.65625,True
instruct,-3.4375,False,0.0,False
complex,-3.4375,False,1.09375,True
simple,-3.4375,False,0.8125,True
instruct,-3.4375,False,-0.375,False
complex,-3.4375,False,1.21875,True
simple,-5.375,False,0.96875,True
instruct,-5.375,False,0.1875,True
complex,-5.375,False,1.34375,True
simple,-4.6875,False,1.25,True
instruct,-4.6875,False,-0.1875,False
complex,-4.6875,False,1.09375,True
simple,-4.3125,False,0.8125,True
instruct,-4.3125,False,-0.5,False
complex,-4.3125,False,1.34375,True
simple,-3.78125,False,0.8125,True
instruct,-3.78125,False,-0.1875,False
complex,-3.78125,False,1.3125,True
simple,-3.75,False,0.96875,True
instruct,-3.75,False,0.0,False
complex,-3.75,False,1.1875,True
simple,-4.84375,False,1.15625,True
instruct,-4.84375,False,0.125,True
complex,-4.84375,False,1.375,True
simple,-3.125,False,0.75,True
instruct,-3.125,False,0.25,True
complex,-3.125,False,1.28125,True
simple,-4.5,False,0.6875,True
instruct,-4.5,False,-0.125,False
complex,-4.5,False,1.09375,True
simple,-4.59375,False,0.96875,True
instruct,-4.59375,False,0.0,False
complex,-4.59375,False,1.21875,True
simple,-6.0,False,0.71875,True
instruct,-6.0,False,-0.125,False
complex,-6.0,False,1.15625,True
simple,-6.5625,False,0.5625,True
instruct,-6.5625,False,-0.375,False
complex,-6.5625,False,1.1875,True
simple,-3.875,False,0.75,True
instruct,-3.875,False,-0.25,False
complex,-3.875,False,1.375,True
simple,-3.25,False,0.875,True
instruct,-3.25,False,-0.25,False
complex,-3.25,False,1.0625,True
simple,-3.125,False,1.0625,True
instruct,-3.125,False,0.0,False
complex,-3.125,False,1.125,True
simple,-2.875,False,0.5625,True
instruct,-2.875,False,-0.125,False
complex,-2.875,False,1.25,True
simple,-4.625,False,0.75,True
instruct,-4.625,False,0.0625,True
complex,-4.625,False,1.34375,True
simple,-4.5,False,0.8125,True
instruct,-4.5,False,-0.0625,False
complex,-4.5,False,1.25,True
simple,-5.6875,False,0.75,True
instruct,-5.6875,False,-0.625,False
complex,-5.6875,False,0.875,True
simple,-2.28125,False,0.9375,True
instruct,-2.28125,False,0.0,False
complex,-2.28125,False,1.25,True
simple,-5.0625,False,0.8125,True
instruct,-5.0625,False,-0.1875,False
complex,-5.0625,False,1.3125,True
simple,-5.0,False,0.90625,True
instruct,-5.0,False,-0.0625,False
complex,-5.0,False,1.21875,True
simple,-3.75,False,0.75,True
instruct,-3.75,False,-0.1875,False
complex,-3.75,False,1.4375,True
simple,-5.28125,False,0.78125,True
instruct,-5.28125,False,0.0625,True
complex,-5.28125,False,1.25,True
simple,-4.1875,False,0.875,True
instruct,-4.1875,False,0.0625,True
complex,-4.1875,False,1.28125,True
simple,-3.375,False,0.90625,True
instruct,-3.375,False,-0.0625,False
complex,-3.375,False,1.34375,True
simple,-16.75,False,0.6875,True
instruct,-16.75,False,0.0,False
complex,-16.75,False,1.46875,True
simple,-4.40625,False,0.71875,True
instruct,-4.40625,False,-0.5,False
complex,-4.40625,False,1.21875,True
simple,-4.8125,False,1.09375,True
instruct,-4.8125,False,-0.25,False
complex,-4.8125,False,1.21875,True
simple,-9.875,False,0.90625,True
instruct,-9.875,False,0.0,False
complex,-9.875,False,1.1875,True
simple,-8.375,False,1.03125,True
instruct,-8.375,False,0.0625,True
complex,-8.375,False,1.28125,True
simple,-10.625,False,1.03125,True
instruct,-10.625,False,-0.0625,False
complex,-10.625,False,1.09375,True
simple,-9.375,False,1.09375,True
instruct,-9.375,False,-0.25,False
complex,-9.375,False,1.21875,True
simple,-9.5,False,1.0,True
instruct,-9.5,False,-0.0625,False
complex,-9.5,False,1.0,True
simple,-9.25,False,1.125,True
instruct,-9.25,False,-0.125,False
complex,-9.25,False,1.3125,True
simple,-6.375,False,1.1875,True
instruct,-6.375,False,-0.125,False
complex,-6.375,False,1.1875,True
simple,-8.3125,False,1.21875,True
instruct,-8.3125,False,-0.1875,False
complex,-8.3125,False,1.21875,True
simple,-7.5,False,1.125,True
instruct,-7.5,False,-0.125,False
complex,-7.5,False,1.125,True
simple,-9.125,False,1.0625,True
instruct,-9.125,False,-0.0625,False
complex,-9.125,False,1.21875,True
simple,-6.125,False,1.09375,True
instruct,-6.125,False,0.0,False
complex,-6.125,False,1.1875,True
simple,-10.25,False,1.25,True
instruct,-10.25,False,-0.1875,False
complex,-10.25,False,1.28125,True
simple,-9.75,False,0.96875,True
instruct,-9.75,False,-0.0625,False
complex,-9.75,False,1.25,True
simple,-6.875,False,0.96875,True
instruct,-6.875,False,-0.1875,False
complex,-6.875,False,1.25,True
simple,-9.625,False,0.96875,True
instruct,-9.625,False,-0.3125,False
complex,-9.625,False,1.21875,True
simple,-9.5,False,1.03125,True
instruct,-9.5,False,-0.0625,False
complex,-9.5,False,1.3125,True
simple,-10.5,False,0.90625,True
instruct,-10.5,False,0.0,False
complex,-10.5,False,1.21875,True
simple,-9.75,False,1.03125,True
instruct,-9.75,False,-0.0625,False
complex,-9.75,False,1.0625,True
simple,-9.625,False,1.125,True
instruct,-9.625,False,0.1875,True
complex,-9.625,False,1.15625,True
simple,-7.75,False,1.09375,True
instruct,-7.75,False,-0.25,False
complex,-7.75,False,1.0,True
simple,-7.5,False,1.15625,True
instruct,-7.5,False,0.0,False
complex,-7.5,False,1.21875,True
simple,-8.625,False,1.125,True
instruct,-8.625,False,-0.125,False
complex,-8.625,False,1.125,True
simple,-9.25,False,1.0625,True
instruct,-9.25,False,-0.125,False
complex,-9.25,False,1.21875,True
simple,-7.25,False,1.125,True
instruct,-7.25,False,0.0,False
complex,-7.25,False,1.1875,True
simple,-8.875,False,1.03125,True
instruct,-8.875,False,-0.0625,False
complex,-8.875,False,1.125,True
simple,-8.25,False,1.21875,True
instruct,-8.25,False,-0.125,False
complex,-8.25,False,1.03125,True
simple,-6.875,False,1.0,True
instruct,-6.875,False,-0.125,False
complex,-6.875,False,1.21875,True
simple,-9.25,False,1.0625,True
instruct,-9.25,False,-0.1875,False
complex,-9.25,False,1.15625,True
simple,-9.375,False,1.15625,True
instruct,-9.375,False,-0.0625,False
complex,-9.375,False,1.15625,True
simple,-11.5,False,1.0,True
instruct,-11.5,False,-0.125,False
complex,-11.5,False,1.03125,True
simple,-8.0,False,1.21875,True
instruct,-8.0,False,-0.0625,False
complex,-8.0,False,1.25,True
simple,-6.875,False,1.15625,True
instruct,-6.875,False,-0.125,False
complex,-6.875,False,1.15625,True
simple,-8.875,False,0.96875,True
instruct,-8.875,False,-0.375,False
complex,-8.875,False,1.0625,True
simple,-12.75,False,0.875,True
instruct,-12.75,False,-0.0625,False
complex,-12.75,False,0.84375,True
simple,-9.5,False,1.0625,True
instruct,-9.5,False,-0.0625,False
complex,-9.5,False,1.0,True
simple,-7.75,False,1.125,True
instruct,-7.75,False,-0.1875,False
complex,-7.75,False,1.0625,True
simple,-9.5,False,0.90625,True
instruct,-9.5,False,0.125,True
complex,-9.5,False,1.0625,True
simple,-11.875,False,0.9375,True
instruct,-11.875,False,-0.25,False
complex,-11.875,False,1.0625,True
simple,-8.375,False,1.0,True
instruct,-8.375,False,-0.125,False
complex,-8.375,False,1.1875,True
simple,-10.25,False,1.09375,True
instruct,-10.25,False,-0.1875,False
complex,-10.25,False,1.125,True
simple,-8.375,False,1.09375,True
instruct,-8.375,False,-0.125,False
complex,-8.375,False,1.1875,True
simple,-6.75,False,1.125,True
instruct,-6.75,False,-0.1875,False
complex,-6.75,False,1.21875,True
simple,-7.5,False,1.21875,True
instruct,-7.5,False,-0.1875,False
complex,-7.5,False,1.09375,True
simple,-10.0,False,1.21875,True
instruct,-10.0,False,0.0,False
complex,-10.0,False,1.09375,True
simple,-6.75,False,0.875,True
instruct,-6.75,False,-0.1875,False
complex,-6.75,False,1.125,True
simple,-6.375,False,0.96875,True
instruct,-6.375,False,-0.125,False
complex,-6.375,False,0.9375,True
simple,-10.375,False,1.15625,True
instruct,-10.375,False,-0.0625,False
complex,-10.375,False,0.9375,True
simple,-9.125,False,1.09375,True
instruct,-9.125,False,-0.125,False
complex,-9.125,False,1.0625,True
simple,-9.0,False,0.9375,True
instruct,-9.0,False,-0.25,False
complex,-9.0,False,1.3125,True
simple,-10.4375,False,0.84375,True
instruct,-10.4375,False,-0.0625,False
complex,-10.4375,False,1.15625,True
simple,-8.125,False,0.96875,True
instruct,-8.125,False,-0.3125,False
complex,-8.125,False,1.15625,True
simple,-8.5,False,1.0625,True
instruct,-8.5,False,-0.125,False
complex,-8.5,False,1.125,True
simple,-9.0,False,1.125,True
instruct,-9.0,False,-0.1875,False
complex,-9.0,False,1.125,True
simple,-7.875,False,0.90625,True
instruct,-7.875,False,-0.25,False
complex,-7.875,False,1.0625,True
simple,-7.5,False,1.1875,True
instruct,-7.5,False,-0.0625,False
complex,-7.5,False,1.03125,True
simple,-9.75,False,1.15625,True
instruct,-9.75,False,-0.125,False
complex,-9.75,False,1.125,True
simple,-9.0,False,1.15625,True
instruct,-9.0,False,0.0,False
complex,-9.0,False,1.125,True
simple,-9.125,False,0.875,True
instruct,-9.125,False,-0.375,False
complex,-9.125,False,0.84375,True
simple,-10.125,False,1.1875,True
instruct,-10.125,False,-0.1875,False
complex,-10.125,False,1.0625,True
simple,-9.875,False,0.96875,True
instruct,-9.875,False,0.0,False
complex,-9.875,False,1.0,True
simple,-8.75,False,1.1875,True
instruct,-8.75,False,0.0625,True
complex,-8.75,False,1.125,True
simple,-11.25,False,1.1875,True
instruct,-11.25,False,0.0,False
complex,-11.25,False,1.03125,True
simple,-9.0,False,1.125,True
instruct,-9.0,False,-0.25,False
complex,-9.0,False,1.0625,True
simple,-12.625,False,0.90625,True
instruct,-12.625,False,-0.0625,False
complex,-12.625,False,1.0625,True
simple,-8.25,False,1.0625,True
instruct,-8.25,False,-0.1875,False
complex,-8.25,False,1.0625,True
simple,-8.25,False,1.15625,True
instruct,-8.25,False,-0.125,False
complex,-8.25,False,1.21875,True
simple,-7.875,False,1.125,True
instruct,-7.875,False,-0.3125,False
complex,-7.875,False,1.15625,True
simple,-9.3125,False,1.09375,True
instruct,-9.3125,False,-0.25,False
complex,-9.3125,False,1.21875,True
simple,-10.375,False,0.96875,True
instruct,-10.375,False,-0.25,False
complex,-10.375,False,0.9375,True
simple,-9.5,False,1.125,True
instruct,-9.5,False,-0.375,False
complex,-9.5,False,0.9375,True
simple,-7.0,False,1.09375,True
instruct,-7.0,False,-0.1875,False
complex,-7.0,False,1.09375,True
simple,-4.875,False,1.15625,True
instruct,-4.875,False,0.0,False
complex,-4.875,False,1.03125,True
simple,-8.125,False,1.15625,True
instruct,-8.125,False,-0.125,False
complex,-8.125,False,1.09375,True
simple,-8.125,False,1.15625,True
instruct,-8.125,False,-0.125,False
complex,-8.125,False,0.90625,True
simple,-8.25,False,1.1875,True
instruct,-8.25,False,-0.0625,False
complex,-8.25,False,1.125,True
simple,-4.0,False,1.1875,True
instruct,-4.0,False,-0.3125,False
complex,-4.0,False,1.09375,True
simple,-8.6875,False,1.125,True
instruct,-8.6875,False,-0.3125,False
complex,-8.6875,False,1.1875,True
simple,-8.625,False,1.0625,True
instruct,-8.625,False,-0.125,False
complex,-8.625,False,1.21875,True
simple,-9.625,False,0.90625,True
instruct,-9.625,False,-0.125,False
complex,-9.625,False,1.09375,True
simple,-9.5,False,1.0,True
instruct,-9.5,False,-0.125,False
complex,-9.5,False,1.03125,True
simple,-7.625,False,0.96875,True
instruct,-7.625,False,-0.4375,False
complex,-7.625,False,1.0,True
simple,-7.5,False,1.0625,True
instruct,-7.5,False,0.0,False
complex,-7.5,False,1.09375,True
simple,-9.0,False,1.03125,True
instruct,-9.0,False,0.1875,True
complex,-9.0,False,1.09375,True
simple,-12.375,False,0.9375,True
instruct,-12.375,False,0.0625,True
complex,-12.375,False,1.1875,True
simple,-10.625,False,0.84375,True
instruct,-10.625,False,0.0625,True
complex,-10.625,False,1.125,True
simple,-10.25,False,0.9375,True
instruct,-10.25,False,-0.375,False
complex,-10.25,False,0.8125,True
simple,-10.875,False,1.09375,True
instruct,-10.875,False,-0.1875,False
complex,-10.875,False,1.03125,True
simple,-9.5,False,1.0,True
instruct,-9.5,False,-0.0625,False
complex,-9.5,False,0.96875,True
simple,-7.5,False,1.09375,True
instruct,-7.5,False,-0.0625,False
complex,-7.5,False,1.15625,True
simple,-8.125,False,1.125,True
instruct,-8.125,False,-0.3125,False
complex,-8.125,False,1.3125,True
simple,-8.875,False,1.15625,True
instruct,-8.875,False,-0.375,False
complex,-8.875,False,1.03125,True
simple,-12.125,False,0.875,True
instruct,-12.125,False,-0.1875,False
complex,-12.125,False,1.0625,True
simple,-14.5,False,0.875,True
instruct,-14.5,False,-0.3125,False
complex,-14.5,False,1.25,True
simple,-5.625,False,1.09375,True
instruct,-5.625,False,0.1875,True
complex,-5.625,False,1.0,True
simple,-8.875,False,1.09375,True
instruct,-8.875,False,-0.0625,False
complex,-8.875,False,1.03125,True
simple,-7.125,False,1.09375,True
instruct,-7.125,False,-0.25,False
complex,-7.125,False,1.21875,True
simple,-9.75,False,1.0,True
instruct,-9.75,False,0.125,True
complex,-9.75,False,1.125,True
simple,-9.125,False,1.0625,True
instruct,-9.125,False,-0.0625,False
complex,-9.125,False,1.15625,True
simple,-10.25,False,1.0625,True
instruct,-10.25,False,0.0625,True
complex,-10.25,False,0.96875,True
simple,-8.875,False,0.96875,True
instruct,-8.875,False,-0.125,False
complex,-8.875,False,1.125,True
simple,-6.0625,False,1.125,True
instruct,-6.0625,False,0.4375,True
complex,-6.0625,False,1.46875,True
simple,-7.3125,False,1.09375,True
instruct,-7.3125,False,0.75,True
complex,-7.3125,False,1.46875,True
simple,-5.75,False,1.03125,True
instruct,-5.75,False,0.375,True
complex,-5.75,False,1.375,True
simple,-5.5625,False,1.0625,True
instruct,-5.5625,False,0.625,True
complex,-5.5625,False,1.53125,True
simple,-6.25,False,0.96875,True
instruct,-6.25,False,1.0,True
complex,-6.25,False,1.46875,True
simple,-7.5625,False,1.34375,True
instruct,-7.5625,False,0.3125,True
complex,-7.5625,False,1.375,True
simple,-7.25,False,1.28125,True
instruct,-7.25,False,0.1875,True
complex,-7.25,False,1.34375,True
simple,-8.125,False,1.25,True
instruct,-8.125,False,0.375,True
complex,-8.125,False,1.40625,True
simple,-7.1875,False,1.15625,True
instruct,-7.1875,False,0.25,True
complex,-7.1875,False,1.375,True
simple,-9.6875,False,1.21875,True
instruct,-9.6875,False,0.78125,True
complex,-9.6875,False,1.46875,True
simple,-7.9375,False,1.28125,True
instruct,-7.9375,False,0.3125,True
complex,-7.9375,False,1.59375,True
simple,-7.125,False,1.09375,True
instruct,-7.125,False,0.375,True
complex,-7.125,False,1.5,True
simple,-5.75,False,1.1875,True
instruct,-5.75,False,0.375,True
complex,-5.75,False,1.375,True
simple,-7.75,False,1.125,True
instruct,-7.75,False,0.375,True
complex,-7.75,False,1.46875,True
simple,-6.1875,False,1.0625,True
instruct,-6.1875,False,0.4375,True
complex,-6.1875,False,1.4375,True
simple,-6.25,False,1.03125,True
instruct,-6.25,False,0.125,True
complex,-6.25,False,1.46875,True
simple,-6.125,False,1.1875,True
instruct,-6.125,False,-0.0625,False
complex,-6.125,False,1.5625,True
simple,-5.625,False,1.125,True
instruct,-5.625,False,0.1875,True
complex,-5.625,False,1.4375,True
simple,-6.875,False,1.09375,True
instruct,-6.875,False,0.3125,True
complex,-6.875,False,1.34375,True
simple,-7.25,False,1.0625,True
instruct,-7.25,False,0.125,True
complex,-7.25,False,1.4375,True
simple,-5.6875,False,1.0,True
instruct,-5.6875,False,0.5,True
complex,-5.6875,False,1.25,True
simple,-6.8125,False,1.125,True
instruct,-6.8125,False,0.6875,True
complex,-6.8125,False,1.5625,True
simple,-6.9375,False,1.09375,True
instruct,-6.9375,False,0.1875,True
complex,-6.9375,False,1.40625,True
simple,-5.0,False,1.15625,True
instruct,-5.0,False,0.375,True
complex,-5.0,False,1.4375,True
simple,-6.875,False,1.125,True
instruct,-6.875,False,0.5,True
complex,-6.875,False,1.46875,True
simple,-6.125,False,1.1875,True
instruct,-6.125,False,0.5,True
complex,-6.125,False,1.4375,True
simple,-7.4375,False,1.1875,True
instruct,-7.4375,False,0.4375,True
complex,-7.4375,False,1.40625,True
simple,-5.9375,False,1.1875,True
instruct,-5.9375,False,0.625,True
complex,-5.9375,False,1.65625,True
simple,-6.4375,False,1.34375,True
instruct,-6.4375,False,0.5,True
complex,-6.4375,False,1.53125,True
simple,-5.375,False,1.0625,True
instruct,-5.375,False,0.5625,True
complex,-5.375,False,1.5,True
simple,-4.875,False,0.84375,True
instruct,-4.875,False,0.0625,True
complex,-4.875,False,1.40625,True
simple,-7.1875,False,1.21875,True
instruct,-7.1875,False,0.5,True
complex,-7.1875,False,1.4375,True
simple,-5.8125,False,1.0625,True
instruct,-5.8125,False,0.375,True
complex,-5.8125,False,1.40625,True
simple,-7.25,False,1.09375,True
instruct,-7.25,False,0.375,True
complex,-7.25,False,1.34375,True
simple,-6.5625,False,1.15625,True
instruct,-6.5625,False,0.4375,True
complex,-6.5625,False,1.46875,True
simple,-6.8125,False,1.125,True
instruct,-6.8125,False,0.625,True
complex,-6.8125,False,1.53125,True
simple,-6.625,False,1.125,True
instruct,-6.625,False,0.625,True
complex,-6.625,False,1.5,True
simple,-6.75,False,1.28125,True
instruct,-6.75,False,0.25,True
complex,-6.75,False,1.40625,True
simple,-7.125,False,1.125,True
instruct,-7.125,False,0.625,True
complex,-7.125,False,1.53125,True
simple,-6.3125,False,1.125,True
instruct,-6.3125,False,0.375,True
complex,-6.3125,False,1.28125,True
simple,-5.5625,False,1.15625,True
instruct,-5.5625,False,0.625,True
complex,-5.5625,False,1.5625,True
simple,-7.1875,False,1.125,True
instruct,-7.1875,False,0.125,True
complex,-7.1875,False,1.46875,True
simple,-6.0,False,1.125,True
instruct,-6.0,False,0.0625,True
complex,-6.0,False,1.375,True
simple,-6.6875,False,1.0625,True
instruct,-6.6875,False,-0.1875,False
complex,-6.6875,False,1.34375,True
simple,-7.1875,False,1.28125,True
instruct,-7.1875,False,0.375,True
complex,-7.1875,False,1.4375,True
simple,-6.8125,False,1.15625,True
instruct,-6.8125,False,0.5625,True
complex,-6.8125,False,1.5,True
simple,-6.8125,False,1.15625,True
instruct,-6.8125,False,0.125,True
complex,-6.8125,False,1.34375,True
simple,-6.3125,False,1.3125,True
instruct,-6.3125,False,0.1875,True
complex,-6.3125,False,1.3125,True
simple,-6.875,False,1.0625,True
instruct,-6.875,False,-0.125,False
complex,-6.875,False,1.28125,True
simple,-8.6875,False,1.1875,True
instruct,-8.6875,False,0.375,True
complex,-8.6875,False,1.5,True
simple,-7.5,False,1.21875,True
instruct,-7.5,False,0.375,True
complex,-7.5,False,1.5,True
simple,-7.3125,False,1.28125,True
instruct,-7.3125,False,0.3125,True
complex,-7.3125,False,1.28125,True
simple,-6.1875,False,1.375,True
instruct,-6.1875,False,0.1875,True
complex,-6.1875,False,1.3125,True
simple,-6.0625,False,1.0625,True
instruct,-6.0625,False,0.125,True
complex,-6.0625,False,1.1875,True
simple,-8.9375,False,1.15625,True
instruct,-8.9375,False,0.375,True
complex,-8.9375,False,1.28125,True
simple,-8.65625,False,1.1875,True
instruct,-8.65625,False,0.3125,True
complex,-8.65625,False,1.375,True
simple,-8.0,False,1.1875,True
instruct,-8.0,False,0.125,True
complex,-8.0,False,1.25,True
simple,-7.90625,False,1.15625,True
instruct,-7.90625,False,0.6875,True
complex,-7.90625,False,1.4375,True
simple,-7.3125,False,1.21875,True
instruct,-7.3125,False,0.375,True
complex,-7.3125,False,1.34375,True
simple,-7.3125,False,1.03125,True
instruct,-7.3125,False,0.25,True
complex,-7.3125,False,1.34375,True
simple,-7.375,False,0.9375,True
instruct,-7.375,False,0.5,True
complex,-7.375,False,1.46875,True
simple,-7.125,False,1.09375,True
instruct,-7.125,False,0.1875,True
complex,-7.125,False,1.40625,True
simple,-5.875,False,1.03125,True
instruct,-5.875,False,0.125,True
complex,-5.875,False,1.3125,True
simple,-6.8125,False,1.15625,True
instruct,-6.8125,False,0.4375,True
complex,-6.8125,False,1.40625,True
simple,-6.1875,False,1.15625,True
instruct,-6.1875,False,0.25,True
complex,-6.1875,False,1.28125,True
simple,-8.1875,False,1.03125,True
instruct,-8.1875,False,0.0,False
complex,-8.1875,False,1.3125,True
simple,-8.3125,False,1.28125,True
instruct,-8.3125,False,0.375,True
complex,-8.3125,False,1.21875,True
simple,-5.25,False,1.15625,True
instruct,-5.25,False,0.125,True
complex,-5.25,False,1.3125,True
simple,-5.4375,False,1.21875,True
instruct,-5.4375,False,0.4375,True
complex,-5.4375,False,1.375,True
simple,-5.5625,False,1.1875,True
instruct,-5.5625,False,0.75,True
complex,-5.5625,False,1.34375,True
simple,-8.5625,False,1.09375,True
instruct,-8.5625,False,0.4375,True
complex,-8.5625,False,1.40625,True
simple,-6.6875,False,1.0625,True
instruct,-6.6875,False,0.25,True
complex,-6.6875,False,1.40625,True
simple,-6.25,False,1.15625,True
instruct,-6.25,False,0.4375,True
complex,-6.25,False,1.25,True
simple,-6.4375,False,1.125,True
instruct,-6.4375,False,0.1875,True
complex,-6.4375,False,1.375,True
simple,-5.1875,False,1.1875,True
instruct,-5.1875,False,0.5,True
complex,-5.1875,False,1.40625,True
simple,-6.25,False,1.09375,True
instruct,-6.25,False,0.75,True
complex,-6.25,False,1.40625,True
simple,-5.75,False,1.28125,True
instruct,-5.75,False,0.875,True
complex,-5.75,False,1.53125,True
simple,-6.1875,False,1.09375,True
instruct,-6.1875,False,0.5,True
complex,-6.1875,False,1.40625,True
simple,-7.9375,False,1.0,True
instruct,-7.9375,False,0.4375,True
complex,-7.9375,False,1.5625,True
simple,-6.125,False,1.1875,True
instruct,-6.125,False,0.5,True
complex,-6.125,False,1.40625,True
simple,-8.0,False,1.0,True
instruct,-8.0,False,0.375,True
complex,-8.0,False,1.21875,True
simple,-6.5625,False,1.1875,True
instruct,-6.5625,False,0.125,True
complex,-6.5625,False,1.375,True
simple,-6.8125,False,1.21875,True
instruct,-6.8125,False,0.25,True
complex,-6.8125,False,1.4375,True
simple,-6.625,False,1.03125,True
instruct,-6.625,False,0.1875,True
complex,-6.625,False,1.4375,True
simple,-6.5,False,1.1875,True
instruct,-6.5,False,0.125,True
complex,-6.5,False,1.21875,True
simple,-7.375,False,1.0625,True
instruct,-7.375,False,-0.0625,False
complex,-7.375,False,1.4375,True
simple,-6.625,False,1.0,True
instruct,-6.625,False,0.25,True
complex,-6.625,False,1.3125,True
simple,-6.4375,False,1.0625,True
instruct,-6.4375,False,0.3125,True
complex,-6.4375,False,1.375,True
simple,-8.0625,False,1.03125,True
instruct,-8.0625,False,0.625,True
complex,-8.0625,False,1.21875,True
simple,-6.6875,False,1.09375,True
instruct,-6.6875,False,0.3125,True
complex,-6.6875,False,1.3125,True
simple,-8.125,False,0.9375,True
instruct,-8.125,False,0.4375,True
complex,-8.125,False,1.46875,True
simple,-5.5,False,1.25,True
instruct,-5.5,False,0.8125,True
complex,-5.5,False,1.65625,True
simple,-6.65625,False,0.96875,True
instruct,-6.65625,False,0.4375,True
complex,-6.65625,False,1.5625,True
simple,-7.125,False,1.1875,True
instruct,-7.125,False,0.5625,True
complex,-7.125,False,1.3125,True
simple,-7.75,False,1.0625,True
instruct,-7.75,False,0.5,True
complex,-7.75,False,1.40625,True
simple,-7.0625,False,1.09375,True
instruct,-7.0625,False,0.3125,True
complex,-7.0625,False,1.28125,True
simple,-6.75,False,1.0625,True
instruct,-6.75,False,0.5625,True
complex,-6.75,False,1.3125,True
simple,-7.5625,False,1.21875,True
instruct,-7.5625,False,0.375,True
complex,-7.5625,False,1.40625,True
simple,-7.9375,False,1.03125,True
instruct,-7.9375,False,0.4375,True
complex,-7.9375,False,1.40625,True
simple,-8.0625,False,1.03125,True
instruct,-8.0625,False,0.5,True
complex,-8.0625,False,1.4375,True
