prompt_type,direct_difference,direct_correct,meta_difference,meta_correct
simple,-1.9375,False,-0.0625,False
instruct,-1.9375,False,0.125,True
complex,-1.9375,False,0.375,True
simple,0.0,False,0.125,True
instruct,0.0,False,-0.125,False
complex,0.0,False,0.1875,True
simple,-1.5625,False,0.125,True
instruct,-1.5625,False,0.4375,True
complex,-1.5625,False,0.125,True
simple,-2.875,False,0.1875,True
instruct,-2.875,False,0.4375,True
complex,-2.875,False,0.1875,True
simple,-0.6875,False,-0.5625,False
instruct,-0.6875,False,-0.4375,False
complex,-0.6875,False,0.125,True
simple,-1.125,False,0.125,True
instruct,-1.125,False,0.3125,True
complex,-1.125,False,0.0625,True
simple,-0.375,False,0.125,True
instruct,-0.375,False,0.625,True
complex,-0.375,False,0.3125,True
simple,-1.125,False,-0.1875,False
instruct,-1.125,False,0.5,True
complex,-1.125,False,0.25,True
simple,-0.375,False,-0.125,False
instruct,-0.375,False,0.0,False
complex,-0.375,False,0.125,True
simple,-4.6875,False,-0.375,False
instruct,-4.6875,False,-0.125,False
complex,-4.6875,False,0.0625,True
simple,-1.5,False,-0.0625,False
instruct,-1.5,False,0.1875,True
complex,-1.5,False,0.1875,True
simple,-0.5,False,-0.25,False
instruct,-0.5,False,0.0625,True
complex,-0.5,False,0.0,False
simple,-1.25,False,-0.25,False
instruct,-1.25,False,-0.3125,False
complex,-1.25,False,0.0,False
simple,-0.875,False,0.25,True
instruct,-0.875,False,0.375,True
complex,-0.875,False,0.0625,True
simple,-1.0,False,0.0,False
instruct,-1.0,False,0.125,True
complex,-1.0,False,0.0625,True
simple,-0.5625,False,0.1875,True
instruct,-0.5625,False,0.4375,True
complex,-0.5625,False,0.1875,True
simple,-2.5,False,-0.25,False
instruct,-2.5,False,-0.1875,False
complex,-2.5,False,0.125,True
simple,-0.5,False,-0.1875,False
instruct,-0.5,False,0.0625,True
complex,-0.5,False,0.0,False
simple,-1.5,False,-0.125,False
instruct,-1.5,False,0.3125,True
complex,-1.5,False,0.125,True
simple,-1.0,False,0.25,True
instruct,-1.0,False,0.625,True
complex,-1.0,False,0.0,False
simple,-2.0625,False,0.125,True
instruct,-2.0625,False,0.5,True
complex,-2.0625,False,0.25,True
simple,-1.9375,False,0.0625,True
instruct,-1.9375,False,0.0,False
complex,-1.9375,False,0.125,True
simple,-0.375,False,0.375,True
instruct,-0.375,False,0.5,True
complex,-0.375,False,0.375,True
simple,-0.125,False,0.0625,True
instruct,-0.125,False,0.1875,True
complex,-0.125,False,0.1875,True
simple,-2.0,False,0.0625,True
instruct,-2.0,False,-0.0625,False
complex,-2.0,False,0.25,True
simple,-2.875,False,-0.75,False
instruct,-2.875,False,-0.8125,False
complex,-2.875,False,-0.0625,False
simple,-0.5,False,-0.125,False
instruct,-0.5,False,0.0625,True
complex,-0.5,False,0.125,True
simple,-1.75,False,-0.9375,False
instruct,-1.75,False,-0.25,False
complex,-1.75,False,0.25,True
simple,-0.125,False,0.0625,True
instruct,-0.125,False,0.625,True
complex,-0.125,False,0.25,True
simple,-2.125,False,0.3125,True
instruct,-2.125,False,0.625,True
complex,-2.125,False,0.0,False
simple,-0.375,False,-0.25,False
instruct,-0.375,False,-0.0625,False
complex,-0.375,False,-0.0625,False
simple,-0.875,False,0.25,True
instruct,-0.875,False,0.375,True
complex,-0.875,False,0.125,True
simple,0.375,True,0.3125,True
instruct,0.375,True,0.5625,True
complex,0.375,True,0.375,True
simple,-1.125,False,-0.5625,False
instruct,-1.125,False,-0.3125,False
complex,-1.125,False,0.0625,True
simple,-0.625,False,-0.1875,False
instruct,-0.625,False,0.0625,True
complex,-0.625,False,0.0,False
simple,-0.375,False,-0.125,False
instruct,-0.375,False,0.3125,True
complex,-0.375,False,0.125,True
simple,-2.875,False,-0.1875,False
instruct,-2.875,False,-0.4375,False
complex,-2.875,False,0.0,False
simple,-0.25,False,-0.125,False
instruct,-0.25,False,-0.125,False
complex,-0.25,False,0.0625,True
simple,-2.125,False,0.0625,True
instruct,-2.125,False,0.3125,True
complex,-2.125,False,0.125,True
simple,-1.6875,False,-0.25,False
instruct,-1.6875,False,-0.125,False
complex,-1.6875,False,0.125,True
simple,-1.9375,False,-0.125,False
instruct,-1.9375,False,0.25,True
complex,-1.9375,False,0.0,False
simple,-0.875,False,-0.0625,False
instruct,-0.875,False,0.25,True
complex,-0.875,False,0.125,True
simple,-2.25,False,-0.5625,False
instruct,-2.25,False,0.0,False
complex,-2.25,False,0.25,True
simple,-1.0,False,0.1875,True
instruct,-1.0,False,0.625,True
complex,-1.0,False,0.1875,True
simple,-0.375,False,0.75,True
instruct,-0.375,False,0.8125,True
complex,-0.375,False,0.125,True
simple,0.5625,True,-0.625,False
instruct,0.5625,True,-0.875,False
complex,0.5625,True,0.0625,True
simple,-0.4375,False,-0.0625,False
instruct,-0.4375,False,0.3125,True
complex,-0.4375,False,0.125,True
simple,-0.375,False,-0.375,False
instruct,-0.375,False,0.0,False
complex,-0.375,False,0.125,True
simple,-1.0,False,0.0,False
instruct,-1.0,False,0.0,False
complex,-1.0,False,0.25,True
simple,0.0,False,-0.1875,False
instruct,0.0,False,-0.375,False
complex,0.0,False,-0.0625,False
simple,-1.375,False,-0.3125,False
instruct,-1.375,False,-0.4375,False
complex,-1.375,False,0.1875,True
simple,-0.5,False,0.375,True
instruct,-0.5,False,0.375,True
complex,-0.5,False,0.0625,True
simple,-0.6875,False,0.0,False
instruct,-0.6875,False,0.5,True
complex,-0.6875,False,0.1875,True
simple,-1.5,False,0.25,True
instruct,-1.5,False,0.3125,True
complex,-1.5,False,0.3125,True
simple,-1.125,False,-0.0625,False
instruct,-1.125,False,0.0625,True
complex,-1.125,False,0.25,True
simple,0.3125,True,0.125,True
instruct,0.3125,True,0.5,True
complex,0.3125,True,0.3125,True
simple,1.25,True,0.0,False
instruct,1.25,True,0.25,True
complex,1.25,True,0.3125,True
simple,-0.625,False,0.3125,True
instruct,-0.625,False,0.5625,True
complex,-0.625,False,0.125,True
simple,-1.5625,False,0.125,True
instruct,-1.5625,False,0.5,True
complex,-1.5625,False,0.0,False
simple,-0.375,False,-0.0625,False
instruct,-0.375,False,0.375,True
complex,-0.375,False,0.25,True
simple,-1.75,False,0.0625,True
instruct,-1.75,False,0.375,True
complex,-1.75,False,0.25,True
simple,-2.25,False,-0.125,False
instruct,-2.25,False,0.0625,True
complex,-2.25,False,0.375,True
simple,-1.5,False,0.0,False
instruct,-1.5,False,0.125,True
complex,-1.5,False,0.0625,True
simple,-0.125,False,0.3125,True
instruct,-0.125,False,0.375,True
complex,-0.125,False,0.125,True
simple,-2.625,False,0.125,True
instruct,-2.625,False,0.5625,True
complex,-2.625,False,0.25,True
simple,-0.5,False,-0.0625,False
instruct,-0.5,False,0.3125,True
complex,-0.5,False,0.25,True
simple,2.125,True,0.1875,True
instruct,2.125,True,0.375,True
complex,2.125,True,0.3125,True
simple,-1.625,False,0.125,True
instruct,-1.625,False,0.25,True
complex,-1.625,False,0.4375,True
simple,-1.875,False,0.3125,True
instruct,-1.875,False,0.125,True
complex,-1.875,False,0.0625,True
simple,-2.75,False,-0.1875,False
instruct,-2.75,False,0.1875,True
complex,-2.75,False,0.3125,True
simple,-2.875,False,0.0,False
instruct,-2.875,False,0.1875,True
complex,-2.875,False,0.125,True
simple,-0.375,False,0.125,True
instruct,-0.375,False,0.1875,True
complex,-0.375,False,0.25,True
simple,-0.625,False,0.0,False
instruct,-0.625,False,0.25,True
complex,-0.625,False,0.0,False
simple,-1.25,False,-0.1875,False
instruct,-1.25,False,-0.125,False
complex,-1.25,False,0.1875,True
simple,-1.875,False,-0.25,False
instruct,-1.875,False,-0.0625,False
complex,-1.875,False,0.1875,True
simple,-0.625,False,0.6875,True
instruct,-0.625,False,0.5,True
complex,-0.625,False,0.1875,True
simple,0.125,True,-0.1875,False
instruct,0.125,True,0.125,True
complex,0.125,True,-0.0625,False
simple,-3.75,False,-0.0625,False
instruct,-3.75,False,0.4375,True
complex,-3.75,False,0.0,False
simple,-2.25,False,-0.75,False
instruct,-2.25,False,-0.625,False
complex,-2.25,False,0.0625,True
simple,-2.125,False,-0.0625,False
instruct,-2.125,False,0.25,True
complex,-2.125,False,0.1875,True
simple,-0.375,False,0.0,False
instruct,-0.375,False,0.5625,True
complex,-0.375,False,0.0,False
simple,-1.625,False,0.3125,True
instruct,-1.625,False,0.6875,True
complex,-1.625,False,0.5,True
simple,-3.0,False,-0.0625,False
instruct,-3.0,False,0.3125,True
complex,-3.0,False,0.125,True
simple,0.4375,True,-0.6875,False
instruct,0.4375,True,-0.3125,False
complex,0.4375,True,-0.0625,False
simple,-0.75,False,0.375,True
instruct,-0.75,False,0.5625,True
complex,-0.75,False,0.1875,True
simple,-0.3125,False,-0.5,False
instruct,-0.3125,False,-0.125,False
complex,-0.3125,False,0.125,True
simple,0.0,False,0.1875,True
instruct,0.0,False,0.125,True
complex,0.0,False,0.25,True
simple,-1.625,False,0.125,True
instruct,-1.625,False,0.375,True
complex,-1.625,False,0.1875,True
simple,-1.625,False,-0.0625,False
instruct,-1.625,False,-0.0625,False
complex,-1.625,False,0.125,True
simple,0.375,True,-0.5,False
instruct,0.375,True,-0.1875,False
complex,0.375,True,0.125,True
simple,1.5,True,0.1875,True
instruct,1.5,True,0.625,True
complex,1.5,True,-0.1875,False
simple,-2.0,False,-0.1875,False
instruct,-2.0,False,0.25,True
complex,-2.0,False,0.125,True
simple,0.125,True,-0.5625,False
instruct,0.125,True,-0.1875,False
complex,0.125,True,0.125,True
simple,-3.75,False,-0.0625,False
instruct,-3.75,False,0.125,True
complex,-3.75,False,0.0625,True
simple,0.125,True,0.375,True
instruct,0.125,True,0.3125,True
complex,0.125,True,0.1875,True
simple,-1.5,False,0.375,True
instruct,-1.5,False,0.4375,True
complex,-1.5,False,0.0625,True
simple,-2.75,False,-0.125,False
instruct,-2.75,False,0.0625,True
complex,-2.75,False,0.3125,True
simple,-3.0,False,-0.0625,False
instruct,-3.0,False,0.25,True
complex,-3.0,False,0.125,True
simple,-1.0,False,-0.25,False
instruct,-1.0,False,0.0,False
complex,-1.0,False,0.3125,True
simple,-0.25,False,0.1875,True
instruct,-0.25,False,0.625,True
complex,-0.25,False,0.1875,True
simple,-19.6875,False,-0.8125,False
instruct,-19.6875,False,-1.125,False
complex,-19.6875,False,-0.0625,False
simple,-5.5,False,-0.375,False
instruct,-5.5,False,-0.4375,False
complex,-5.5,False,-0.1875,False
simple,-5.375,False,-0.3125,False
instruct,-5.375,False,-0.375,False
complex,-5.375,False,-0.0625,False
simple,-5.25,False,-0.8125,False
instruct,-5.25,False,-1.25,False
complex,-5.25,False,-0.25,False
simple,-4.5625,False,-0.625,False
instruct,-4.5625,False,-1.125,False
complex,-4.5625,False,0.0625,True
simple,-18.625,False,-0.3125,False
instruct,-18.625,False,-0.5625,False
complex,-18.625,False,-0.1875,False
simple,-5.3125,False,-0.5,False
instruct,-5.3125,False,-0.8125,False
complex,-5.3125,False,-0.0625,False
simple,-4.5625,False,-0.625,False
instruct,-4.5625,False,-1.0,False
complex,-4.5625,False,-0.25,False
simple,-4.625,False,-0.125,False
instruct,-4.625,False,-0.125,False
complex,-4.625,False,0.0,False
simple,-5.875,False,-0.8125,False
instruct,-5.875,False,-1.125,False
complex,-5.875,False,0.0625,True
simple,-19.75,False,-0.3125,False
instruct,-19.75,False,-0.5,False
complex,-19.75,False,-0.125,False
simple,-4.9375,False,-0.5625,False
instruct,-4.9375,False,-1.125,False
complex,-4.9375,False,-0.0625,False
simple,-5.375,False,-0.75,False
instruct,-5.375,False,-1.25,False
complex,-5.375,False,-0.0625,False
simple,-5.375,False,-0.4375,False
instruct,-5.375,False,-0.75,False
complex,-5.375,False,-0.125,False
simple,-5.5625,False,-0.8125,False
instruct,-5.5625,False,-1.0,False
complex,-5.5625,False,-0.3125,False
simple,-6.75,False,-0.25,False
instruct,-6.75,False,-0.5625,False
complex,-6.75,False,-0.0625,False
simple,-4.8125,False,-0.4375,False
instruct,-4.8125,False,-1.0,False
complex,-4.8125,False,-0.0625,False
simple,-4.1875,False,-0.75,False
instruct,-4.1875,False,-0.875,False
complex,-4.1875,False,-0.125,False
simple,-5.1875,False,-0.8125,False
instruct,-5.1875,False,-1.25,False
complex,-5.1875,False,-0.25,False
simple,-7.25,False,-0.3125,False
instruct,-7.25,False,-0.4375,False
complex,-7.25,False,-0.125,False
simple,-5.625,False,-0.6875,False
instruct,-5.625,False,-1.0625,False
complex,-5.625,False,-0.25,False
simple,-20.5625,False,-0.125,False
instruct,-20.5625,False,-0.4375,False
complex,-20.5625,False,-0.3125,False
simple,-5.5625,False,-0.3125,False
instruct,-5.5625,False,-0.5625,False
complex,-5.5625,False,0.0,False
simple,-5.125,False,-0.75,False
instruct,-5.125,False,-1.1875,False
complex,-5.125,False,-0.125,False
simple,-5.3125,False,-0.4375,False
instruct,-5.3125,False,-0.875,False
complex,-5.3125,False,-0.25,False
simple,-4.9375,False,-1.0625,False
instruct,-4.9375,False,-1.5,False
complex,-4.9375,False,-0.1875,False
simple,-5.125,False,0.0625,True
instruct,-5.125,False,-0.3125,False
complex,-5.125,False,-0.1875,False
simple,-4.8125,False,-0.75,False
instruct,-4.8125,False,-0.9375,False
complex,-4.8125,False,-0.125,False
simple,-6.375,False,-0.875,False
instruct,-6.375,False,-1.625,False
complex,-6.375,False,-0.1875,False
simple,-6.625,False,-0.6875,False
instruct,-6.625,False,-1.375,False
complex,-6.625,False,-0.125,False
simple,-6.0625,False,-0.75,False
instruct,-6.0625,False,-1.0625,False
complex,-6.0625,False,-0.3125,False
simple,-19.25,False,-1.1875,False
instruct,-19.25,False,-1.1875,False
complex,-19.25,False,-0.125,False
simple,-22.375,False,-0.9375,False
instruct,-22.375,False,-1.5625,False
complex,-22.375,False,-0.1875,False
simple,-5.125,False,-0.625,False
instruct,-5.125,False,-0.8125,False
complex,-5.125,False,-0.3125,False
simple,-5.625,False,-0.8125,False
instruct,-5.625,False,-1.5,False
complex,-5.625,False,-0.125,False
simple,-6.0625,False,-0.8125,False
instruct,-6.0625,False,-1.3125,False
complex,-6.0625,False,-0.125,False
simple,-4.4375,False,-0.6875,False
instruct,-4.4375,False,-1.1875,False
complex,-4.4375,False,-0.25,False
simple,-17.0,False,-0.625,False
instruct,-17.0,False,-0.625,False
complex,-17.0,False,-0.25,False
simple,-5.8125,False,-0.8125,False
instruct,-5.8125,False,-1.0,False
complex,-5.8125,False,-0.3125,False
simple,-5.125,False,-0.875,False
instruct,-5.125,False,-1.1875,False
complex,-5.125,False,-0.25,False
simple,-5.75,False,-1.0,False
instruct,-5.75,False,-1.1875,False
complex,-5.75,False,-0.1875,False
simple,-6.5625,False,-0.875,False
instruct,-6.5625,False,-1.375,False
complex,-6.5625,False,-0.3125,False
simple,-4.875,False,-0.875,False
instruct,-4.875,False,-1.1875,False
complex,-4.875,False,-0.3125,False
simple,-4.4375,False,-0.5,False
instruct,-4.4375,False,-1.4375,False
complex,-4.4375,False,-0.125,False
simple,-5.125,False,-0.0625,False
instruct,-5.125,False,-0.125,False
complex,-5.125,False,0.0,False
simple,-5.0,False,-0.5,False
instruct,-5.0,False,-0.8125,False
complex,-5.0,False,-0.125,False
simple,-19.0,False,-0.3125,False
instruct,-19.0,False,-0.6875,False
complex,-19.0,False,-0.4375,False
simple,-5.25,False,-0.6875,False
instruct,-5.25,False,-1.1875,False
complex,-5.25,False,-0.0625,False
simple,-4.5,False,-0.5625,False
instruct,-4.5,False,-1.0625,False
complex,-4.5,False,-0.25,False
simple,-4.9375,False,-0.625,False
instruct,-4.9375,False,-1.25,False
complex,-4.9375,False,-0.1875,False
simple,-5.25,False,-0.75,False
instruct,-5.25,False,-1.3125,False
complex,-5.25,False,-0.25,False
simple,-5.125,False,-0.9375,False
instruct,-5.125,False,-1.5,False
complex,-5.125,False,-0.25,False
simple,-6.3125,False,-0.9375,False
instruct,-6.3125,False,-1.5,False
complex,-6.3125,False,-0.1875,False
simple,-5.25,False,-0.625,False
instruct,-5.25,False,-0.75,False
complex,-5.25,False,-0.125,False
simple,-6.6875,False,-0.875,False
instruct,-6.6875,False,-1.6875,False
complex,-6.6875,False,-0.1875,False
simple,-6.25,False,-0.625,False
instruct,-6.25,False,-0.6875,False
complex,-6.25,False,-0.125,False
simple,-4.75,False,-0.8125,False
instruct,-4.75,False,-1.0,False
complex,-4.75,False,-0.0625,False
simple,-4.875,False,-0.6875,False
instruct,-4.875,False,-1.1875,False
complex,-4.875,False,-0.0625,False
simple,-4.625,False,-0.5,False
instruct,-4.625,False,-0.8125,False
complex,-4.625,False,-0.1875,False
simple,-4.5,False,-1.125,False
instruct,-4.5,False,-1.3125,False
complex,-4.5,False,-0.25,False
simple,-5.625,False,-0.9375,False
instruct,-5.625,False,-1.4375,False
complex,-5.625,False,-0.125,False
simple,-5.5625,False,-1.25,False
instruct,-5.5625,False,-1.5,False
complex,-5.5625,False,-0.25,False
simple,-4.4375,False,-0.75,False
instruct,-4.4375,False,-0.875,False
complex,-4.4375,False,-0.25,False
simple,-5.375,False,-0.375,False
instruct,-5.375,False,-0.4375,False
complex,-5.375,False,0.0625,True
simple,-4.875,False,-0.5625,False
instruct,-4.875,False,-0.6875,False
complex,-4.875,False,-0.0625,False
simple,-4.875,False,-0.375,False
instruct,-4.875,False,-0.875,False
complex,-4.875,False,-0.0625,False
simple,-4.5,False,-0.6875,False
instruct,-4.5,False,-0.875,False
complex,-4.5,False,-0.4375,False
simple,-5.625,False,-0.5625,False
instruct,-5.625,False,-1.125,False
complex,-5.625,False,-0.3125,False
simple,-5.125,False,-1.375,False
instruct,-5.125,False,-1.6875,False
complex,-5.125,False,-0.1875,False
simple,-5.4375,False,-0.6875,False
instruct,-5.4375,False,-0.6875,False
complex,-5.4375,False,-0.125,False
simple,-5.0,False,-0.375,False
instruct,-5.0,False,-0.8125,False
complex,-5.0,False,-0.25,False
simple,-7.6875,False,-0.4375,False
instruct,-7.6875,False,-0.625,False
complex,-7.6875,False,-0.375,False
simple,-5.6875,False,-0.5625,False
instruct,-5.6875,False,-0.875,False
complex,-5.6875,False,-0.25,False
simple,-5.125,False,-0.3125,False
instruct,-5.125,False,-0.75,False
complex,-5.125,False,-0.125,False
simple,-5.9375,False,-0.9375,False
instruct,-5.9375,False,-1.5,False
complex,-5.9375,False,-0.0625,False
simple,-6.0625,False,-0.9375,False
instruct,-6.0625,False,-1.375,False
complex,-6.0625,False,-0.25,False
simple,-4.75,False,-0.5625,False
instruct,-4.75,False,-0.8125,False
complex,-4.75,False,-0.0625,False
simple,-6.0,False,-0.9375,False
instruct,-6.0,False,-1.25,False
complex,-6.0,False,-0.1875,False
simple,-5.25,False,-0.625,False
instruct,-5.25,False,-1.3125,False
complex,-5.25,False,-0.25,False
simple,-5.125,False,-0.4375,False
instruct,-5.125,False,-0.9375,False
complex,-5.125,False,-0.3125,False
simple,-5.625,False,-0.875,False
instruct,-5.625,False,-1.6875,False
complex,-5.625,False,-0.3125,False
simple,-5.375,False,-0.625,False
instruct,-5.375,False,-1.25,False
complex,-5.375,False,-0.0625,False
simple,-5.125,False,-0.8125,False
instruct,-5.125,False,-1.0625,False
complex,-5.125,False,-0.25,False
simple,-4.875,False,-1.25,False
instruct,-4.875,False,-1.5,False
complex,-4.875,False,-0.1875,False
simple,-5.25,False,-0.375,False
instruct,-5.25,False,-0.8125,False
complex,-5.25,False,-0.125,False
simple,-5.4375,False,-0.4375,False
instruct,-5.4375,False,-1.25,False
complex,-5.4375,False,-0.25,False
simple,-5.75,False,-0.3125,False
instruct,-5.75,False,-0.625,False
complex,-5.75,False,-0.125,False
simple,-4.875,False,-0.5625,False
instruct,-4.875,False,-0.75,False
complex,-4.875,False,-0.1875,False
simple,-6.0,False,-1.25,False
instruct,-6.0,False,-1.375,False
complex,-6.0,False,0.0,False
simple,-4.6875,False,-0.75,False
instruct,-4.6875,False,-0.9375,False
complex,-4.6875,False,-0.25,False
simple,-5.4375,False,-1.0,False
instruct,-5.4375,False,-1.625,False
complex,-5.4375,False,-0.1875,False
simple,-5.0625,False,-0.8125,False
instruct,-5.0625,False,-0.875,False
complex,-5.0625,False,-0.3125,False
simple,-5.375,False,-0.125,False
instruct,-5.375,False,-0.5,False
complex,-5.375,False,-0.3125,False
simple,-4.75,False,-0.3125,False
instruct,-4.75,False,-0.625,False
complex,-4.75,False,0.0,False
simple,-5.125,False,-0.4375,False
instruct,-5.125,False,-1.0,False
complex,-5.125,False,-0.125,False
simple,-6.5,False,-1.0625,False
instruct,-6.5,False,-1.5625,False
complex,-6.5,False,-0.0625,False
simple,-6.125,False,-0.5625,False
instruct,-6.125,False,-1.0,False
complex,-6.125,False,-0.125,False
simple,-6.3125,False,-0.875,False
instruct,-6.3125,False,-1.75,False
complex,-6.3125,False,-0.25,False
simple,-5.75,False,-0.9375,False
instruct,-5.75,False,-1.625,False
complex,-5.75,False,-0.1875,False
simple,-6.5,False,-0.6875,False
instruct,-6.5,False,-1.375,False
complex,-6.5,False,-0.25,False
simple,-6.5625,False,-0.8125,False
instruct,-6.5625,False,-0.9375,False
complex,-6.5625,False,-0.1875,False
simple,-4.625,False,0.125,True
instruct,-4.625,False,-0.1875,False
complex,-4.625,False,0.0625,True
simple,-4.875,False,-0.1875,False
instruct,-4.875,False,-0.8125,False
complex,-4.875,False,0.1875,True
simple,-4.25,False,-0.5,False
instruct,-4.25,False,-0.4375,False
complex,-4.25,False,0.0,False
simple,-4.5,False,-0.5,False
instruct,-4.5,False,-0.875,False
complex,-4.5,False,-0.0625,False
simple,-18.5625,False,0.3125,True
instruct,-18.5625,False,0.0625,True
complex,-18.5625,False,0.1875,True
simple,-5.125,False,-1.25,False
instruct,-5.125,False,-1.5,False
complex,-5.125,False,-0.375,False
simple,-5.875,False,-0.8125,False
instruct,-5.875,False,-1.125,False
complex,-5.875,False,-0.1875,False
simple,-3.875,False,-0.8125,False
instruct,-3.875,False,-1.25,False
complex,-3.875,False,-0.1875,False
simple,-4.5625,False,-0.625,False
instruct,-4.5625,False,-0.5625,False
complex,-4.5625,False,-0.125,False
simple,-4.125,False,-0.4375,False
instruct,-4.125,False,-0.3125,False
complex,-4.125,False,-0.0625,False
simple,-3.9375,False,-0.875,False
instruct,-3.9375,False,-1.5,False
complex,-3.9375,False,-0.125,False
simple,-4.90625,False,-0.75,False
instruct,-4.90625,False,-1.0,False
complex,-4.90625,False,-0.0625,False
simple,-2.75,False,-1.5625,False
instruct,-2.75,False,-1.6875,False
complex,-2.75,False,-0.25,False
simple,-4.625,False,-0.6875,False
instruct,-4.625,False,-0.125,False
complex,-4.625,False,0.0,False
simple,-4.9375,False,-0.75,False
instruct,-4.9375,False,-1.0,False
complex,-4.9375,False,-0.3125,False
simple,-5.4375,False,-1.1875,False
instruct,-5.4375,False,-1.5625,False
complex,-5.4375,False,-0.125,False
simple,-4.8125,False,-1.0,False
instruct,-4.8125,False,-0.9375,False
complex,-4.8125,False,0.0625,True
simple,-1.9375,False,-1.125,False
instruct,-1.9375,False,-1.3125,False
complex,-1.9375,False,-0.125,False
simple,-5.625,False,-0.875,False
instruct,-5.625,False,-0.9375,False
complex,-5.625,False,-0.125,False
simple,-4.3125,False,-1.125,False
instruct,-4.3125,False,-1.375,False
complex,-4.3125,False,-0.3125,False
simple,-3.8125,False,-0.75,False
instruct,-3.8125,False,-0.8125,False
complex,-3.8125,False,0.125,True
simple,-4.375,False,-0.5625,False
instruct,-4.375,False,-1.0,False
complex,-4.375,False,-0.125,False
simple,-4.125,False,-0.75,False
instruct,-4.125,False,-1.125,False
complex,-4.125,False,-0.125,False
simple,-4.0625,False,-1.1875,False
instruct,-4.0625,False,-1.3125,False
complex,-4.0625,False,-0.125,False
simple,-3.21875,False,-1.1875,False
instruct,-3.21875,False,-2.0,False
complex,-3.21875,False,-0.25,False
simple,-3.6875,False,-0.5,False
instruct,-3.6875,False,-0.8125,False
complex,-3.6875,False,0.0625,True
simple,-5.125,False,-0.25,False
instruct,-5.125,False,-0.625,False
complex,-5.125,False,-0.125,False
simple,-5.0,False,-0.625,False
instruct,-5.0,False,-0.75,False
complex,-5.0,False,-0.1875,False
simple,-5.0,False,-0.9375,False
instruct,-5.0,False,-1.0,False
complex,-5.0,False,-0.0625,False
simple,-4.5,False,-1.0625,False
instruct,-4.5,False,-1.4375,False
complex,-4.5,False,-0.3125,False
simple,-4.6875,False,-1.0625,False
instruct,-4.6875,False,-1.5,False
complex,-4.6875,False,-0.0625,False
simple,-4.6875,False,-0.75,False
instruct,-4.6875,False,-0.75,False
complex,-4.6875,False,0.0625,True
simple,-4.4375,False,-1.0625,False
instruct,-4.4375,False,-0.8125,False
complex,-4.4375,False,0.0625,True
simple,-4.5,False,-0.9375,False
instruct,-4.5,False,-1.0625,False
complex,-4.5,False,-0.3125,False
simple,-3.8125,False,-0.75,False
instruct,-3.8125,False,-0.9375,False
complex,-3.8125,False,0.0625,True
simple,-4.1875,False,-0.9375,False
instruct,-4.1875,False,-1.375,False
complex,-4.1875,False,-0.3125,False
simple,-4.125,False,-1.375,False
instruct,-4.125,False,-1.4375,False
complex,-4.125,False,-0.125,False
simple,-3.0625,False,-0.6875,False
instruct,-3.0625,False,-1.125,False
complex,-3.0625,False,-0.1875,False
simple,-3.25,False,-0.625,False
instruct,-3.25,False,-1.3125,False
complex,-3.25,False,0.125,True
simple,-3.8125,False,-1.0625,False
instruct,-3.8125,False,-1.25,False
complex,-3.8125,False,-0.25,False
simple,-4.0,False,-0.5625,False
instruct,-4.0,False,-0.875,False
complex,-4.0,False,-0.25,False
simple,-4.8125,False,-0.875,False
instruct,-4.8125,False,-1.5,False
complex,-4.8125,False,-0.0625,False
simple,-5.375,False,-0.625,False
instruct,-5.375,False,-1.125,False
complex,-5.375,False,-0.1875,False
simple,-3.625,False,-0.5625,False
instruct,-3.625,False,-1.125,False
complex,-3.625,False,-0.25,False
simple,-5.40625,False,-0.8125,False
instruct,-5.40625,False,-1.25,False
complex,-5.40625,False,0.0,False
simple,-3.5625,False,-0.75,False
instruct,-3.5625,False,-1.0625,False
complex,-3.5625,False,0.0,False
simple,-5.375,False,-1.125,False
instruct,-5.375,False,-0.875,False
complex,-5.375,False,-0.25,False
simple,-4.5625,False,-0.625,False
instruct,-4.5625,False,-0.875,False
complex,-4.5625,False,0.0625,True
simple,-4.0625,False,-1.0625,False
instruct,-4.0625,False,-1.125,False
complex,-4.0625,False,-0.1875,False
simple,-3.0,False,-0.5625,False
instruct,-3.0,False,-0.9375,False
complex,-3.0,False,-0.125,False
simple,-3.75,False,-1.0,False
instruct,-3.75,False,-0.6875,False
complex,-3.75,False,-0.0625,False
simple,-4.9375,False,-0.4375,False
instruct,-4.9375,False,-1.0625,False
complex,-4.9375,False,0.0,False
simple,-4.625,False,-0.875,False
instruct,-4.625,False,-1.0,False
complex,-4.625,False,-0.125,False
simple,-3.8125,False,-0.5,False
instruct,-3.8125,False,-1.1875,False
complex,-3.8125,False,-0.0625,False
simple,-4.75,False,-0.9375,False
instruct,-4.75,False,-1.5,False
complex,-4.75,False,-0.1875,False
simple,-4.6875,False,-0.5625,False
instruct,-4.6875,False,-0.9375,False
complex,-4.6875,False,0.125,True
simple,-3.5,False,-0.875,False
instruct,-3.5,False,-1.0625,False
complex,-3.5,False,-0.125,False
simple,-3.8125,False,-0.75,False
instruct,-3.8125,False,-1.25,False
complex,-3.8125,False,-0.125,False
simple,-2.125,False,-0.625,False
instruct,-2.125,False,-0.25,False
complex,-2.125,False,-0.0625,False
simple,-5.4375,False,-1.0625,False
instruct,-5.4375,False,-1.0625,False
complex,-5.4375,False,-0.3125,False
simple,-5.9375,False,-0.75,False
instruct,-5.9375,False,-1.125,False
complex,-5.9375,False,-0.1875,False
simple,-4.0625,False,-0.25,False
instruct,-4.0625,False,-0.6875,False
complex,-4.0625,False,-0.125,False
simple,-4.5625,False,-0.375,False
instruct,-4.5625,False,-0.1875,False
complex,-4.5625,False,-0.0625,False
simple,-3.5,False,-0.5625,False
instruct,-3.5,False,-0.5625,False
complex,-3.5,False,-0.125,False
simple,-3.125,False,-0.5,False
instruct,-3.125,False,-1.3125,False
complex,-3.125,False,-0.25,False
simple,-12.625,False,-0.5625,False
instruct,-12.625,False,-1.0,False
complex,-12.625,False,-0.3125,False
simple,-4.1875,False,-0.8125,False
instruct,-4.1875,False,-0.8125,False
complex,-4.1875,False,-0.1875,False
simple,-4.4375,False,-0.5625,False
instruct,-4.4375,False,-0.75,False
complex,-4.4375,False,-0.125,False
simple,-3.625,False,-0.875,False
instruct,-3.625,False,-1.3125,False
complex,-3.625,False,-0.125,False
simple,-3.4375,False,-1.0,False
instruct,-3.4375,False,-1.125,False
complex,-3.4375,False,-0.1875,False
simple,-3.34375,False,-1.3125,False
instruct,-3.34375,False,-1.5,False
complex,-3.34375,False,-0.25,False
simple,-3.375,False,-0.6875,False
instruct,-3.375,False,-0.9375,False
complex,-3.375,False,0.0625,True
simple,-3.1875,False,-0.375,False
instruct,-3.1875,False,-0.3125,False
complex,-3.1875,False,-0.0625,False
simple,-3.9375,False,-0.3125,False
instruct,-3.9375,False,-0.8125,False
complex,-3.9375,False,0.0625,True
simple,-4.3125,False,-0.5,False
instruct,-4.3125,False,-1.0625,False
complex,-4.3125,False,-0.125,False
simple,-4.375,False,-0.75,False
instruct,-4.375,False,-0.9375,False
complex,-4.375,False,0.0,False
simple,-4.3125,False,-0.125,False
instruct,-4.3125,False,-0.875,False
complex,-4.3125,False,0.0625,True
simple,-5.25,False,-0.75,False
instruct,-5.25,False,-0.625,False
complex,-5.25,False,-0.0625,False
simple,-3.5,False,-1.5625,False
instruct,-3.5,False,-2.25,False
complex,-3.5,False,-0.375,False
simple,-4.6875,False,-0.5625,False
instruct,-4.6875,False,-1.375,False
complex,-4.6875,False,-0.125,False
simple,-4.75,False,-0.8125,False
instruct,-4.75,False,-1.125,False
complex,-4.75,False,0.125,True
simple,-2.3125,False,-0.8125,False
instruct,-2.3125,False,-0.9375,False
complex,-2.3125,False,0.0,False
simple,-3.5,False,-0.8125,False
instruct,-3.5,False,-0.5625,False
complex,-3.5,False,-0.0625,False
simple,-4.1875,False,-0.625,False
instruct,-4.1875,False,-0.5,False
complex,-4.1875,False,-0.1875,False
simple,-4.25,False,-0.8125,False
instruct,-4.25,False,-1.1875,False
complex,-4.25,False,0.0,False
simple,-4.6875,False,-0.6875,False
instruct,-4.6875,False,-1.0625,False
complex,-4.6875,False,-0.0625,False
simple,-5.5,False,-0.625,False
instruct,-5.5,False,-0.625,False
complex,-5.5,False,0.0,False
simple,-3.625,False,-0.9375,False
instruct,-3.625,False,-1.0,False
complex,-3.625,False,-0.125,False
simple,-2.625,False,-0.9375,False
instruct,-2.625,False,-0.8125,False
complex,-2.625,False,0.0625,True
simple,-5.4375,False,-0.5,False
instruct,-5.4375,False,-0.8125,False
complex,-5.4375,False,-0.1875,False
simple,-3.0,False,-1.0,False
instruct,-3.0,False,-1.375,False
complex,-3.0,False,-0.125,False
simple,-4.3125,False,-1.0,False
instruct,-4.3125,False,-1.1875,False
complex,-4.3125,False,0.125,True
simple,-4.5625,False,-0.75,False
instruct,-4.5625,False,-0.6875,False
complex,-4.5625,False,-0.125,False
simple,-1.75,False,-0.375,False
instruct,-1.75,False,-0.6875,False
complex,-1.75,False,0.0625,True
simple,-4.1875,False,-0.625,False
instruct,-4.1875,False,-0.875,False
complex,-4.1875,False,-0.25,False
simple,-4.625,False,-0.875,False
instruct,-4.625,False,-1.5,False
complex,-4.625,False,-0.1875,False
simple,-5.375,False,-0.875,False
instruct,-5.375,False,-1.25,False
complex,-5.375,False,-0.1875,False
simple,-3.875,False,-0.5,False
instruct,-3.875,False,-0.5625,False
complex,-3.875,False,-0.0625,False
simple,-4.1875,False,-1.0625,False
instruct,-4.1875,False,-1.0625,False
complex,-4.1875,False,0.0,False
simple,-7.875,False,-1.4375,False
instruct,-7.875,False,-2.1875,False
complex,-7.875,False,-0.5,False
simple,-6.4375,False,-1.6875,False
instruct,-6.4375,False,-2.625,False
complex,-6.4375,False,-0.4375,False
simple,-2.3125,False,-1.125,False
instruct,-2.3125,False,-1.5,False
complex,-2.3125,False,-0.125,False
simple,-3.25,False,-1.3125,False
instruct,-3.25,False,-2.0,False
complex,-3.25,False,-0.4375,False
simple,-2.6875,False,-0.375,False
instruct,-2.6875,False,-1.0,False
complex,-2.6875,False,-0.625,False
simple,-3.125,False,-1.25,False
instruct,-3.125,False,-1.8125,False
complex,-3.125,False,-0.375,False
simple,-6.5,False,-1.5625,False
instruct,-6.5,False,-2.3125,False
complex,-6.5,False,-0.625,False
simple,-3.5,False,-1.5625,False
instruct,-3.5,False,-2.1875,False
complex,-3.5,False,-0.375,False
simple,-3.625,False,-1.75,False
instruct,-3.625,False,-2.375,False
complex,-3.625,False,-0.3125,False
simple,-4.3125,False,-1.4375,False
instruct,-4.3125,False,-2.25,False
complex,-4.3125,False,-0.25,False
simple,-0.875,False,-1.5,False
instruct,-0.875,False,-2.25,False
complex,-0.875,False,-0.375,False
simple,-2.5625,False,-1.625,False
instruct,-2.5625,False,-2.0625,False
complex,-2.5625,False,-0.3125,False
simple,-1.25,False,-1.0625,False
instruct,-1.25,False,-1.625,False
complex,-1.25,False,-0.5,False
simple,-4.125,False,-1.1875,False
instruct,-4.125,False,-1.6875,False
complex,-4.125,False,-0.25,False
simple,-6.75,False,-1.4375,False
instruct,-6.75,False,-3.0,False
complex,-6.75,False,-0.3125,False
simple,-3.3125,False,-1.5,False
instruct,-3.3125,False,-1.8125,False
complex,-3.3125,False,-0.4375,False
simple,-2.5,False,-0.75,False
instruct,-2.5,False,-1.75,False
complex,-2.5,False,-0.4375,False
simple,-2.6875,False,-1.1875,False
instruct,-2.6875,False,-2.25,False
complex,-2.6875,False,-0.375,False
simple,-3.9375,False,-1.5625,False
instruct,-3.9375,False,-2.25,False
complex,-3.9375,False,-0.5625,False
simple,-3.9375,False,-1.3125,False
instruct,-3.9375,False,-2.0625,False
complex,-3.9375,False,-0.375,False
simple,-1.875,False,-0.5625,False
instruct,-1.875,False,-0.75,False
complex,-1.875,False,-0.125,False
simple,-1.8125,False,-1.4375,False
instruct,-1.8125,False,-1.75,False
complex,-1.8125,False,-0.375,False
simple,-4.875,False,-2.1875,False
instruct,-4.875,False,-2.6875,False
complex,-4.875,False,-0.5625,False
simple,-3.6875,False,-1.0625,False
instruct,-3.6875,False,-1.8125,False
complex,-3.6875,False,-0.25,False
simple,-5.3125,False,-1.75,False
instruct,-5.3125,False,-2.8125,False
complex,-5.3125,False,-0.1875,False
simple,-2.375,False,-1.5625,False
instruct,-2.375,False,-1.875,False
complex,-2.375,False,-0.5625,False
simple,-2.4375,False,-1.0,False
instruct,-2.4375,False,-1.875,False
complex,-2.4375,False,-0.5625,False
simple,-4.0,False,-1.625,False
instruct,-4.0,False,-2.0625,False
complex,-4.0,False,-0.1875,False
simple,-3.0,False,-1.4375,False
instruct,-3.0,False,-2.0625,False
complex,-3.0,False,-0.375,False
simple,-4.8125,False,-1.875,False
instruct,-4.8125,False,-2.75,False
complex,-4.8125,False,-0.1875,False
simple,-5.625,False,-1.6875,False
instruct,-5.625,False,-2.8125,False
complex,-5.625,False,-0.25,False
simple,-5.0,False,-0.9375,False
instruct,-5.0,False,-1.6875,False
complex,-5.0,False,-0.125,False
simple,-2.0625,False,-0.875,False
instruct,-2.0625,False,-1.5,False
complex,-2.0625,False,-0.5,False
simple,-2.625,False,-1.6875,False
instruct,-2.625,False,-2.375,False
complex,-2.625,False,-0.3125,False
simple,-2.875,False,-1.125,False
instruct,-2.875,False,-1.75,False
complex,-2.875,False,-0.5,False
simple,-2.75,False,-1.625,False
instruct,-2.75,False,-2.5,False
complex,-2.75,False,-0.3125,False
simple,-5.8125,False,-1.625,False
instruct,-5.8125,False,-2.375,False
complex,-5.8125,False,-0.375,False
simple,-5.8125,False,-1.5625,False
instruct,-5.8125,False,-2.25,False
complex,-5.8125,False,-0.375,False
simple,-2.375,False,-1.3125,False
instruct,-2.375,False,-2.0,False
complex,-2.375,False,-0.5625,False
simple,-3.25,False,-1.3125,False
instruct,-3.25,False,-1.6875,False
complex,-3.25,False,-0.375,False
simple,-3.25,False,-1.4375,False
instruct,-3.25,False,-2.1875,False
complex,-3.25,False,-0.3125,False
simple,-3.5625,False,-1.5,False
instruct,-3.5625,False,-2.4375,False
complex,-3.5625,False,-0.3125,False
simple,-3.5,False,-1.5625,False
instruct,-3.5,False,-2.0,False
complex,-3.5,False,-0.3125,False
simple,-5.6875,False,-1.5625,False
instruct,-5.6875,False,-2.1875,False
complex,-5.6875,False,-0.5,False
simple,-18.4375,False,-0.5625,False
instruct,-18.4375,False,-1.25,False
complex,-18.4375,False,-0.4375,False
simple,-12.3125,False,-1.6875,False
instruct,-12.3125,False,-2.625,False
complex,-12.3125,False,-0.5625,False
simple,-2.5625,False,-1.0625,False
instruct,-2.5625,False,-1.875,False
complex,-2.5625,False,-0.0625,False
simple,-2.1875,False,-1.4375,False
instruct,-2.1875,False,-2.0,False
complex,-2.1875,False,-0.25,False
simple,-2.0,False,-1.375,False
instruct,-2.0,False,-2.5,False
complex,-2.0,False,-0.4375,False
simple,-2.0,False,-1.3125,False
instruct,-2.0,False,-1.9375,False
complex,-2.0,False,-0.375,False
simple,-3.1875,False,-1.75,False
instruct,-3.1875,False,-2.25,False
complex,-3.1875,False,-0.1875,False
simple,-3.4375,False,-1.375,False
instruct,-3.4375,False,-2.0625,False
complex,-3.4375,False,-0.1875,False
simple,-4.8125,False,-1.75,False
instruct,-4.8125,False,-2.1875,False
complex,-4.8125,False,-0.6875,False
simple,-2.6875,False,-1.0,False
instruct,-2.6875,False,-1.6875,False
complex,-2.6875,False,-0.4375,False
simple,-3.5,False,-1.25,False
instruct,-3.5,False,-2.1875,False
complex,-3.5,False,-0.25,False
simple,-3.9375,False,-1.1875,False
instruct,-3.9375,False,-2.25,False
complex,-3.9375,False,-0.5625,False
simple,-1.375,False,-1.6875,False
instruct,-1.375,False,-2.1875,False
complex,-1.375,False,-0.625,False
simple,-3.0,False,-1.375,False
instruct,-3.0,False,-2.0625,False
complex,-3.0,False,-0.3125,False
simple,-1.6875,False,-1.1875,False
instruct,-1.6875,False,-1.625,False
complex,-1.6875,False,-0.125,False
simple,-4.625,False,-1.8125,False
instruct,-4.625,False,-2.375,False
complex,-4.625,False,-0.5,False
simple,-6.25,False,-1.0,False
instruct,-6.25,False,-1.125,False
complex,-6.25,False,-0.3125,False
simple,-8.25,False,-1.5,False
instruct,-8.25,False,-2.125,False
complex,-8.25,False,-0.375,False
simple,-1.125,False,-1.1875,False
instruct,-1.125,False,-2.0,False
complex,-1.125,False,-0.25,False
simple,-2.0625,False,-2.0,False
instruct,-2.0625,False,-2.5,False
complex,-2.0625,False,-0.3125,False
simple,-7.5,False,-1.0625,False
instruct,-7.5,False,-1.25,False
complex,-7.5,False,-0.5625,False
simple,-5.25,False,-1.75,False
instruct,-5.25,False,-3.0625,False
complex,-5.25,False,-0.25,False
simple,-4.9375,False,-1.375,False
instruct,-4.9375,False,-2.25,False
complex,-4.9375,False,-0.125,False
simple,-2.9375,False,-0.625,False
instruct,-2.9375,False,-1.0,False
complex,-2.9375,False,-0.1875,False
simple,-7.5,False,-1.3125,False
instruct,-7.5,False,-2.375,False
complex,-7.5,False,-0.125,False
simple,-11.5,False,-2.0625,False
instruct,-11.5,False,-3.3125,False
complex,-11.5,False,0.0625,True
simple,-5.5,False,-1.5,False
instruct,-5.5,False,-3.0625,False
complex,-5.5,False,-0.25,False
simple,-5.3125,False,-1.4375,False
instruct,-5.3125,False,-2.0,False
complex,-5.3125,False,-0.1875,False
simple,-5.0,False,-1.25,False
instruct,-5.0,False,-2.3125,False
complex,-5.0,False,-0.25,False
simple,-7.625,False,-1.6875,False
instruct,-7.625,False,-2.75,False
complex,-7.625,False,-0.4375,False
simple,-8.0,False,-1.6875,False
instruct,-8.0,False,-2.875,False
complex,-8.0,False,-0.3125,False
simple,-6.0625,False,-1.375,False
instruct,-6.0625,False,-2.8125,False
complex,-6.0625,False,-0.1875,False
simple,-3.25,False,-1.8125,False
instruct,-3.25,False,-2.875,False
complex,-3.25,False,-0.25,False
simple,-8.125,False,-2.1875,False
instruct,-8.125,False,-3.25,False
complex,-8.125,False,-0.4375,False
simple,-2.375,False,-1.5625,False
instruct,-2.375,False,-2.1875,False
complex,-2.375,False,-0.3125,False
simple,-0.3125,False,-0.625,False
instruct,-0.3125,False,-1.0625,False
complex,-0.3125,False,-0.3125,False
simple,-7.25,False,-1.5625,False
instruct,-7.25,False,-2.75,False
complex,-7.25,False,0.0,False
simple,-2.6875,False,-1.5625,False
instruct,-2.6875,False,-1.9375,False
complex,-2.6875,False,-0.25,False
simple,-2.5625,False,-1.6875,False
instruct,-2.5625,False,-2.625,False
complex,-2.5625,False,-0.3125,False
simple,-15.125,False,-1.5625,False
instruct,-15.125,False,-2.375,False
complex,-15.125,False,-0.25,False
simple,-8.375,False,-1.375,False
instruct,-8.375,False,-2.1875,False
complex,-8.375,False,-0.125,False
simple,-4.5,False,-1.8125,False
instruct,-4.5,False,-2.3125,False
complex,-4.5,False,-0.25,False
simple,-3.75,False,-1.6875,False
instruct,-3.75,False,-2.6875,False
complex,-3.75,False,-0.5625,False
simple,-4.1875,False,-0.875,False
instruct,-4.1875,False,-1.5625,False
complex,-4.1875,False,-0.375,False
simple,-5.0,False,-1.75,False
instruct,-5.0,False,-2.3125,False
complex,-5.0,False,-0.375,False
simple,-0.3125,False,-1.1875,False
instruct,-0.3125,False,-1.6875,False
complex,-0.3125,False,-0.125,False
simple,-3.0,False,-1.875,False
instruct,-3.0,False,-2.125,False
complex,-3.0,False,-0.125,False
simple,-3.5,False,-1.75,False
instruct,-3.5,False,-1.9375,False
complex,-3.5,False,-0.5,False
simple,0.4375,True,-1.0625,False
instruct,0.4375,True,-2.0,False
complex,0.4375,True,0.0,False
simple,-5.1875,False,-1.375,False
instruct,-5.1875,False,-2.5,False
complex,-5.1875,False,-0.375,False
simple,-7.5,False,-1.875,False
instruct,-7.5,False,-2.75,False
complex,-7.5,False,-0.3125,False
simple,-0.3125,False,-1.5625,False
instruct,-0.3125,False,-1.9375,False
complex,-0.3125,False,-0.25,False
simple,-3.5,False,-1.125,False
instruct,-3.5,False,-1.875,False
complex,-3.5,False,-0.4375,False
simple,-4.8125,False,-1.75,False
instruct,-4.8125,False,-2.6875,False
complex,-4.8125,False,-0.5,False
simple,-2.9375,False,-1.4375,False
instruct,-2.9375,False,-2.0,False
complex,-2.9375,False,-0.25,False
simple,-2.0,False,-1.25,False
instruct,-2.0,False,-1.8125,False
complex,-2.0,False,-0.1875,False
simple,-5.9375,False,-0.6875,False
instruct,-5.9375,False,-1.1875,False
complex,-5.9375,False,-0.0625,False
simple,-5.125,False,-0.625,False
instruct,-5.125,False,-1.25,False
complex,-5.125,False,-0.0625,False
simple,-6.0625,False,-0.6875,False
instruct,-6.0625,False,-0.9375,False
complex,-6.0625,False,-0.0625,False
simple,-7.0,False,-0.6875,False
instruct,-7.0,False,-1.0,False
complex,-7.0,False,0.0,False
simple,-6.25,False,-0.5,False
instruct,-6.25,False,-0.6875,False
complex,-6.25,False,0.0,False
simple,-6.5,False,-0.6875,False
instruct,-6.5,False,-0.875,False
complex,-6.5,False,0.0,False
simple,-9.25,False,-0.8125,False
instruct,-9.25,False,-1.3125,False
complex,-9.25,False,-0.125,False
simple,-5.5,False,-0.5,False
instruct,-5.5,False,-0.75,False
complex,-5.5,False,0.0,False
simple,-5.875,False,-0.5,False
instruct,-5.875,False,-0.75,False
complex,-5.875,False,0.0625,True
simple,-6.375,False,-0.5625,False
instruct,-6.375,False,-1.0,False
complex,-6.375,False,-0.1875,False
simple,-7.4375,False,-1.3125,False
instruct,-7.4375,False,-1.625,False
complex,-7.4375,False,-0.125,False
simple,-4.875,False,-0.4375,False
instruct,-4.875,False,-0.75,False
complex,-4.875,False,0.0,False
simple,-6.25,False,-0.4375,False
instruct,-6.25,False,-0.75,False
complex,-6.25,False,0.0,False
simple,-5.8125,False,-0.4375,False
instruct,-5.8125,False,-1.0,False
complex,-5.8125,False,-0.0625,False
simple,-5.25,False,-0.5625,False
instruct,-5.25,False,-0.75,False
complex,-5.25,False,-0.3125,False
simple,-6.1875,False,-0.5,False
instruct,-6.1875,False,-0.6875,False
complex,-6.1875,False,-0.0625,False
simple,-5.125,False,-1.0,False
instruct,-5.125,False,-1.25,False
complex,-5.125,False,-0.125,False
simple,-5.375,False,-0.8125,False
instruct,-5.375,False,-1.3125,False
complex,-5.375,False,-0.1875,False
simple,-5.0,False,-0.875,False
instruct,-5.0,False,-1.5,False
complex,-5.0,False,-0.1875,False
simple,-7.625,False,-0.875,False
instruct,-7.625,False,-1.375,False
complex,-7.625,False,-0.0625,False
simple,-5.75,False,-0.4375,False
instruct,-5.75,False,-0.9375,False
complex,-5.75,False,-0.0625,False
simple,-5.5,False,-0.5625,False
instruct,-5.5,False,-1.0625,False
complex,-5.5,False,-0.1875,False
simple,-5.6875,False,-0.875,False
instruct,-5.6875,False,-1.0625,False
complex,-5.6875,False,-0.125,False
simple,-7.25,False,-0.875,False
instruct,-7.25,False,-1.375,False
complex,-7.25,False,-0.0625,False
simple,-7.25,False,-0.75,False
instruct,-7.25,False,-1.0625,False
complex,-7.25,False,0.125,True
simple,-6.0,False,-0.625,False
instruct,-6.0,False,-1.0625,False
complex,-6.0,False,-0.1875,False
simple,-6.0,False,-0.5,False
instruct,-6.0,False,-0.625,False
complex,-6.0,False,-0.1875,False
simple,-5.5625,False,-0.625,False
instruct,-5.5625,False,-1.0,False
complex,-5.5625,False,-0.125,False
simple,-5.6875,False,-0.6875,False
instruct,-5.6875,False,-1.0625,False
complex,-5.6875,False,-0.1875,False
simple,-6.3125,False,-1.25,False
instruct,-6.3125,False,-1.5625,False
complex,-6.3125,False,-0.1875,False
simple,-4.8125,False,-0.875,False
instruct,-4.8125,False,-1.3125,False
complex,-4.8125,False,0.0,False
simple,-4.25,False,-0.375,False
instruct,-4.25,False,-0.625,False
complex,-4.25,False,-0.0625,False
simple,-6.8125,False,-1.0,False
instruct,-6.8125,False,-1.25,False
complex,-6.8125,False,-0.125,False
simple,-7.25,False,-0.6875,False
instruct,-7.25,False,-1.125,False
complex,-7.25,False,-0.375,False
simple,-4.75,False,-0.5625,False
instruct,-4.75,False,-0.875,False
complex,-4.75,False,-0.0625,False
simple,-6.375,False,-0.5,False
instruct,-6.375,False,-0.625,False
complex,-6.375,False,-0.1875,False
simple,-7.0,False,-0.625,False
instruct,-7.0,False,-1.25,False
complex,-7.0,False,-0.125,False
simple,-5.625,False,-0.375,False
instruct,-5.625,False,-0.5625,False
complex,-5.625,False,-0.0625,False
simple,-6.6875,False,-0.6875,False
instruct,-6.6875,False,-0.6875,False
complex,-6.6875,False,-0.3125,False
simple,-4.625,False,-0.25,False
instruct,-4.625,False,-0.4375,False
complex,-4.625,False,-0.0625,False
simple,-6.0625,False,-0.625,False
instruct,-6.0625,False,-0.875,False
complex,-6.0625,False,-0.125,False
simple,-4.4375,False,-0.5625,False
instruct,-4.4375,False,-0.6875,False
complex,-4.4375,False,-0.0625,False
simple,-7.0,False,-0.25,False
instruct,-7.0,False,-0.625,False
complex,-7.0,False,-0.25,False
simple,-5.9375,False,-0.6875,False
instruct,-5.9375,False,-1.3125,False
complex,-5.9375,False,0.0,False
simple,-5.1875,False,-0.6875,False
instruct,-5.1875,False,-1.125,False
complex,-5.1875,False,-0.375,False
simple,-6.0625,False,-0.5625,False
instruct,-6.0625,False,-0.875,False
complex,-6.0625,False,0.0625,True
simple,-7.375,False,-1.0,False
instruct,-7.375,False,-1.375,False
complex,-7.375,False,-0.4375,False
simple,-6.375,False,-0.5625,False
instruct,-6.375,False,-1.0,False
complex,-6.375,False,-0.5,False
simple,-6.9375,False,-0.625,False
instruct,-6.9375,False,-1.375,False
complex,-6.9375,False,-0.1875,False
simple,-7.125,False,-1.0,False
instruct,-7.125,False,-1.375,False
complex,-7.125,False,0.0,False
simple,-5.5,False,-0.8125,False
instruct,-5.5,False,-0.75,False
complex,-5.5,False,-0.0625,False
simple,-5.8125,False,-0.5625,False
instruct,-5.8125,False,-0.875,False
complex,-5.8125,False,-0.25,False
simple,-5.5,False,-0.8125,False
instruct,-5.5,False,-1.0,False
complex,-5.5,False,-0.125,False
simple,-4.75,False,-0.6875,False
instruct,-4.75,False,-1.4375,False
complex,-4.75,False,-0.3125,False
simple,-4.75,False,-0.9375,False
instruct,-4.75,False,-1.5,False
complex,-4.75,False,0.0,False
simple,-4.625,False,-0.4375,False
instruct,-4.625,False,-0.8125,False
complex,-4.625,False,0.0625,True
simple,-5.8125,False,-0.8125,False
instruct,-5.8125,False,-1.0,False
complex,-5.8125,False,-0.125,False
simple,-5.25,False,-0.3125,False
instruct,-5.25,False,-0.125,False
complex,-5.25,False,-0.0625,False
simple,-6.0,False,-0.875,False
instruct,-6.0,False,-1.25,False
complex,-6.0,False,-0.3125,False
simple,-5.25,False,-0.6875,False
instruct,-5.25,False,-1.0,False
complex,-5.25,False,-0.4375,False
simple,-5.5,False,-0.125,False
instruct,-5.5,False,-0.4375,False
complex,-5.5,False,0.0,False
simple,-7.0,False,-0.625,False
instruct,-7.0,False,-1.4375,False
complex,-7.0,False,-0.125,False
simple,-5.25,False,-1.0,False
instruct,-5.25,False,-1.25,False
complex,-5.25,False,-0.1875,False
simple,-5.875,False,-0.5625,False
instruct,-5.875,False,-0.75,False
complex,-5.875,False,-0.1875,False
simple,-4.625,False,-0.875,False
instruct,-4.625,False,-1.1875,False
complex,-4.625,False,-0.0625,False
simple,-6.875,False,-1.0,False
instruct,-6.875,False,-1.375,False
complex,-6.875,False,-0.125,False
simple,-5.3125,False,-0.5625,False
instruct,-5.3125,False,-0.6875,False
complex,-5.3125,False,0.0,False
simple,-6.25,False,-0.8125,False
instruct,-6.25,False,-1.0625,False
complex,-6.25,False,-0.0625,False
simple,-5.0,False,-0.625,False
instruct,-5.0,False,-0.75,False
complex,-5.0,False,-0.125,False
simple,-5.1875,False,-0.625,False
instruct,-5.1875,False,-0.8125,False
complex,-5.1875,False,-0.0625,False
simple,-5.75,False,-0.875,False
instruct,-5.75,False,-1.125,False
complex,-5.75,False,-0.0625,False
simple,-7.5625,False,-0.75,False
instruct,-7.5625,False,-1.5,False
complex,-7.5625,False,-0.375,False
simple,-6.8125,False,-0.8125,False
instruct,-6.8125,False,-1.1875,False
complex,-6.8125,False,-0.25,False
simple,-5.4375,False,-1.25,False
instruct,-5.4375,False,-1.875,False
complex,-5.4375,False,-0.0625,False
simple,-4.625,False,-0.5625,False
instruct,-4.625,False,-1.3125,False
complex,-4.625,False,-0.125,False
simple,-6.0,False,-1.0,False
instruct,-6.0,False,-1.1875,False
complex,-6.0,False,-0.1875,False
simple,-5.75,False,-0.1875,False
instruct,-5.75,False,-0.75,False
complex,-5.75,False,0.0625,True
simple,-6.9375,False,-1.0625,False
instruct,-6.9375,False,-1.75,False
complex,-6.9375,False,-0.125,False
simple,-4.5,False,-0.3125,False
instruct,-4.5,False,-0.375,False
complex,-4.5,False,-0.375,False
simple,-5.625,False,-0.875,False
instruct,-5.625,False,-1.375,False
complex,-5.625,False,-0.125,False
simple,-5.875,False,-0.6875,False
instruct,-5.875,False,-1.125,False
complex,-5.875,False,-0.25,False
simple,-7.0625,False,-0.9375,False
instruct,-7.0625,False,-1.4375,False
complex,-7.0625,False,-0.1875,False
simple,-7.375,False,-1.0,False
instruct,-7.375,False,-1.5625,False
complex,-7.375,False,-0.25,False
simple,-7.25,False,-0.75,False
instruct,-7.25,False,-1.3125,False
complex,-7.25,False,-0.3125,False
simple,-5.6875,False,-0.875,False
instruct,-5.6875,False,-0.875,False
complex,-5.6875,False,-0.1875,False
simple,-4.875,False,-1.1875,False
instruct,-4.875,False,-1.5,False
complex,-4.875,False,-0.1875,False
simple,-6.0625,False,-0.9375,False
instruct,-6.0625,False,-1.125,False
complex,-6.0625,False,-0.25,False
simple,-5.9375,False,-1.125,False
instruct,-5.9375,False,-1.5,False
complex,-5.9375,False,-0.0625,False
simple,-6.8125,False,-1.0625,False
instruct,-6.8125,False,-1.375,False
complex,-6.8125,False,-0.25,False
simple,-5.625,False,-1.0,False
instruct,-5.625,False,-1.3125,False
complex,-5.625,False,-0.125,False
simple,-6.5,False,-0.75,False
instruct,-6.5,False,-1.25,False
complex,-6.5,False,-0.0625,False
simple,-8.5,False,-1.125,False
instruct,-8.5,False,-1.5,False
complex,-8.5,False,-0.3125,False
simple,-6.1875,False,-0.8125,False
instruct,-6.1875,False,-1.1875,False
complex,-6.1875,False,-0.125,False
simple,-5.875,False,-0.625,False
instruct,-5.875,False,-1.125,False
complex,-5.875,False,0.0,False
simple,-6.1875,False,-1.0,False
instruct,-6.1875,False,-1.6875,False
complex,-6.1875,False,-0.125,False
simple,-5.625,False,-1.1875,False
instruct,-5.625,False,-1.4375,False
complex,-5.625,False,-0.1875,False
simple,-6.4375,False,-0.875,False
instruct,-6.4375,False,-1.4375,False
complex,-6.4375,False,0.0625,True
simple,-6.75,False,-1.0625,False
instruct,-6.75,False,-1.5,False
complex,-6.75,False,-0.25,False
simple,-8.125,False,-0.625,False
instruct,-8.125,False,-0.875,False
complex,-8.125,False,-0.0625,False
simple,-6.3125,False,-0.6875,False
instruct,-6.3125,False,-1.0,False
complex,-6.3125,False,-0.1875,False
simple,-5.46875,False,0.625,True
instruct,-5.46875,False,0.125,True
complex,-5.46875,False,0.125,True
simple,-4.5625,False,0.3125,True
instruct,-4.5625,False,-0.1875,False
complex,-4.5625,False,-0.1875,False
simple,-4.375,False,0.8125,True
instruct,-4.375,False,0.9375,True
complex,-4.375,False,0.125,True
simple,-4.84375,False,-1.6875,False
instruct,-4.84375,False,-1.875,False
complex,-4.84375,False,-0.25,False
simple,-6.125,False,-1.0625,False
instruct,-6.125,False,-1.375,False
complex,-6.125,False,-0.375,False
simple,-4.6875,False,-1.0,False
instruct,-4.6875,False,-1.4375,False
complex,-4.6875,False,-0.25,False
simple,-5.125,False,0.1875,True
instruct,-5.125,False,-0.125,False
complex,-5.125,False,-0.25,False
simple,-4.90625,False,0.125,True
instruct,-4.90625,False,0.125,True
complex,-4.90625,False,0.0,False
simple,-3.84375,False,-1.5625,False
instruct,-3.84375,False,-1.9375,False
complex,-3.84375,False,-0.5625,False
simple,-6.5625,False,0.5,True
instruct,-6.5625,False,0.3125,True
complex,-6.5625,False,-0.0625,False
simple,-6.4375,False,0.3125,True
instruct,-6.4375,False,0.4375,True
complex,-6.4375,False,0.0,False
simple,-3.3125,False,0.1875,True
instruct,-3.3125,False,-0.4375,False
complex,-3.3125,False,-0.25,False
simple,-6.5,False,0.9375,True
instruct,-6.5,False,0.5,True
complex,-6.5,False,0.0625,True
simple,-5.84375,False,-0.1875,False
instruct,-5.84375,False,-0.75,False
complex,-5.84375,False,-0.125,False
simple,-5.375,False,-0.125,False
instruct,-5.375,False,-0.125,False
complex,-5.375,False,-0.0625,False
simple,-5.8125,False,0.3125,True
instruct,-5.8125,False,-0.1875,False
complex,-5.8125,False,0.125,True
simple,-4.625,False,0.875,True
instruct,-4.625,False,1.0625,True
complex,-4.625,False,0.0625,True
simple,-5.6875,False,0.125,True
instruct,-5.6875,False,0.1875,True
complex,-5.6875,False,-0.0625,False
simple,-5.125,False,-1.3125,False
instruct,-5.125,False,-1.75,False
complex,-5.125,False,-0.25,False
simple,-3.90625,False,-0.625,False
instruct,-3.90625,False,-1.125,False
complex,-3.90625,False,-0.0625,False
simple,-5.3125,False,-0.875,False
instruct,-5.3125,False,-1.125,False
complex,-5.3125,False,-0.1875,False
simple,-6.40625,False,-0.875,False
instruct,-6.40625,False,-1.1875,False
complex,-6.40625,False,-0.25,False
simple,-3.5625,False,-0.0625,False
instruct,-3.5625,False,-0.5,False
complex,-3.5625,False,0.0,False
simple,-4.1875,False,-1.0625,False
instruct,-4.1875,False,-1.6875,False
complex,-4.1875,False,-0.3125,False
simple,-3.125,False,1.0625,True
instruct,-3.125,False,1.0625,True
complex,-3.125,False,0.25,True
simple,-5.0,False,-1.25,False
instruct,-5.0,False,-1.375,False
complex,-5.0,False,-0.375,False
simple,-5.4375,False,0.4375,True
instruct,-5.4375,False,0.0,False
complex,-5.4375,False,0.125,True
simple,-4.375,False,0.1875,True
instruct,-4.375,False,-0.25,False
complex,-4.375,False,-0.0625,False
simple,-3.9375,False,0.3125,True
instruct,-3.9375,False,0.125,True
complex,-3.9375,False,0.0,False
simple,-3.4375,False,0.25,True
instruct,-3.4375,False,-0.0625,False
complex,-3.4375,False,-0.1875,False
simple,-3.96875,False,-0.1875,False
instruct,-3.96875,False,-0.75,False
complex,-3.96875,False,0.0625,True
simple,-4.1875,False,0.6875,True
instruct,-4.1875,False,0.625,True
complex,-4.1875,False,0.3125,True
simple,-5.25,False,1.1875,True
instruct,-5.25,False,1.1875,True
complex,-5.25,False,0.0625,True
simple,-5.5625,False,0.0,False
instruct,-5.5625,False,-0.25,False
complex,-5.5625,False,0.0,False
simple,-5.3125,False,1.0,True
instruct,-5.3125,False,0.875,True
complex,-5.3125,False,-0.0625,False
simple,-5.9375,False,0.9375,True
instruct,-5.9375,False,0.8125,True
complex,-5.9375,False,-0.0625,False
simple,-4.46875,False,0.3125,True
instruct,-4.46875,False,-0.1875,False
complex,-4.46875,False,0.0625,True
simple,-5.3125,False,0.625,True
instruct,-5.3125,False,0.3125,True
complex,-5.3125,False,-0.125,False
simple,-5.625,False,0.8125,True
instruct,-5.625,False,0.375,True
complex,-5.625,False,-0.3125,False
simple,-17.1875,False,-0.3125,False
instruct,-17.1875,False,-0.75,False
complex,-17.1875,False,-0.3125,False
simple,-4.625,False,-0.4375,False
instruct,-4.625,False,-1.1875,False
complex,-4.625,False,-0.125,False
simple,-4.6875,False,0.8125,True
instruct,-4.6875,False,0.4375,True
complex,-4.6875,False,0.125,True
simple,-5.625,False,-0.1875,False
instruct,-5.625,False,-0.5625,False
complex,-5.625,False,0.0,False
simple,-5.0625,False,0.8125,True
instruct,-5.0625,False,0.3125,True
complex,-5.0625,False,-0.0625,False
simple,-5.3125,False,0.4375,True
instruct,-5.3125,False,0.0625,True
complex,-5.3125,False,0.1875,True
simple,-4.6875,False,-0.1875,False
instruct,-4.6875,False,-0.9375,False
complex,-4.6875,False,-0.125,False
simple,-5.125,False,1.125,True
instruct,-5.125,False,1.0,True
complex,-5.125,False,0.0,False
simple,-5.8125,False,-0.3125,False
instruct,-5.8125,False,-0.3125,False
complex,-5.8125,False,-0.0625,False
simple,-5.375,False,0.125,True
instruct,-5.375,False,-0.25,False
complex,-5.375,False,-0.0625,False
simple,-3.90625,False,-1.125,False
instruct,-3.90625,False,-1.625,False
complex,-3.90625,False,-0.375,False
simple,-3.53125,False,-0.6875,False
instruct,-3.53125,False,-1.1875,False
complex,-3.53125,False,-0.25,False
simple,-4.5,False,-1.375,False
instruct,-4.5,False,-1.75,False
complex,-4.5,False,-0.25,False
simple,-4.375,False,0.8125,True
instruct,-4.375,False,0.8125,True
complex,-4.375,False,0.0625,True
simple,-5.34375,False,1.1875,True
instruct,-5.34375,False,1.125,True
complex,-5.34375,False,0.3125,True
simple,-5.5,False,1.0,True
instruct,-5.5,False,0.9375,True
complex,-5.5,False,0.375,True
simple,-5.5,False,0.875,True
instruct,-5.5,False,0.6875,True
complex,-5.5,False,-0.0625,False
simple,-4.625,False,0.75,True
instruct,-4.625,False,0.3125,True
complex,-4.625,False,-0.125,False
simple,-5.5,False,1.0625,True
instruct,-5.5,False,1.0,True
complex,-5.5,False,0.3125,True
simple,-4.875,False,-1.375,False
instruct,-4.875,False,-1.8125,False
complex,-4.875,False,-0.4375,False
simple,-4.75,False,1.1875,True
instruct,-4.75,False,0.75,True
complex,-4.75,False,-0.0625,False
simple,-4.5,False,1.0,True
instruct,-4.5,False,0.75,True
complex,-4.5,False,0.0625,True
simple,-3.8125,False,1.1875,True
instruct,-3.8125,False,0.9375,True
complex,-3.8125,False,0.4375,True
simple,-4.6875,False,1.0,True
instruct,-4.6875,False,0.9375,True
complex,-4.6875,False,0.5,True
simple,-4.1875,False,0.9375,True
instruct,-4.1875,False,1.1875,True
complex,-4.1875,False,0.375,True
simple,-4.0,False,1.25,True
instruct,-4.0,False,1.3125,True
complex,-4.0,False,0.3125,True
simple,-4.8125,False,0.5,True
instruct,-4.8125,False,0.5,True
complex,-4.8125,False,-0.0625,False
simple,-3.375,False,1.3125,True
instruct,-3.375,False,1.25,True
complex,-3.375,False,0.5625,True
simple,-5.25,False,0.875,True
instruct,-5.25,False,0.875,True
complex,-5.25,False,0.5,True
simple,-2.9375,False,0.625,True
instruct,-2.9375,False,0.3125,True
complex,-2.9375,False,0.0625,True
simple,-4.25,False,1.0,True
instruct,-4.25,False,1.0625,True
complex,-4.25,False,0.375,True
simple,-5.5,False,1.0,True
instruct,-5.5,False,1.0625,True
complex,-5.5,False,0.1875,True
simple,-4.125,False,0.5,True
instruct,-4.125,False,-0.3125,False
complex,-4.125,False,-0.125,False
simple,-4.375,False,0.8125,True
instruct,-4.375,False,0.5625,True
complex,-4.375,False,0.125,True
simple,-4.4375,False,0.4375,True
instruct,-4.4375,False,-0.0625,False
complex,-4.4375,False,-0.125,False
simple,-3.75,False,0.125,True
instruct,-3.75,False,-0.6875,False
complex,-3.75,False,0.0,False
simple,-4.5,False,-0.9375,False
instruct,-4.5,False,-1.4375,False
complex,-4.5,False,-0.5,False
simple,-5.375,False,-0.0625,False
instruct,-5.375,False,-0.75,False
complex,-5.375,False,-0.4375,False
simple,-5.5,False,-0.1875,False
instruct,-5.5,False,-0.625,False
complex,-5.5,False,0.0,False
simple,-3.0,False,0.25,True
instruct,-3.0,False,-0.5,False
complex,-3.0,False,-0.1875,False
simple,-5.25,False,0.625,True
instruct,-5.25,False,0.5625,True
complex,-5.25,False,-0.125,False
simple,-4.875,False,0.4375,True
instruct,-4.875,False,-0.0625,False
complex,-4.875,False,-0.25,False
simple,-4.875,False,1.25,True
instruct,-4.875,False,0.8125,True
complex,-4.875,False,0.3125,True
simple,-4.3125,False,0.8125,True
instruct,-4.3125,False,0.5,True
complex,-4.3125,False,0.125,True
simple,-4.5,False,0.8125,True
instruct,-4.5,False,0.5625,True
complex,-4.5,False,0.3125,True
simple,-5.6875,False,0.9375,True
instruct,-5.6875,False,0.8125,True
complex,-5.6875,False,0.125,True
simple,-4.84375,False,-0.0625,False
instruct,-4.84375,False,-0.625,False
complex,-4.84375,False,-0.3125,False
simple,-5.1875,False,-0.25,False
instruct,-5.1875,False,-0.3125,False
complex,-5.1875,False,-0.1875,False
simple,-5.4375,False,0.9375,True
instruct,-5.4375,False,0.8125,True
complex,-5.4375,False,0.125,True
simple,-5.625,False,-0.125,False
instruct,-5.625,False,-0.75,False
complex,-5.625,False,-0.1875,False
simple,-6.3125,False,0.75,True
instruct,-6.3125,False,0.625,True
complex,-6.3125,False,0.0,False
simple,-5.65625,False,-0.0625,False
instruct,-5.65625,False,-1.0,False
complex,-5.65625,False,-0.125,False
simple,-5.71875,False,-0.8125,False
instruct,-5.71875,False,-1.1875,False
complex,-5.71875,False,-0.1875,False
simple,-4.09375,False,0.375,True
instruct,-4.09375,False,0.375,True
complex,-4.09375,False,0.25,True
simple,-3.5,False,-0.5,False
instruct,-3.5,False,-1.0625,False
complex,-3.5,False,-0.125,False
simple,-3.90625,False,-1.25,False
instruct,-3.90625,False,-2.375,False
complex,-3.90625,False,-0.3125,False
simple,-3.09375,False,-0.0625,False
instruct,-3.09375,False,-0.8125,False
complex,-3.09375,False,-0.125,False
simple,-4.4375,False,-0.6875,False
instruct,-4.4375,False,-1.125,False
complex,-4.4375,False,-0.3125,False
simple,-5.5625,False,0.0,False
instruct,-5.5625,False,-0.375,False
complex,-5.5625,False,-0.1875,False
simple,-5.0625,False,0.5625,True
instruct,-5.0625,False,0.4375,True
complex,-5.0625,False,0.1875,True
simple,-4.875,False,-0.375,False
instruct,-4.875,False,-1.1875,False
complex,-4.875,False,-0.125,False
simple,-4.75,False,-0.5625,False
instruct,-4.75,False,-0.4375,False
complex,-4.75,False,0.1875,True
simple,-6.375,False,-0.625,False
instruct,-6.375,False,-1.125,False
complex,-6.375,False,-0.25,False
simple,-8.3125,False,-0.3125,False
instruct,-8.3125,False,-0.625,False
complex,-8.3125,False,0.0,False
simple,-4.0625,False,-0.8125,False
instruct,-4.0625,False,-1.0625,False
complex,-4.0625,False,0.125,True
simple,-9.8125,False,-0.625,False
instruct,-9.8125,False,-1.375,False
complex,-9.8125,False,-0.3125,False
simple,-4.5,False,-0.1875,False
instruct,-4.5,False,-0.3125,False
complex,-4.5,False,0.0,False
simple,-5.125,False,-1.0625,False
instruct,-5.125,False,-1.0,False
complex,-5.125,False,0.0,False
simple,-3.4375,False,-0.6875,False
instruct,-3.4375,False,-1.25,False
complex,-3.4375,False,0.1875,True
simple,-3.375,False,-0.6875,False
instruct,-3.375,False,-0.5625,False
complex,-3.375,False,-0.1875,False
simple,-4.5,False,-0.6875,False
instruct,-4.5,False,-0.75,False
complex,-4.5,False,-0.375,False
simple,-5.9375,False,-0.8125,False
instruct,-5.9375,False,-1.0625,False
complex,-5.9375,False,0.0,False
simple,-7.1875,False,-0.875,False
instruct,-7.1875,False,-0.5,False
complex,-7.1875,False,-0.125,False
simple,-3.5625,False,-0.125,False
instruct,-3.5625,False,-0.3125,False
complex,-3.5625,False,-0.1875,False
simple,-6.875,False,-1.3125,False
instruct,-6.875,False,-1.4375,False
complex,-6.875,False,-0.25,False
simple,-7.0,False,-0.8125,False
instruct,-7.0,False,-1.0,False
complex,-7.0,False,-0.375,False
simple,-4.625,False,-0.6875,False
instruct,-4.625,False,-1.0,False
complex,-4.625,False,-0.125,False
simple,-6.25,False,-1.0625,False
instruct,-6.25,False,-1.125,False
complex,-6.25,False,0.0,False
simple,-8.0625,False,0.0625,True
instruct,-8.0625,False,-0.1875,False
complex,-8.0625,False,-0.25,False
simple,-5.625,False,-0.6875,False
instruct,-5.625,False,-0.875,False
complex,-5.625,False,-0.125,False
simple,-3.5,False,-0.625,False
instruct,-3.5,False,-0.75,False
complex,-3.5,False,-0.3125,False
simple,-8.5,False,-1.125,False
instruct,-8.5,False,-1.5625,False
complex,-8.5,False,-0.4375,False
simple,-3.5625,False,0.0,False
instruct,-3.5625,False,-0.3125,False
complex,-3.5625,False,0.0,False
simple,-6.5,False,-1.0,False
instruct,-6.5,False,-1.0,False
complex,-6.5,False,-0.25,False
simple,-4.125,False,-0.3125,False
instruct,-4.125,False,-1.1875,False
complex,-4.125,False,0.0625,True
simple,-6.25,False,-0.875,False
instruct,-6.25,False,-1.0625,False
complex,-6.25,False,0.0,False
simple,-3.1875,False,-0.5,False
instruct,-3.1875,False,-0.75,False
complex,-3.1875,False,-0.3125,False
simple,-8.25,False,-1.125,False
instruct,-8.25,False,-1.4375,False
complex,-8.25,False,-0.125,False
simple,-4.125,False,-0.75,False
instruct,-4.125,False,-0.6875,False
complex,-4.125,False,0.25,True
simple,-4.5,False,-1.1875,False
instruct,-4.5,False,-1.0625,False
complex,-4.5,False,-0.1875,False
simple,-4.25,False,-0.4375,False
instruct,-4.25,False,-0.3125,False
complex,-4.25,False,-0.375,False
simple,-6.3125,False,-0.9375,False
instruct,-6.3125,False,-0.8125,False
complex,-6.3125,False,-0.3125,False
simple,-5.625,False,-1.125,False
instruct,-5.625,False,-1.125,False
complex,-5.625,False,-0.125,False
simple,-2.3125,False,-0.75,False
instruct,-2.3125,False,-1.125,False
complex,-2.3125,False,-0.1875,False
simple,-6.625,False,-0.5625,False
instruct,-6.625,False,-0.8125,False
complex,-6.625,False,-0.1875,False
simple,-7.875,False,-1.0,False
instruct,-7.875,False,-1.125,False
complex,-7.875,False,-0.3125,False
simple,-4.25,False,-1.3125,False
instruct,-4.25,False,-1.375,False
complex,-4.25,False,0.0625,True
simple,-9.1875,False,-0.6875,False
instruct,-9.1875,False,-0.8125,False
complex,-9.1875,False,-0.4375,False
simple,-5.0,False,-0.375,False
instruct,-5.0,False,0.0625,True
complex,-5.0,False,-0.375,False
simple,-5.5625,False,-0.75,False
instruct,-5.5625,False,-0.75,False
complex,-5.5625,False,-0.25,False
simple,-4.8125,False,-0.5625,False
instruct,-4.8125,False,-0.625,False
complex,-4.8125,False,-0.0625,False
simple,-5.5625,False,-1.0,False
instruct,-5.5625,False,-1.375,False
complex,-5.5625,False,-0.125,False
simple,-3.0,False,0.0,False
instruct,-3.0,False,-0.1875,False
complex,-3.0,False,0.0,False
simple,-7.125,False,-1.0625,False
instruct,-7.125,False,-1.125,False
complex,-7.125,False,-0.125,False
simple,-15.875,False,-0.5,False
instruct,-15.875,False,-0.375,False
complex,-15.875,False,0.0625,True
simple,-4.4375,False,-0.4375,False
instruct,-4.4375,False,-0.5625,False
complex,-4.4375,False,-0.3125,False
simple,-6.5,False,-0.875,False
instruct,-6.5,False,-1.0625,False
complex,-6.5,False,-0.0625,False
simple,-7.6875,False,-1.1875,False
instruct,-7.6875,False,-1.5,False
complex,-7.6875,False,-0.3125,False
simple,-4.4375,False,-0.375,False
instruct,-4.4375,False,-0.5625,False
complex,-4.4375,False,-0.1875,False
simple,-4.625,False,-0.6875,False
instruct,-4.625,False,-0.8125,False
complex,-4.625,False,-0.0625,False
simple,-8.4375,False,-0.9375,False
instruct,-8.4375,False,-1.0625,False
complex,-8.4375,False,-0.375,False
simple,-5.8125,False,-0.25,False
instruct,-5.8125,False,-0.5,False
complex,-5.8125,False,-0.375,False
simple,-7.375,False,-1.25,False
instruct,-7.375,False,-1.5625,False
complex,-7.375,False,0.0625,True
simple,-4.6875,False,-0.5,False
instruct,-4.6875,False,-0.75,False
complex,-4.6875,False,-0.125,False
simple,-2.6875,False,-0.875,False
instruct,-2.6875,False,-1.125,False
complex,-2.6875,False,0.0625,True
simple,-9.875,False,-0.875,False
instruct,-9.875,False,-1.125,False
complex,-9.875,False,-0.375,False
simple,-4.3125,False,-0.625,False
instruct,-4.3125,False,-0.9375,False
complex,-4.3125,False,-0.3125,False
simple,-5.375,False,-0.375,False
instruct,-5.375,False,-0.6875,False
complex,-5.375,False,-0.0625,False
simple,-5.5625,False,-0.8125,False
instruct,-5.5625,False,-0.8125,False
complex,-5.5625,False,-0.3125,False
simple,-4.6875,False,-0.4375,False
instruct,-4.6875,False,-0.4375,False
complex,-4.6875,False,-0.125,False
simple,-4.1875,False,-0.5,False
instruct,-4.1875,False,-1.125,False
complex,-4.1875,False,-0.1875,False
simple,-6.5,False,-0.875,False
instruct,-6.5,False,-1.25,False
complex,-6.5,False,-0.375,False
simple,-2.625,False,-0.5,False
instruct,-2.625,False,-1.1875,False
complex,-2.625,False,-0.125,False
simple,-3.625,False,-0.5625,False
instruct,-3.625,False,-0.625,False
complex,-3.625,False,-0.0625,False
simple,-9.1875,False,-0.875,False
instruct,-9.1875,False,-1.0625,False
complex,-9.1875,False,-0.3125,False
simple,-3.25,False,-0.5625,False
instruct,-3.25,False,-0.375,False
complex,-3.25,False,0.0,False
simple,-5.4375,False,-0.875,False
instruct,-5.4375,False,-0.75,False
complex,-5.4375,False,-0.4375,False
simple,-3.1875,False,-0.125,False
instruct,-3.1875,False,-0.1875,False
complex,-3.1875,False,-0.0625,False
simple,-5.5625,False,-1.125,False
instruct,-5.5625,False,-1.6875,False
complex,-5.5625,False,-0.25,False
simple,-10.375,False,-0.9375,False
instruct,-10.375,False,-0.4375,False
complex,-10.375,False,-0.375,False
simple,-4.3125,False,-0.0625,False
instruct,-4.3125,False,-0.3125,False
complex,-4.3125,False,-0.25,False
simple,-6.125,False,-1.125,False
instruct,-6.125,False,-0.375,False
complex,-6.125,False,-0.375,False
simple,-5.625,False,-0.8125,False
instruct,-5.625,False,-1.0,False
complex,-5.625,False,-0.3125,False
simple,-8.125,False,-1.0,False
instruct,-8.125,False,-0.8125,False
complex,-8.125,False,-0.375,False
simple,-5.125,False,-0.5,False
instruct,-5.125,False,-0.5,False
complex,-5.125,False,-0.1875,False
simple,-8.625,False,-0.8125,False
instruct,-8.625,False,-1.0,False
complex,-8.625,False,-0.25,False
simple,-4.125,False,-0.375,False
instruct,-4.125,False,-0.625,False
complex,-4.125,False,0.0,False
simple,-5.375,False,-0.9375,False
instruct,-5.375,False,-0.9375,False
complex,-5.375,False,-0.375,False
simple,-1.875,False,-0.5625,False
instruct,-1.875,False,-0.875,False
complex,-1.875,False,-0.3125,False
simple,-7.375,False,-0.9375,False
instruct,-7.375,False,-1.3125,False
complex,-7.375,False,-0.25,False
simple,-4.1875,False,-0.0625,False
instruct,-4.1875,False,-0.0625,False
complex,-4.1875,False,0.0,False
simple,-10.8125,False,-0.9375,False
instruct,-10.8125,False,-0.6875,False
complex,-10.8125,False,-0.25,False
simple,-2.5,False,-0.375,False
instruct,-2.5,False,-0.4375,False
complex,-2.5,False,0.0,False
simple,-6.125,False,-1.125,False
instruct,-6.125,False,-1.125,False
complex,-6.125,False,-0.25,False
simple,-4.0625,False,-0.5,False
instruct,-4.0625,False,-0.6875,False
complex,-4.0625,False,-0.3125,False
simple,-3.1875,False,-0.6875,False
instruct,-3.1875,False,-0.875,False
complex,-3.1875,False,-0.1875,False
simple,-4.375,False,-0.875,False
instruct,-4.375,False,-0.6875,False
complex,-4.375,False,-0.5,False
simple,-4.1875,False,-0.5625,False
instruct,-4.1875,False,-0.5,False
complex,-4.1875,False,-0.375,False
simple,-4.3125,False,-0.875,False
instruct,-4.3125,False,-1.3125,False
complex,-4.3125,False,-0.0625,False
simple,-4.0,False,-0.3125,False
instruct,-4.0,False,-0.375,False
complex,-4.0,False,-0.1875,False
simple,-2.875,False,-0.0625,False
instruct,-2.875,False,-0.1875,False
complex,-2.875,False,0.0625,True
simple,-6.25,False,-0.75,False
instruct,-6.25,False,-0.875,False
complex,-6.25,False,-0.3125,False
simple,-2.4375,False,-0.25,False
instruct,-2.4375,False,-0.6875,False
complex,-2.4375,False,0.0625,True
simple,-4.4375,False,-0.9375,False
instruct,-4.4375,False,-1.1875,False
complex,-4.4375,False,-0.25,False
simple,-3.9375,False,-0.375,False
instruct,-3.9375,False,-0.625,False
complex,-3.9375,False,-0.0625,False
simple,-9.25,False,-1.1875,False
instruct,-9.25,False,-1.0,False
complex,-9.25,False,-0.25,False
simple,-3.8125,False,-0.4375,False
instruct,-3.8125,False,-0.125,False
complex,-3.8125,False,-0.125,False
simple,-3.8125,False,-0.1875,False
instruct,-3.8125,False,-0.25,False
complex,-3.8125,False,-0.0625,False
simple,-8.0625,False,-0.375,False
instruct,-8.0625,False,-0.625,False
complex,-8.0625,False,0.0,False
simple,-7.25,False,-0.25,False
instruct,-7.25,False,-0.0625,False
complex,-7.25,False,-0.25,False
simple,-5.625,False,-0.6875,False
instruct,-5.625,False,-0.5,False
complex,-5.625,False,0.125,True
simple,-5.15625,False,-0.25,False
instruct,-5.15625,False,-0.4375,False
complex,-5.15625,False,0.125,True
simple,-4.5625,False,-0.8125,False
instruct,-4.5625,False,-0.9375,False
complex,-4.5625,False,-0.0625,False
simple,-5.25,False,-0.625,False
instruct,-5.25,False,-0.75,False
complex,-5.25,False,-0.1875,False
simple,-5.0,False,-0.4375,False
instruct,-5.0,False,-0.375,False
complex,-5.0,False,-0.0625,False
simple,-5.0,False,-0.8125,False
instruct,-5.0,False,-1.125,False
complex,-5.0,False,-0.0625,False
simple,-4.5,False,-0.4375,False
instruct,-4.5,False,-0.5,False
complex,-4.5,False,0.0,False
simple,-5.5,False,-0.4375,False
instruct,-5.5,False,-0.4375,False
complex,-5.5,False,-0.125,False
simple,-4.875,False,-0.5625,False
instruct,-4.875,False,-0.6875,False
complex,-4.875,False,-0.375,False
simple,-5.125,False,-0.125,False
instruct,-5.125,False,-0.0625,False
complex,-5.125,False,-0.0625,False
simple,-5.8125,False,-0.125,False
instruct,-5.8125,False,-0.1875,False
complex,-5.8125,False,-0.125,False
simple,-4.9375,False,-0.625,False
instruct,-4.9375,False,-0.9375,False
complex,-4.9375,False,-0.25,False
simple,-5.3125,False,-0.5625,False
instruct,-5.3125,False,-0.9375,False
complex,-5.3125,False,-0.25,False
simple,-4.5,False,-0.125,False
instruct,-4.5,False,-0.375,False
complex,-4.5,False,-0.125,False
simple,-5.9375,False,0.0625,True
instruct,-5.9375,False,0.0,False
complex,-5.9375,False,-0.0625,False
simple,-4.625,False,-0.4375,False
instruct,-4.625,False,-0.8125,False
complex,-4.625,False,-0.0625,False
simple,-5.125,False,-0.25,False
instruct,-5.125,False,-0.3125,False
complex,-5.125,False,-0.1875,False
simple,-4.75,False,-0.3125,False
instruct,-4.75,False,-0.25,False
complex,-4.75,False,-0.125,False
simple,-5.0,False,-0.375,False
instruct,-5.0,False,-0.8125,False
complex,-5.0,False,-0.1875,False
simple,-4.75,False,-0.5,False
instruct,-4.75,False,-1.0625,False
complex,-4.75,False,-0.1875,False
simple,-5.5,False,-0.0625,False
instruct,-5.5,False,-0.375,False
complex,-5.5,False,0.0625,True
simple,-2.5625,False,-0.3125,False
instruct,-2.5625,False,-0.625,False
complex,-2.5625,False,-0.0625,False
simple,-5.8125,False,-0.125,False
instruct,-5.8125,False,-0.25,False
complex,-5.8125,False,-0.1875,False
simple,-3.6875,False,-0.375,False
instruct,-3.6875,False,-0.375,False
complex,-3.6875,False,0.0,False
simple,-5.1875,False,-0.8125,False
instruct,-5.1875,False,-0.75,False
complex,-5.1875,False,-0.125,False
simple,-5.34375,False,0.0,False
instruct,-5.34375,False,0.0625,True
complex,-5.34375,False,-0.25,False
simple,-5.0625,False,-0.3125,False
instruct,-5.0625,False,-0.125,False
complex,-5.0625,False,-0.125,False
simple,-3.5625,False,0.0625,True
instruct,-3.5625,False,-0.1875,False
complex,-3.5625,False,0.0,False
simple,-4.4375,False,-0.375,False
instruct,-4.4375,False,-0.3125,False
complex,-4.4375,False,-0.25,False
simple,-2.4375,False,0.25,True
instruct,-2.4375,False,-0.0625,False
complex,-2.4375,False,-0.125,False
simple,-5.875,False,-0.375,False
instruct,-5.875,False,-0.75,False
complex,-5.875,False,-0.125,False
simple,-6.625,False,-0.5625,False
instruct,-6.625,False,-0.625,False
complex,-6.625,False,-0.0625,False
simple,-5.25,False,-0.625,False
instruct,-5.25,False,-0.75,False
complex,-5.25,False,-0.0625,False
simple,-5.8125,False,-0.5625,False
instruct,-5.8125,False,-0.75,False
complex,-5.8125,False,-0.25,False
simple,-5.3125,False,-0.5,False
instruct,-5.3125,False,-0.3125,False
complex,-5.3125,False,-0.125,False
simple,-5.25,False,-0.0625,False
instruct,-5.25,False,-0.1875,False
complex,-5.25,False,-0.25,False
simple,-5.21875,False,0.0,False
instruct,-5.21875,False,-0.0625,False
complex,-5.21875,False,0.0625,True
simple,-5.6875,False,-0.75,False
instruct,-5.6875,False,-0.9375,False
complex,-5.6875,False,-0.3125,False
simple,-5.0,False,-0.4375,False
instruct,-5.0,False,-0.5625,False
complex,-5.0,False,-0.1875,False
simple,-4.9375,False,-0.25,False
instruct,-4.9375,False,-0.375,False
complex,-4.9375,False,0.125,True
simple,-5.1875,False,-0.1875,False
instruct,-5.1875,False,-0.5,False
complex,-5.1875,False,0.0,False
simple,-5.25,False,-0.0625,False
instruct,-5.25,False,0.1875,True
complex,-5.25,False,0.0,False
simple,-4.8125,False,-0.375,False
instruct,-4.8125,False,-0.0625,False
complex,-4.8125,False,-0.0625,False
simple,-3.1875,False,0.0,False
instruct,-3.1875,False,-0.375,False
complex,-3.1875,False,-0.125,False
simple,-6.125,False,-0.1875,False
instruct,-6.125,False,-0.3125,False
complex,-6.125,False,0.0,False
simple,-5.375,False,-0.1875,False
instruct,-5.375,False,-0.0625,False
complex,-5.375,False,-0.1875,False
simple,-2.5625,False,0.0625,True
instruct,-2.5625,False,0.0,False
complex,-2.5625,False,-0.1875,False
simple,-5.1875,False,-0.625,False
instruct,-5.1875,False,-0.6875,False
complex,-5.1875,False,0.0,False
simple,-4.6875,False,-0.8125,False
instruct,-4.6875,False,-1.1875,False
complex,-4.6875,False,-0.25,False
simple,-6.125,False,0.1875,True
instruct,-6.125,False,-0.25,False
complex,-6.125,False,0.0,False
simple,-4.5,False,-0.25,False
instruct,-4.5,False,-0.25,False
complex,-4.5,False,-0.125,False
simple,-3.5,False,0.0625,True
instruct,-3.5,False,-0.0625,False
complex,-3.5,False,-0.25,False
simple,-4.4375,False,-0.6875,False
instruct,-4.4375,False,-1.0,False
complex,-4.4375,False,-0.1875,False
simple,-5.625,False,-0.375,False
instruct,-5.625,False,-0.375,False
complex,-5.625,False,-0.0625,False
simple,-5.4375,False,-0.5625,False
instruct,-5.4375,False,-0.8125,False
complex,-5.4375,False,-0.0625,False
simple,-5.625,False,-0.875,False
instruct,-5.625,False,-1.0625,False
complex,-5.625,False,-0.1875,False
simple,-6.1875,False,-0.375,False
instruct,-6.1875,False,-0.5625,False
complex,-6.1875,False,-0.125,False
simple,-6.0625,False,-0.375,False
instruct,-6.0625,False,-0.75,False
complex,-6.0625,False,-0.25,False
simple,-4.6875,False,-0.375,False
instruct,-4.6875,False,-0.5625,False
complex,-4.6875,False,0.0,False
simple,-4.1875,False,-0.5625,False
instruct,-4.1875,False,-1.0,False
complex,-4.1875,False,-0.125,False
simple,-5.25,False,-0.125,False
instruct,-5.25,False,-0.5,False
complex,-5.25,False,-0.125,False
simple,-4.1875,False,-0.8125,False
instruct,-4.1875,False,-0.875,False
complex,-4.1875,False,-0.1875,False
simple,-5.125,False,-0.4375,False
instruct,-5.125,False,-0.375,False
complex,-5.125,False,-0.1875,False
simple,-5.3125,False,-0.1875,False
instruct,-5.3125,False,-0.25,False
complex,-5.3125,False,-0.125,False
simple,-5.25,False,-0.5625,False
instruct,-5.25,False,-0.9375,False
complex,-5.25,False,-0.125,False
simple,-2.875,False,-0.0625,False
instruct,-2.875,False,-0.4375,False
complex,-2.875,False,-0.125,False
simple,-5.4375,False,-0.625,False
instruct,-5.4375,False,-0.6875,False
complex,-5.4375,False,-0.1875,False
simple,-5.125,False,-0.25,False
instruct,-5.125,False,-0.625,False
complex,-5.125,False,-0.125,False
simple,-5.5625,False,-0.625,False
instruct,-5.5625,False,-0.625,False
complex,-5.5625,False,-0.125,False
simple,-4.0,False,0.0,False
instruct,-4.0,False,-0.375,False
complex,-4.0,False,-0.1875,False
simple,-5.5,False,-0.3125,False
instruct,-5.5,False,-0.125,False
complex,-5.5,False,-0.125,False
simple,-5.1875,False,-0.75,False
instruct,-5.1875,False,-1.0625,False
complex,-5.1875,False,-0.1875,False
simple,-5.5,False,-0.4375,False
instruct,-5.5,False,-0.375,False
complex,-5.5,False,0.0625,True
simple,-5.9375,False,-0.6875,False
instruct,-5.9375,False,-0.8125,False
complex,-5.9375,False,0.0625,True
simple,-5.75,False,-0.5625,False
instruct,-5.75,False,-0.9375,False
complex,-5.75,False,-0.125,False
simple,-6.0,False,-0.375,False
instruct,-6.0,False,-0.3125,False
complex,-6.0,False,0.125,True
simple,-4.8125,False,-0.25,False
instruct,-4.8125,False,-0.4375,False
complex,-4.8125,False,-0.125,False
simple,-4.75,False,-0.5,False
instruct,-4.75,False,-0.75,False
complex,-4.75,False,-0.125,False
simple,-4.34375,False,-0.3125,False
instruct,-4.34375,False,-0.25,False
complex,-4.34375,False,0.0,False
simple,-5.3125,False,-0.75,False
instruct,-5.3125,False,-0.625,False
complex,-5.3125,False,-0.1875,False
simple,-4.9375,False,-0.375,False
instruct,-4.9375,False,-0.4375,False
complex,-4.9375,False,-0.25,False
simple,-5.8125,False,-0.3125,False
instruct,-5.8125,False,-0.5,False
complex,-5.8125,False,-0.1875,False
simple,-5.3125,False,-0.625,False
instruct,-5.3125,False,-0.8125,False
complex,-5.3125,False,-0.25,False
simple,-5.8125,False,-0.375,False
instruct,-5.8125,False,-0.6875,False
complex,-5.8125,False,-0.125,False
simple,-6.75,False,-0.875,False
instruct,-6.75,False,-1.375,False
complex,-6.75,False,-0.125,False
simple,-4.625,False,-0.1875,False
instruct,-4.625,False,-0.75,False
complex,-4.625,False,0.0625,True
simple,-5.9375,False,0.0,False
instruct,-5.9375,False,0.0625,True
complex,-5.9375,False,-0.0625,False
simple,-6.6875,False,-0.5,False
instruct,-6.6875,False,-0.6875,False
complex,-6.6875,False,0.0625,True
simple,-5.4375,False,-0.75,False
instruct,-5.4375,False,-0.8125,False
complex,-5.4375,False,-0.1875,False
simple,-5.5625,False,-0.25,False
instruct,-5.5625,False,-0.5625,False
complex,-5.5625,False,-0.0625,False
simple,-5.6875,False,-0.8125,False
instruct,-5.6875,False,-0.875,False
complex,-5.6875,False,-0.0625,False
simple,-5.3125,False,-0.625,False
instruct,-5.3125,False,-0.75,False
complex,-5.3125,False,-0.1875,False
simple,-5.0,False,-0.5625,False
instruct,-5.0,False,-1.0,False
complex,-5.0,False,-0.0625,False
simple,-6.25,False,-0.6875,False
instruct,-6.25,False,-0.875,False
complex,-6.25,False,-0.0625,False
simple,-4.1875,False,-0.125,False
instruct,-4.1875,False,-0.375,False
complex,-4.1875,False,-0.25,False
simple,-5.0,False,-0.125,False
instruct,-5.0,False,-0.375,False
complex,-5.0,False,-0.125,False
simple,-5.375,False,-0.375,False
instruct,-5.375,False,-0.4375,False
complex,-5.375,False,0.125,True
simple,-5.375,False,-0.5,False
instruct,-5.375,False,-0.6875,False
complex,-5.375,False,-0.125,False
simple,-5.4375,False,-0.3125,False
instruct,-5.4375,False,-0.5625,False
complex,-5.4375,False,0.125,True
simple,-6.1875,False,0.0625,True
instruct,-6.1875,False,0.0625,True
complex,-6.1875,False,-0.125,False
simple,-3.875,False,-0.6875,False
instruct,-3.875,False,-0.375,False
complex,-3.875,False,0.0,False
simple,-2.25,False,0.9375,True
instruct,-2.25,False,1.1875,True
complex,-2.25,False,0.3125,True
simple,-5.125,False,0.8125,True
instruct,-5.125,False,1.125,True
complex,-5.125,False,0.1875,True
simple,-2.8125,False,0.8125,True
instruct,-2.8125,False,1.25,True
complex,-2.8125,False,0.1875,True
simple,-3.5,False,0.875,True
instruct,-3.5,False,1.125,True
complex,-3.5,False,0.0625,True
simple,-4.5,False,0.875,True
instruct,-4.5,False,1.375,True
complex,-4.5,False,0.25,True
simple,-4.4375,False,1.0,True
instruct,-4.4375,False,1.4375,True
complex,-4.4375,False,0.125,True
simple,-4.0,False,1.0,True
instruct,-4.0,False,1.0625,True
complex,-4.0,False,0.125,True
simple,-0.875,False,0.9375,True
instruct,-0.875,False,1.5,True
complex,-0.875,False,0.1875,True
simple,-4.75,False,0.8125,True
instruct,-4.75,False,0.875,True
complex,-4.75,False,0.1875,True
simple,-4.625,False,0.8125,True
instruct,-4.625,False,0.8125,True
complex,-4.625,False,0.25,True
simple,-4.6875,False,1.0,True
instruct,-4.6875,False,1.5,True
complex,-4.6875,False,0.3125,True
simple,-4.5,False,1.0,True
instruct,-4.5,False,1.25,True
complex,-4.5,False,0.25,True
simple,-3.25,False,1.0,True
instruct,-3.25,False,1.3125,True
complex,-3.25,False,0.0,False
simple,-3.625,False,1.0625,True
instruct,-3.625,False,1.125,True
complex,-3.625,False,0.0625,True
simple,-5.4375,False,0.9375,True
instruct,-5.4375,False,1.375,True
complex,-5.4375,False,0.1875,True
simple,-4.25,False,0.8125,True
instruct,-4.25,False,1.375,True
complex,-4.25,False,0.1875,True
simple,-4.875,False,0.875,True
instruct,-4.875,False,1.25,True
complex,-4.875,False,0.125,True
simple,-2.75,False,0.8125,True
instruct,-2.75,False,1.0625,True
complex,-2.75,False,0.0,False
simple,-7.0,False,1.0,True
instruct,-7.0,False,1.4375,True
complex,-7.0,False,0.0,False
simple,-4.75,False,0.875,True
instruct,-4.75,False,1.1875,True
complex,-4.75,False,0.0625,True
simple,-3.125,False,1.0625,True
instruct,-3.125,False,1.125,True
complex,-3.125,False,0.25,True
simple,-6.0625,False,0.75,True
instruct,-6.0625,False,1.0,True
complex,-6.0625,False,0.0625,True
simple,-5.1875,False,0.9375,True
instruct,-5.1875,False,1.375,True
complex,-5.1875,False,0.125,True
simple,-5.875,False,0.875,True
instruct,-5.875,False,1.125,True
complex,-5.875,False,0.0625,True
simple,-4.375,False,1.125,True
instruct,-4.375,False,1.4375,True
complex,-4.375,False,0.25,True
simple,-5.75,False,0.875,True
instruct,-5.75,False,1.0,True
complex,-5.75,False,-0.0625,False
simple,-4.9375,False,0.875,True
instruct,-4.9375,False,1.3125,True
complex,-4.9375,False,0.1875,True
simple,-4.4375,False,0.75,True
instruct,-4.4375,False,1.125,True
complex,-4.4375,False,-0.125,False
simple,-4.6875,False,0.75,True
instruct,-4.6875,False,1.25,True
complex,-4.6875,False,0.1875,True
simple,-4.6875,False,1.0625,True
instruct,-4.6875,False,1.0,True
complex,-4.6875,False,0.3125,True
simple,-3.875,False,0.875,True
instruct,-3.875,False,1.0625,True
complex,-3.875,False,0.0,False
simple,-7.3125,False,0.8125,True
instruct,-7.3125,False,1.4375,True
complex,-7.3125,False,-0.125,False
simple,-4.4375,False,0.6875,True
instruct,-4.4375,False,1.25,True
complex,-4.4375,False,0.0,False
simple,-4.0,False,0.875,True
instruct,-4.0,False,1.1875,True
complex,-4.0,False,0.1875,True
simple,-4.125,False,0.9375,True
instruct,-4.125,False,1.25,True
complex,-4.125,False,0.125,True
simple,-3.4375,False,1.25,True
instruct,-3.4375,False,1.5625,True
complex,-3.4375,False,0.125,True
simple,-4.0,False,0.875,True
instruct,-4.0,False,1.1875,True
complex,-4.0,False,0.1875,True
simple,-6.0,False,1.0,True
instruct,-6.0,False,1.25,True
complex,-6.0,False,0.0625,True
simple,-5.125,False,1.125,True
instruct,-5.125,False,1.0625,True
complex,-5.125,False,0.125,True
simple,-3.8125,False,0.6875,True
instruct,-3.8125,False,1.1875,True
complex,-3.8125,False,0.1875,True
simple,-4.0625,False,0.8125,True
instruct,-4.0625,False,1.25,True
complex,-4.0625,False,0.1875,True
simple,-5.875,False,1.125,True
instruct,-5.875,False,1.25,True
complex,-5.875,False,0.0625,True
simple,-5.125,False,0.8125,True
instruct,-5.125,False,0.9375,True
complex,-5.125,False,0.0625,True
simple,-5.125,False,0.75,True
instruct,-5.125,False,0.875,True
complex,-5.125,False,-0.0625,False
simple,-5.3125,False,0.875,True
instruct,-5.3125,False,1.125,True
complex,-5.3125,False,-0.0625,False
simple,-5.375,False,0.8125,True
instruct,-5.375,False,1.0625,True
complex,-5.375,False,-0.125,False
simple,-3.375,False,0.875,True
instruct,-3.375,False,1.3125,True
complex,-3.375,False,0.0,False
simple,-4.8125,False,0.875,True
instruct,-4.8125,False,1.1875,True
complex,-4.8125,False,0.125,True
simple,-3.5,False,0.9375,True
instruct,-3.5,False,1.375,True
complex,-3.5,False,0.25,True
simple,-2.375,False,1.0625,True
instruct,-2.375,False,1.25,True
complex,-2.375,False,0.125,True
simple,-3.625,False,0.75,True
instruct,-3.625,False,1.25,True
complex,-3.625,False,0.1875,True
simple,-4.75,False,0.75,True
instruct,-4.75,False,1.125,True
complex,-4.75,False,0.0,False
simple,-5.0,False,1.0,True
instruct,-5.0,False,0.9375,True
complex,-5.0,False,-0.0625,False
simple,-4.6875,False,1.125,True
instruct,-4.6875,False,1.125,True
complex,-4.6875,False,0.125,True
simple,-4.8125,False,0.5625,True
instruct,-4.8125,False,0.5,True
complex,-4.8125,False,0.125,True
simple,-3.8125,False,1.125,True
instruct,-3.8125,False,1.4375,True
complex,-3.8125,False,0.125,True
simple,-4.375,False,0.8125,True
instruct,-4.375,False,1.125,True
complex,-4.375,False,0.125,True
simple,-5.1875,False,0.625,True
instruct,-5.1875,False,1.0,True
complex,-5.1875,False,0.0,False
simple,-2.5625,False,0.8125,True
instruct,-2.5625,False,1.3125,True
complex,-2.5625,False,0.0625,True
simple,-4.5625,False,0.8125,True
instruct,-4.5625,False,1.25,True
complex,-4.5625,False,0.25,True
simple,-4.125,False,1.125,True
instruct,-4.125,False,1.375,True
complex,-4.125,False,-0.0625,False
simple,-5.5,False,0.6875,True
instruct,-5.5,False,1.4375,True
complex,-5.5,False,0.0,False
simple,-4.5625,False,0.9375,True
instruct,-4.5625,False,1.0625,True
complex,-4.5625,False,-0.125,False
simple,-3.25,False,1.0,True
instruct,-3.25,False,1.3125,True
complex,-3.25,False,0.1875,True
simple,-4.25,False,1.0,True
instruct,-4.25,False,1.3125,True
complex,-4.25,False,0.125,True
simple,-3.9375,False,1.0625,True
instruct,-3.9375,False,1.5625,True
complex,-3.9375,False,0.0625,True
simple,-5.3125,False,0.875,True
instruct,-5.3125,False,1.25,True
complex,-5.3125,False,-0.0625,False
simple,-5.0,False,0.625,True
instruct,-5.0,False,1.0,True
complex,-5.0,False,0.0,False
simple,-3.125,False,1.125,True
instruct,-3.125,False,1.6875,True
complex,-3.125,False,0.0625,True
simple,-2.5,False,1.0,True
instruct,-2.5,False,1.6875,True
complex,-2.5,False,0.25,True
simple,-5.3125,False,0.625,True
instruct,-5.3125,False,0.9375,True
complex,-5.3125,False,0.25,True
simple,-5.0625,False,0.9375,True
instruct,-5.0625,False,1.0625,True
complex,-5.0625,False,0.0625,True
simple,-4.9375,False,0.8125,True
instruct,-4.9375,False,1.0625,True
complex,-4.9375,False,0.0625,True
simple,-4.6875,False,1.0625,True
instruct,-4.6875,False,1.1875,True
complex,-4.6875,False,0.25,True
simple,-2.25,False,1.0625,True
instruct,-2.25,False,1.25,True
complex,-2.25,False,0.125,True
simple,-5.125,False,0.9375,True
instruct,-5.125,False,1.125,True
complex,-5.125,False,-0.0625,False
simple,-3.5,False,0.625,True
instruct,-3.5,False,0.875,True
complex,-3.5,False,0.0,False
simple,-3.3125,False,1.25,True
instruct,-3.3125,False,1.5,True
complex,-3.3125,False,0.0,False
simple,-3.4375,False,1.125,True
instruct,-3.4375,False,1.3125,True
complex,-3.4375,False,0.1875,True
simple,-3.5,False,0.9375,True
instruct,-3.5,False,1.375,True
complex,-3.5,False,0.125,True
simple,-4.75,False,0.875,True
instruct,-4.75,False,1.125,True
complex,-4.75,False,0.1875,True
simple,-5.0625,False,1.0625,True
instruct,-5.0625,False,1.0625,True
complex,-5.0625,False,0.0625,True
simple,-4.4375,False,0.75,True
instruct,-4.4375,False,1.125,True
complex,-4.4375,False,0.0625,True
simple,-2.375,False,0.8125,True
instruct,-2.375,False,1.0,True
complex,-2.375,False,-0.1875,False
simple,-3.875,False,1.0625,True
instruct,-3.875,False,1.3125,True
complex,-3.875,False,0.0625,True
simple,-5.0625,False,0.625,True
instruct,-5.0625,False,0.9375,True
complex,-5.0625,False,-0.0625,False
simple,-5.5,False,0.8125,True
instruct,-5.5,False,1.375,True
complex,-5.5,False,-0.1875,False
simple,-6.5,False,1.25,True
instruct,-6.5,False,1.0,True
complex,-6.5,False,0.0,False
simple,-5.875,False,1.3125,True
instruct,-5.875,False,1.375,True
complex,-5.875,False,-0.375,False
simple,-5.9375,False,0.75,True
instruct,-5.9375,False,0.875,True
complex,-5.9375,False,-0.0625,False
simple,-4.6875,False,0.75,True
instruct,-4.6875,False,1.1875,True
complex,-4.6875,False,0.125,True
simple,-4.3125,False,1.0625,True
instruct,-4.3125,False,0.75,True
complex,-4.3125,False,0.0625,True
simple,-5.5,False,1.0,True
instruct,-5.5,False,1.25,True
complex,-5.5,False,0.0625,True
simple,-5.3125,False,1.125,True
instruct,-5.3125,False,1.0,True
complex,-5.3125,False,0.0625,True
simple,-3.3125,False,0.8125,True
instruct,-3.3125,False,1.5625,True
complex,-3.3125,False,0.0,False
simple,-5.5625,False,0.75,True
instruct,-5.5625,False,1.3125,True
complex,-5.5625,False,0.125,True
simple,-6.125,False,0.9375,True
instruct,-6.125,False,1.3125,True
complex,-6.125,False,0.125,True
simple,-3.75,False,1.0625,True
instruct,-3.75,False,1.0625,True
complex,-3.75,False,0.0625,True
simple,-5.3125,False,0.75,True
instruct,-5.3125,False,1.3125,True
complex,-5.3125,False,0.0,False
simple,-3.0625,False,1.0,True
instruct,-3.0625,False,1.5,True
complex,-3.0625,False,0.0,False
simple,-5.8125,False,-0.125,False
instruct,-5.8125,False,-0.5,False
complex,-5.8125,False,-0.25,False
simple,-6.0625,False,-0.3125,False
instruct,-6.0625,False,-0.625,False
complex,-6.0625,False,-0.25,False
simple,-4.875,False,0.3125,True
instruct,-4.875,False,-0.0625,False
complex,-4.875,False,-0.1875,False
simple,-5.5,False,-0.375,False
instruct,-5.5,False,-0.1875,False
complex,-5.5,False,0.0,False
simple,-7.0625,False,-0.1875,False
instruct,-7.0625,False,-0.8125,False
complex,-7.0625,False,-0.3125,False
simple,-5.6875,False,-0.1875,False
instruct,-5.6875,False,-0.4375,False
complex,-5.6875,False,-0.1875,False
simple,-8.0,False,-0.3125,False
instruct,-8.0,False,-0.75,False
complex,-8.0,False,-0.375,False
simple,-6.5625,False,-0.25,False
instruct,-6.5625,False,-0.5,False
complex,-6.5625,False,-0.3125,False
simple,-7.8125,False,-0.1875,False
instruct,-7.8125,False,-0.8125,False
complex,-7.8125,False,-0.0625,False
simple,-5.0,False,-0.0625,False
instruct,-5.0,False,-0.6875,False
complex,-5.0,False,-0.25,False
simple,-7.375,False,-0.5,False
instruct,-7.375,False,-0.4375,False
complex,-7.375,False,-0.25,False
simple,-6.8125,False,-0.25,False
instruct,-6.8125,False,-0.5625,False
complex,-6.8125,False,-0.0625,False
simple,-6.5,False,-0.25,False
instruct,-6.5,False,-0.625,False
complex,-6.5,False,0.0,False
simple,-5.625,False,-0.25,False
instruct,-5.625,False,-0.6875,False
complex,-5.625,False,-0.125,False
simple,-5.25,False,0.0625,True
instruct,-5.25,False,-0.0625,False
complex,-5.25,False,-0.3125,False
simple,-6.125,False,-0.0625,False
instruct,-6.125,False,-0.5625,False
complex,-6.125,False,-0.0625,False
simple,-7.25,False,-0.3125,False
instruct,-7.25,False,-0.4375,False
complex,-7.25,False,-0.375,False
simple,-3.75,False,-0.3125,False
instruct,-3.75,False,-0.5,False
complex,-3.75,False,-0.3125,False
simple,-7.8125,False,-0.4375,False
instruct,-7.8125,False,-0.6875,False
complex,-7.8125,False,-0.0625,False
simple,-4.75,False,-0.3125,False
instruct,-4.75,False,-0.5,False
complex,-4.75,False,-0.125,False
simple,-7.8125,False,-0.5,False
instruct,-7.8125,False,-0.6875,False
complex,-7.8125,False,-0.3125,False
simple,-6.9375,False,-0.1875,False
instruct,-6.9375,False,-0.375,False
complex,-6.9375,False,-0.25,False
simple,-8.125,False,-0.5,False
instruct,-8.125,False,-0.8125,False
complex,-8.125,False,-0.1875,False
simple,-7.6875,False,-0.3125,False
instruct,-7.6875,False,-0.75,False
complex,-7.6875,False,-0.25,False
simple,-7.8125,False,-0.375,False
instruct,-7.8125,False,-0.75,False
complex,-7.8125,False,-0.1875,False
simple,-7.6875,False,-0.25,False
instruct,-7.6875,False,-0.5625,False
complex,-7.6875,False,-0.25,False
simple,-6.3125,False,-0.25,False
instruct,-6.3125,False,-0.5,False
complex,-6.3125,False,-0.25,False
simple,-6.75,False,-0.125,False
instruct,-6.75,False,-0.5,False
complex,-6.75,False,-0.125,False
simple,-7.6875,False,-0.25,False
instruct,-7.6875,False,-0.5,False
complex,-7.6875,False,-0.125,False
simple,-9.875,False,-0.5,False
instruct,-9.875,False,-0.625,False
complex,-9.875,False,-0.25,False
simple,-6.4375,False,-0.5625,False
instruct,-6.4375,False,-0.9375,False
complex,-6.4375,False,-0.1875,False
simple,-8.0625,False,-0.375,False
instruct,-8.0625,False,-0.8125,False
complex,-8.0625,False,-0.3125,False
simple,-8.8125,False,-0.3125,False
instruct,-8.8125,False,-0.6875,False
complex,-8.8125,False,-0.25,False
simple,-8.1875,False,-0.5625,False
instruct,-8.1875,False,-0.6875,False
complex,-8.1875,False,-0.3125,False
simple,-8.9375,False,-0.5,False
instruct,-8.9375,False,-0.875,False
complex,-8.9375,False,-0.1875,False
simple,-7.4375,False,-0.5,False
instruct,-7.4375,False,-0.9375,False
complex,-7.4375,False,-0.3125,False
simple,-7.375,False,-0.3125,False
instruct,-7.375,False,-0.5625,False
complex,-7.375,False,-0.3125,False
simple,-8.25,False,-0.4375,False
instruct,-8.25,False,-1.0,False
complex,-8.25,False,-0.3125,False
simple,-4.375,False,-0.375,False
instruct,-4.375,False,-0.9375,False
complex,-4.375,False,-0.1875,False
simple,-5.0,False,-0.0625,False
instruct,-5.0,False,-0.25,False
complex,-5.0,False,-0.125,False
simple,-6.25,False,-0.625,False
instruct,-6.25,False,-0.9375,False
complex,-6.25,False,-0.375,False
simple,-7.75,False,-0.5,False
instruct,-7.75,False,-1.0625,False
complex,-7.75,False,-0.3125,False
simple,-7.6875,False,-0.625,False
instruct,-7.6875,False,-1.25,False
complex,-7.6875,False,-0.1875,False
simple,-6.625,False,-0.375,False
instruct,-6.625,False,-0.5625,False
complex,-6.625,False,-0.3125,False
simple,-8.25,False,-0.0625,False
instruct,-8.25,False,-0.5625,False
complex,-8.25,False,-0.375,False
simple,-6.8125,False,-0.5,False
instruct,-6.8125,False,-0.75,False
complex,-6.8125,False,-0.3125,False
simple,-7.5,False,-0.375,False
instruct,-7.5,False,-0.75,False
complex,-7.5,False,-0.25,False
simple,-8.125,False,-0.375,False
instruct,-8.125,False,-0.5,False
complex,-8.125,False,-0.3125,False
simple,-7.1875,False,-0.375,False
instruct,-7.1875,False,-0.375,False
complex,-7.1875,False,-0.0625,False
simple,-8.0,False,-0.375,False
instruct,-8.0,False,-0.25,False
complex,-8.0,False,-0.3125,False
simple,-7.75,False,-0.4375,False
instruct,-7.75,False,-0.4375,False
complex,-7.75,False,-0.125,False
simple,-8.5,False,-0.3125,False
instruct,-8.5,False,-0.375,False
complex,-8.5,False,-0.375,False
simple,-7.5,False,-0.3125,False
instruct,-7.5,False,-0.5625,False
complex,-7.5,False,-0.125,False
simple,-8.1875,False,-0.25,False
instruct,-8.1875,False,-0.5,False
complex,-8.1875,False,-0.25,False
simple,-7.6875,False,-0.4375,False
instruct,-7.6875,False,-0.9375,False
complex,-7.6875,False,-0.25,False
simple,-7.875,False,-0.5625,False
instruct,-7.875,False,-1.125,False
complex,-7.875,False,-0.125,False
simple,-6.5,False,-0.625,False
instruct,-6.5,False,-0.875,False
complex,-6.5,False,-0.125,False
simple,-7.3125,False,-0.6875,False
instruct,-7.3125,False,-1.3125,False
complex,-7.3125,False,-0.375,False
simple,-6.1875,False,-0.875,False
instruct,-6.1875,False,-0.875,False
complex,-6.1875,False,-0.1875,False
simple,-9.0625,False,-0.375,False
instruct,-9.0625,False,-0.875,False
complex,-9.0625,False,-0.4375,False
simple,-6.625,False,-0.3125,False
instruct,-6.625,False,-0.4375,False
complex,-6.625,False,-0.125,False
simple,-8.75,False,-0.5625,False
instruct,-8.75,False,-0.9375,False
complex,-8.75,False,-0.1875,False
simple,-8.5625,False,-0.6875,False
instruct,-8.5625,False,-0.625,False
complex,-8.5625,False,-0.3125,False
simple,-6.25,False,-0.375,False
instruct,-6.25,False,-0.5625,False
complex,-6.25,False,-0.25,False
simple,-6.4375,False,-0.0625,False
instruct,-6.4375,False,-0.3125,False
complex,-6.4375,False,-0.125,False
simple,-7.1875,False,-0.625,False
instruct,-7.1875,False,-1.125,False
complex,-7.1875,False,-0.25,False
simple,-6.5,False,-0.5,False
instruct,-6.5,False,-1.125,False
complex,-6.5,False,-0.375,False
simple,-8.1875,False,-0.6875,False
instruct,-8.1875,False,-1.25,False
complex,-8.1875,False,-0.375,False
simple,-7.6875,False,-0.4375,False
instruct,-7.6875,False,-0.8125,False
complex,-7.6875,False,-0.3125,False
simple,-8.8125,False,-0.4375,False
instruct,-8.8125,False,-0.875,False
complex,-8.8125,False,-0.3125,False
simple,-8.0625,False,-0.3125,False
instruct,-8.0625,False,-0.6875,False
complex,-8.0625,False,-0.25,False
simple,-7.0,False,-0.875,False
instruct,-7.0,False,-1.125,False
complex,-7.0,False,-0.25,False
simple,-8.25,False,-0.5625,False
instruct,-8.25,False,-1.0,False
complex,-8.25,False,-0.1875,False
simple,-7.5625,False,-0.375,False
instruct,-7.5625,False,-0.8125,False
complex,-7.5625,False,0.0,False
simple,-7.1875,False,-0.0625,False
instruct,-7.1875,False,-0.625,False
complex,-7.1875,False,-0.125,False
simple,-8.25,False,-0.125,False
instruct,-8.25,False,-0.5625,False
complex,-8.25,False,-0.3125,False
simple,-6.75,False,-0.25,False
instruct,-6.75,False,-0.375,False
complex,-6.75,False,-0.375,False
simple,-8.3125,False,-0.375,False
instruct,-8.3125,False,-0.375,False
complex,-8.3125,False,-0.375,False
simple,-7.1875,False,0.0625,True
instruct,-7.1875,False,-0.3125,False
complex,-7.1875,False,-0.125,False
simple,-5.8125,False,-0.625,False
instruct,-5.8125,False,-0.625,False
complex,-5.8125,False,-0.0625,False
simple,-6.6875,False,-0.375,False
instruct,-6.6875,False,-1.1875,False
complex,-6.6875,False,-0.5625,False
simple,-7.0,False,-0.75,False
instruct,-7.0,False,-1.125,False
complex,-7.0,False,-0.25,False
simple,-6.625,False,-0.6875,False
instruct,-6.625,False,-1.25,False
complex,-6.625,False,-0.3125,False
simple,-6.8125,False,-0.6875,False
instruct,-6.8125,False,-1.0625,False
complex,-6.8125,False,-0.25,False
simple,-4.6875,False,-0.4375,False
instruct,-4.6875,False,-1.125,False
complex,-4.6875,False,-0.3125,False
simple,-6.875,False,-0.9375,False
instruct,-6.875,False,-1.125,False
complex,-6.875,False,-0.3125,False
simple,-5.75,False,-0.5,False
instruct,-5.75,False,-0.875,False
complex,-5.75,False,-0.1875,False
simple,-5.25,False,-0.75,False
instruct,-5.25,False,-1.4375,False
complex,-5.25,False,-0.1875,False
simple,-6.125,False,-0.5625,False
instruct,-6.125,False,-0.875,False
complex,-6.125,False,-0.3125,False
simple,-5.75,False,-0.5625,False
instruct,-5.75,False,-1.0625,False
complex,-5.75,False,-0.3125,False
simple,-6.0,False,-0.4375,False
instruct,-6.0,False,-1.0625,False
complex,-6.0,False,-0.5,False
simple,-5.25,False,0.125,True
instruct,-5.25,False,-0.75,False
complex,-5.25,False,-0.5,False
simple,-6.75,False,-0.4375,False
instruct,-6.75,False,-0.5,False
complex,-6.75,False,-0.1875,False
simple,-5.125,False,-0.1875,False
instruct,-5.125,False,-0.125,False
complex,-5.125,False,-0.1875,False
simple,-4.25,False,-0.3125,False
instruct,-4.25,False,-0.3125,False
complex,-4.25,False,-0.125,False
simple,-6.8125,False,-0.3125,False
instruct,-6.8125,False,-0.8125,False
complex,-6.8125,False,-0.25,False
simple,-7.125,False,-0.8125,False
instruct,-7.125,False,-1.5,False
complex,-7.125,False,-0.3125,False
simple,-7.625,False,-0.375,False
instruct,-7.625,False,-0.9375,False
complex,-7.625,False,-0.25,False
simple,-6.9375,False,-0.375,False
instruct,-6.9375,False,-1.0,False
complex,-6.9375,False,-0.1875,False
simple,-8.125,False,-0.375,False
instruct,-8.125,False,-1.0625,False
complex,-8.125,False,-0.3125,False
simple,-4.875,False,-0.5625,False
instruct,-4.875,False,-0.875,False
complex,-4.875,False,-0.1875,False
simple,-6.5,False,-0.4375,False
instruct,-6.5,False,-0.6875,False
complex,-6.5,False,-0.125,False
simple,-7.625,False,-0.3125,False
instruct,-7.625,False,-0.8125,False
complex,-7.625,False,0.125,True
simple,-5.3125,False,-0.5625,False
instruct,-5.3125,False,-0.8125,False
complex,-5.3125,False,0.0,False
simple,-6.25,False,-0.4375,False
instruct,-6.25,False,-0.5625,False
complex,-6.25,False,0.0625,True
simple,-6.75,False,-0.375,False
instruct,-6.75,False,-0.8125,False
complex,-6.75,False,-0.125,False
simple,-7.9375,False,-0.6875,False
instruct,-7.9375,False,-1.0625,False
complex,-7.9375,False,-0.1875,False
simple,-5.1875,False,-0.125,False
instruct,-5.1875,False,-0.375,False
complex,-5.1875,False,0.0625,True
simple,-9.375,False,-0.625,False
instruct,-9.375,False,-0.875,False
complex,-9.375,False,-0.3125,False
simple,-6.9375,False,-0.75,False
instruct,-6.9375,False,-0.8125,False
complex,-6.9375,False,0.0625,True
simple,-7.5625,False,-0.25,False
instruct,-7.5625,False,-0.625,False
complex,-7.5625,False,-0.25,False
simple,-5.75,False,-0.6875,False
instruct,-5.75,False,-1.4375,False
complex,-5.75,False,0.0,False
simple,-5.25,False,-0.625,False
instruct,-5.25,False,-0.9375,False
complex,-5.25,False,-0.25,False
simple,-3.75,False,-0.875,False
instruct,-3.75,False,-1.25,False
complex,-3.75,False,-0.1875,False
simple,-5.9375,False,-0.625,False
instruct,-5.9375,False,-1.125,False
complex,-5.9375,False,-0.0625,False
simple,-5.25,False,-0.1875,False
instruct,-5.25,False,-0.6875,False
complex,-5.25,False,-0.1875,False
simple,-3.1875,False,-0.3125,False
instruct,-3.1875,False,-0.8125,False
complex,-3.1875,False,-0.3125,False
simple,-6.0,False,-0.5,False
instruct,-6.0,False,-1.3125,False
complex,-6.0,False,-0.3125,False
simple,-6.625,False,-0.375,False
instruct,-6.625,False,-0.75,False
complex,-6.625,False,-0.125,False
simple,-6.125,False,-0.6875,False
instruct,-6.125,False,-0.875,False
complex,-6.125,False,-0.1875,False
simple,-6.3125,False,-0.25,False
instruct,-6.3125,False,-1.0625,False
complex,-6.3125,False,-0.25,False
simple,-6.25,False,-0.625,False
instruct,-6.25,False,-0.625,False
complex,-6.25,False,-0.125,False
simple,-6.375,False,-0.4375,False
instruct,-6.375,False,-0.4375,False
complex,-6.375,False,-0.3125,False
simple,-4.25,False,-0.3125,False
instruct,-4.25,False,-0.6875,False
complex,-4.25,False,-0.3125,False
simple,-4.75,False,-0.5625,False
instruct,-4.75,False,-0.5625,False
complex,-4.75,False,-0.1875,False
simple,-6.0,False,-0.4375,False
instruct,-6.0,False,-1.125,False
complex,-6.0,False,-0.3125,False
simple,-6.625,False,-0.6875,False
instruct,-6.625,False,-1.25,False
complex,-6.625,False,-0.4375,False
simple,-5.9375,False,-0.0625,False
instruct,-5.9375,False,-0.5625,False
complex,-5.9375,False,-0.125,False
simple,-6.5,False,-0.5625,False
instruct,-6.5,False,-0.8125,False
complex,-6.5,False,-0.25,False
simple,-6.9375,False,-0.5,False
instruct,-6.9375,False,-1.0625,False
complex,-6.9375,False,-0.1875,False
simple,-6.8125,False,-0.6875,False
instruct,-6.8125,False,-1.25,False
complex,-6.8125,False,-0.375,False
simple,-9.375,False,-0.5,False
instruct,-9.375,False,-1.0625,False
complex,-9.375,False,-0.25,False
simple,-6.1875,False,-0.75,False
instruct,-6.1875,False,-0.9375,False
complex,-6.1875,False,-0.25,False
simple,-5.625,False,-0.5625,False
instruct,-5.625,False,-1.3125,False
complex,-5.625,False,-0.375,False
simple,-3.125,False,-0.5625,False
instruct,-3.125,False,-1.0,False
complex,-3.125,False,-0.4375,False
simple,-6.125,False,-0.25,False
instruct,-6.125,False,-0.3125,False
complex,-6.125,False,-0.25,False
simple,-5.4375,False,-0.3125,False
instruct,-5.4375,False,-0.9375,False
complex,-5.4375,False,-0.3125,False
simple,-6.25,False,-0.875,False
instruct,-6.25,False,-1.125,False
complex,-6.25,False,-0.25,False
simple,-5.25,False,-0.375,False
instruct,-5.25,False,-0.625,False
complex,-5.25,False,-0.1875,False
simple,-6.0,False,-0.6875,False
instruct,-6.0,False,-1.3125,False
complex,-6.0,False,-0.375,False
simple,-6.6875,False,-0.5625,False
instruct,-6.6875,False,-0.6875,False
complex,-6.6875,False,-0.1875,False
simple,-5.4375,False,-0.5625,False
instruct,-5.4375,False,-1.3125,False
complex,-5.4375,False,-0.0625,False
simple,-5.4375,False,-0.5,False
instruct,-5.4375,False,-0.9375,False
complex,-5.4375,False,-0.3125,False
simple,-5.8125,False,-0.5,False
instruct,-5.8125,False,-0.75,False
complex,-5.8125,False,-0.0625,False
simple,-8.375,False,-0.8125,False
instruct,-8.375,False,-1.3125,False
complex,-8.375,False,-0.5,False
simple,-5.6875,False,-0.5625,False
instruct,-5.6875,False,-0.625,False
complex,-5.6875,False,-0.375,False
simple,-6.5,False,-0.8125,False
instruct,-6.5,False,-1.375,False
complex,-6.5,False,-0.3125,False
simple,-3.625,False,-0.5625,False
instruct,-3.625,False,-0.9375,False
complex,-3.625,False,-0.25,False
simple,-6.125,False,-0.5625,False
instruct,-6.125,False,-0.75,False
complex,-6.125,False,-0.25,False
simple,-5.5625,False,-0.5,False
instruct,-5.5625,False,-1.0625,False
complex,-5.5625,False,-0.25,False
simple,-6.625,False,-0.5625,False
instruct,-6.625,False,-0.9375,False
complex,-6.625,False,-0.125,False
simple,-5.8125,False,-0.4375,False
instruct,-5.8125,False,-0.6875,False
complex,-5.8125,False,-0.3125,False
simple,-6.625,False,-0.25,False
instruct,-6.625,False,-1.0,False
complex,-6.625,False,-0.1875,False
simple,-5.625,False,-0.3125,False
instruct,-5.625,False,-0.9375,False
complex,-5.625,False,-0.375,False
simple,-5.4375,False,-0.625,False
instruct,-5.4375,False,-1.1875,False
complex,-5.4375,False,-0.3125,False
simple,-6.125,False,-0.375,False
instruct,-6.125,False,-0.375,False
complex,-6.125,False,-0.3125,False
simple,-6.625,False,-0.625,False
instruct,-6.625,False,-1.0625,False
complex,-6.625,False,-0.1875,False
simple,-8.5,False,-0.5,False
instruct,-8.5,False,-0.75,False
complex,-8.5,False,-0.125,False
simple,-6.6875,False,-0.25,False
instruct,-6.6875,False,-0.8125,False
complex,-6.6875,False,-0.125,False
simple,-6.375,False,-0.6875,False
instruct,-6.375,False,-1.0625,False
complex,-6.375,False,-0.125,False
simple,-6.375,False,-0.6875,False
instruct,-6.375,False,-1.0625,False
complex,-6.375,False,-0.3125,False
simple,-5.5,False,-0.75,False
instruct,-5.5,False,-1.125,False
complex,-5.5,False,-0.375,False
simple,-5.0,False,-0.5625,False
instruct,-5.0,False,-1.0,False
complex,-5.0,False,-0.4375,False
simple,-4.75,False,-0.3125,False
instruct,-4.75,False,-0.6875,False
complex,-4.75,False,-0.125,False
simple,-5.0625,False,-0.375,False
instruct,-5.0625,False,-1.1875,False
complex,-5.0625,False,-0.1875,False
simple,-4.0,False,-0.3125,False
instruct,-4.0,False,-0.4375,False
complex,-4.0,False,-0.25,False
simple,-6.6875,False,-0.3125,False
instruct,-6.6875,False,-0.8125,False
complex,-6.6875,False,-0.3125,False
simple,-5.125,False,-0.5,False
instruct,-5.125,False,-0.75,False
complex,-5.125,False,-0.25,False
simple,-8.0625,False,-0.4375,False
instruct,-8.0625,False,-1.25,False
complex,-8.0625,False,-0.375,False
simple,-4.375,False,-0.4375,False
instruct,-4.375,False,-0.9375,False
complex,-4.375,False,-0.25,False
simple,-6.0,False,-0.8125,False
instruct,-6.0,False,-0.75,False
complex,-6.0,False,-0.1875,False
simple,-6.0,False,-0.6875,False
instruct,-6.0,False,-1.0625,False
complex,-6.0,False,-0.0625,False
simple,-5.8125,False,-0.5,False
instruct,-5.8125,False,-0.9375,False
complex,-5.8125,False,-0.1875,False
simple,-7.125,False,-0.25,False
instruct,-7.125,False,-0.625,False
complex,-7.125,False,-0.25,False
simple,-5.625,False,-0.375,False
instruct,-5.625,False,-0.625,False
complex,-5.625,False,-0.1875,False
simple,-7.8125,False,-0.25,False
instruct,-7.8125,False,-0.5,False
complex,-7.8125,False,-0.375,False
simple,-5.5,False,-0.3125,False
instruct,-5.5,False,-0.5625,False
complex,-5.5,False,-0.375,False
simple,-7.8125,False,-0.625,False
instruct,-7.8125,False,-1.125,False
complex,-7.8125,False,-0.25,False
simple,-5.75,False,-0.4375,False
instruct,-5.75,False,-0.8125,False
complex,-5.75,False,-0.25,False
simple,-6.125,False,-0.4375,False
instruct,-6.125,False,-1.0625,False
complex,-6.125,False,-0.5625,False
simple,-6.0,False,-0.3125,False
instruct,-6.0,False,-0.9375,False
complex,-6.0,False,-0.25,False
simple,-5.75,False,-0.6875,False
instruct,-5.75,False,-0.9375,False
complex,-5.75,False,-0.3125,False
simple,-6.5,False,-0.5625,False
instruct,-6.5,False,-1.1875,False
complex,-6.5,False,-0.25,False
simple,-5.25,False,-0.125,False
instruct,-5.25,False,-0.6875,False
complex,-5.25,False,-0.3125,False
simple,-5.5625,False,-0.25,False
instruct,-5.5625,False,-0.5625,False
complex,-5.5625,False,-0.3125,False
simple,-9.8125,False,-0.5625,False
instruct,-9.8125,False,-0.8125,False
complex,-9.8125,False,-0.1875,False
simple,-6.4375,False,-0.5,False
instruct,-6.4375,False,-0.9375,False
complex,-6.4375,False,-0.25,False
simple,-4.1875,False,-0.5625,False
instruct,-4.1875,False,-0.6875,False
complex,-4.1875,False,-0.0625,False
simple,-5.4375,False,-0.375,False
instruct,-5.4375,False,-0.6875,False
complex,-5.4375,False,-0.25,False
simple,-4.875,False,-0.5625,False
instruct,-4.875,False,-0.8125,False
complex,-4.875,False,-0.25,False
simple,-5.75,False,-0.5,False
instruct,-5.75,False,-1.3125,False
complex,-5.75,False,-0.3125,False
simple,-7.5625,False,-0.375,False
instruct,-7.5625,False,-0.5625,False
complex,-7.5625,False,-0.1875,False
simple,-6.9375,False,-0.375,False
instruct,-6.9375,False,-0.4375,False
complex,-6.9375,False,-0.4375,False
simple,-8.5,False,-0.6875,False
instruct,-8.5,False,-1.25,False
complex,-8.5,False,-0.75,False
simple,-6.375,False,-0.5625,False
instruct,-6.375,False,-0.875,False
complex,-6.375,False,-0.3125,False
simple,-7.5625,False,-0.75,False
instruct,-7.5625,False,-0.875,False
complex,-7.5625,False,-0.3125,False
simple,-10.375,False,-0.5,False
instruct,-10.375,False,-1.0,False
complex,-10.375,False,-0.1875,False
simple,-6.3125,False,-0.125,False
instruct,-6.3125,False,-0.375,False
complex,-6.3125,False,-0.25,False
simple,-7.25,False,-0.625,False
instruct,-7.25,False,-1.3125,False
complex,-7.25,False,-0.1875,False
simple,-5.8125,False,-0.1875,False
instruct,-5.8125,False,-0.8125,False
complex,-5.8125,False,-0.25,False
simple,-7.125,False,-0.125,False
instruct,-7.125,False,-0.5,False
complex,-7.125,False,0.25,True
simple,-7.21875,False,-0.25,False
instruct,-7.21875,False,-0.75,False
complex,-7.21875,False,0.1875,True
simple,-7.6875,False,-0.375,False
instruct,-7.6875,False,-0.5625,False
complex,-7.6875,False,0.125,True
simple,-7.09375,False,-0.125,False
instruct,-7.09375,False,-0.375,False
complex,-7.09375,False,0.125,True
simple,-8.4375,False,-0.1875,False
instruct,-8.4375,False,-0.4375,False
complex,-8.4375,False,0.125,True
simple,-8.125,False,-0.125,False
instruct,-8.125,False,-0.4375,False
complex,-8.125,False,0.125,True
simple,-9.0,False,-0.1875,False
instruct,-9.0,False,-0.3125,False
complex,-9.0,False,0.0,False
simple,-7.0,False,0.0,False
instruct,-7.0,False,-0.4375,False
complex,-7.0,False,0.0,False
simple,-8.9375,False,-0.25,False
instruct,-8.9375,False,-0.5625,False
complex,-8.9375,False,0.25,True
simple,-8.75,False,-0.125,False
instruct,-8.75,False,-0.1875,False
complex,-8.75,False,0.1875,True
simple,-7.9375,False,-0.125,False
instruct,-7.9375,False,-0.6875,False
complex,-7.9375,False,0.25,True
simple,-6.9375,False,0.0625,True
instruct,-6.9375,False,-0.0625,False
complex,-6.9375,False,0.125,True
simple,-7.09375,False,-0.3125,False
instruct,-7.09375,False,-0.375,False
complex,-7.09375,False,-0.125,False
simple,-7.25,False,-0.25,False
instruct,-7.25,False,-0.1875,False
complex,-7.25,False,0.125,True
simple,-7.875,False,-0.25,False
instruct,-7.875,False,-0.75,False
complex,-7.875,False,0.25,True
simple,-7.125,False,-0.125,False
instruct,-7.125,False,-0.625,False
complex,-7.125,False,0.1875,True
simple,-7.1875,False,-0.0625,False
instruct,-7.1875,False,-0.3125,False
complex,-7.1875,False,0.125,True
simple,-9.28125,False,-0.125,False
instruct,-9.28125,False,-0.375,False
complex,-9.28125,False,0.3125,True
simple,-8.5625,False,-0.125,False
instruct,-8.5625,False,-0.5625,False
complex,-8.5625,False,0.1875,True
simple,-8.0625,False,-0.125,False
instruct,-8.0625,False,-0.5625,False
complex,-8.0625,False,0.1875,True
simple,-8.3125,False,-0.125,False
instruct,-8.3125,False,-0.375,False
complex,-8.3125,False,0.25,True
simple,-6.8125,False,-0.125,False
instruct,-6.8125,False,-0.375,False
complex,-6.8125,False,0.0625,True
simple,-8.0,False,-0.3125,False
instruct,-8.0,False,-0.125,False
complex,-8.0,False,0.1875,True
simple,-7.78125,False,-0.25,False
instruct,-7.78125,False,-0.4375,False
complex,-7.78125,False,0.125,True
simple,-8.6875,False,-0.3125,False
instruct,-8.6875,False,-0.375,False
complex,-8.6875,False,0.1875,True
simple,-8.625,False,0.0,False
instruct,-8.625,False,-0.4375,False
complex,-8.625,False,0.1875,True
simple,-6.875,False,-0.25,False
instruct,-6.875,False,-0.5,False
complex,-6.875,False,0.125,True
simple,-7.875,False,-0.125,False
instruct,-7.875,False,-0.9375,False
complex,-7.875,False,0.0625,True
simple,-7.5625,False,-0.375,False
instruct,-7.5625,False,-0.125,False
complex,-7.5625,False,0.0625,True
simple,-7.4375,False,0.0625,True
instruct,-7.4375,False,-0.4375,False
complex,-7.4375,False,0.375,True
simple,-6.5,False,-0.25,False
instruct,-6.5,False,-0.375,False
complex,-6.5,False,0.125,True
simple,-21.46875,False,-0.25,False
instruct,-21.46875,False,-0.0625,False
complex,-21.46875,False,0.1875,True
simple,-7.6875,False,-0.0625,False
instruct,-7.6875,False,-0.125,False
complex,-7.6875,False,0.3125,True
simple,-8.5625,False,-0.4375,False
instruct,-8.5625,False,-0.4375,False
complex,-8.5625,False,0.125,True
simple,-6.625,False,-0.125,False
instruct,-6.625,False,-0.4375,False
complex,-6.625,False,0.0,False
simple,-7.28125,False,-0.1875,False
instruct,-7.28125,False,-0.1875,False
complex,-7.28125,False,0.125,True
simple,-6.90625,False,-0.0625,False
instruct,-6.90625,False,-0.4375,False
complex,-6.90625,False,0.1875,True
simple,-8.84375,False,-0.0625,False
instruct,-8.84375,False,-0.3125,False
complex,-8.84375,False,0.25,True
simple,-7.0625,False,-0.4375,False
instruct,-7.0625,False,-0.75,False
complex,-7.0625,False,0.125,True
simple,-7.34375,False,-0.3125,False
instruct,-7.34375,False,-0.875,False
complex,-7.34375,False,0.25,True
simple,-7.84375,False,0.0,False
instruct,-7.84375,False,-0.25,False
complex,-7.84375,False,-0.0625,False
simple,-5.625,False,-0.0625,False
instruct,-5.625,False,-0.375,False
complex,-5.625,False,0.125,True
simple,-7.125,False,-0.3125,False
instruct,-7.125,False,-0.4375,False
complex,-7.125,False,0.1875,True
simple,-7.5,False,-0.3125,False
instruct,-7.5,False,-0.625,False
complex,-7.5,False,0.0,False
simple,-8.59375,False,-0.125,False
instruct,-8.59375,False,-0.375,False
complex,-8.59375,False,0.25,True
simple,-6.84375,False,0.0,False
instruct,-6.84375,False,-0.375,False
complex,-6.84375,False,0.125,True
simple,-7.84375,False,-0.0625,False
instruct,-7.84375,False,-0.375,False
complex,-7.84375,False,0.1875,True
simple,-7.1875,False,-0.5625,False
instruct,-7.1875,False,-0.375,False
complex,-7.1875,False,0.0625,True
simple,-8.5,False,-0.25,False
instruct,-8.5,False,-0.4375,False
complex,-8.5,False,0.0625,True
simple,-7.625,False,-0.25,False
instruct,-7.625,False,-0.1875,False
complex,-7.625,False,0.1875,True
simple,-8.25,False,-0.0625,False
instruct,-8.25,False,-0.5,False
complex,-8.25,False,0.0625,True
simple,-8.28125,False,-0.375,False
instruct,-8.28125,False,-0.3125,False
complex,-8.28125,False,0.125,True
simple,-7.71875,False,-0.3125,False
instruct,-7.71875,False,-0.5625,False
complex,-7.71875,False,0.1875,True
simple,-7.8125,False,-0.3125,False
instruct,-7.8125,False,-0.875,False
complex,-7.8125,False,0.1875,True
simple,-7.03125,False,-0.3125,False
instruct,-7.03125,False,-0.375,False
complex,-7.03125,False,0.1875,True
simple,-6.71875,False,-0.125,False
instruct,-6.71875,False,-0.3125,False
complex,-6.71875,False,0.1875,True
simple,-7.34375,False,-0.25,False
instruct,-7.34375,False,-0.8125,False
complex,-7.34375,False,0.1875,True
simple,-7.09375,False,0.0,False
instruct,-7.09375,False,-0.625,False
complex,-7.09375,False,0.125,True
simple,-7.4375,False,-0.125,False
instruct,-7.4375,False,-0.625,False
complex,-7.4375,False,0.125,True
simple,-7.5625,False,-0.25,False
instruct,-7.5625,False,-0.5625,False
complex,-7.5625,False,0.25,True
simple,-6.96875,False,-0.1875,False
instruct,-6.96875,False,-0.5625,False
complex,-6.96875,False,0.125,True
simple,-7.125,False,-0.375,False
instruct,-7.125,False,-0.8125,False
complex,-7.125,False,0.1875,True
simple,-7.625,False,-0.125,False
instruct,-7.625,False,-0.375,False
complex,-7.625,False,0.125,True
simple,-7.21875,False,-0.25,False
instruct,-7.21875,False,-0.5625,False
complex,-7.21875,False,0.3125,True
simple,-7.78125,False,-0.125,False
instruct,-7.78125,False,-0.125,False
complex,-7.78125,False,0.0625,True
simple,-6.6875,False,-0.25,False
instruct,-6.6875,False,-0.6875,False
complex,-6.6875,False,0.1875,True
simple,-7.34375,False,-0.125,False
instruct,-7.34375,False,-0.3125,False
complex,-7.34375,False,0.125,True
simple,-7.125,False,-0.125,False
instruct,-7.125,False,-0.25,False
complex,-7.125,False,0.1875,True
simple,-7.53125,False,0.0,False
instruct,-7.53125,False,-0.5,False
complex,-7.53125,False,0.25,True
simple,-8.3125,False,-0.1875,False
instruct,-8.3125,False,-0.4375,False
complex,-8.3125,False,0.1875,True
simple,-7.6875,False,-0.375,False
instruct,-7.6875,False,-0.75,False
complex,-7.6875,False,0.25,True
simple,-7.09375,False,-0.1875,False
instruct,-7.09375,False,-0.3125,False
complex,-7.09375,False,0.125,True
simple,-7.84375,False,-0.375,False
instruct,-7.84375,False,-0.0625,False
complex,-7.84375,False,0.1875,True
simple,-6.375,False,0.1875,True
instruct,-6.375,False,-0.3125,False
complex,-6.375,False,0.125,True
simple,-7.0625,False,-0.3125,False
instruct,-7.0625,False,-0.375,False
complex,-7.0625,False,0.25,True
simple,-23.125,False,0.0625,True
instruct,-23.125,False,-0.4375,False
complex,-23.125,False,0.125,True
simple,-8.75,False,-0.3125,False
instruct,-8.75,False,-0.5625,False
complex,-8.75,False,-0.0625,False
simple,-8.59375,False,-0.125,False
instruct,-8.59375,False,-0.3125,False
complex,-8.59375,False,0.1875,True
simple,-6.8125,False,-0.125,False
instruct,-6.8125,False,-0.5625,False
complex,-6.8125,False,0.1875,True
simple,-7.625,False,-0.3125,False
instruct,-7.625,False,-0.25,False
complex,-7.625,False,0.25,True
simple,-7.0625,False,-0.0625,False
instruct,-7.0625,False,-0.1875,False
complex,-7.0625,False,0.125,True
simple,-8.09375,False,-0.0625,False
instruct,-8.09375,False,-0.25,False
complex,-8.09375,False,0.25,True
simple,-8.25,False,-0.375,False
instruct,-8.25,False,-0.5,False
complex,-8.25,False,0.1875,True
simple,-6.5625,False,-0.125,False
instruct,-6.5625,False,-0.6875,False
complex,-6.5625,False,0.1875,True
simple,-7.6875,False,-0.4375,False
instruct,-7.6875,False,-0.75,False
complex,-7.6875,False,0.1875,True
simple,-7.75,False,0.0,False
instruct,-7.75,False,-0.3125,False
complex,-7.75,False,0.1875,True
simple,-8.1875,False,-0.0625,False
instruct,-8.1875,False,0.0,False
complex,-8.1875,False,0.1875,True
simple,-6.875,False,-0.375,False
instruct,-6.875,False,-0.4375,False
complex,-6.875,False,0.0625,True
simple,-7.6875,False,-0.25,False
instruct,-7.6875,False,-0.5,False
complex,-7.6875,False,0.125,True
simple,-7.0,False,-0.3125,False
instruct,-7.0,False,-0.3125,False
complex,-7.0,False,0.1875,True
simple,-7.90625,False,-0.1875,False
instruct,-7.90625,False,0.0,False
complex,-7.90625,False,0.0625,True
simple,-6.6875,False,0.0625,True
instruct,-6.6875,False,-0.4375,False
complex,-6.6875,False,0.25,True
simple,-7.71875,False,0.0625,True
instruct,-7.71875,False,-0.3125,False
complex,-7.71875,False,0.1875,True
simple,-8.4375,False,-0.125,False
instruct,-8.4375,False,-0.75,False
complex,-8.4375,False,0.1875,True
simple,-9.78125,False,-0.1875,False
instruct,-9.78125,False,-0.4375,False
complex,-9.78125,False,0.1875,True
simple,-6.0,False,-0.25,False
instruct,-6.0,False,-0.6875,False
complex,-6.0,False,0.125,True
simple,-7.875,False,0.0625,True
instruct,-7.875,False,-0.3125,False
complex,-7.875,False,0.25,True
simple,-6.5625,False,-0.0625,False
instruct,-6.5625,False,-0.625,False
complex,-6.5625,False,0.1875,True
simple,-6.5,False,-0.375,False
instruct,-6.5,False,-0.4375,False
complex,-6.5,False,0.125,True
simple,-6.1875,False,-0.1875,False
instruct,-6.1875,False,-0.6875,False
complex,-6.1875,False,0.0,False
simple,-5.5,False,-0.625,False
instruct,-5.5,False,-0.6875,False
complex,-5.5,False,-0.1875,False
simple,-5.75,False,-0.375,False
instruct,-5.75,False,-0.5,False
complex,-5.75,False,-0.0625,False
simple,-6.625,False,-0.625,False
instruct,-6.625,False,-0.6875,False
complex,-6.625,False,0.0,False
simple,-5.75,False,-0.5,False
instruct,-5.75,False,-0.5,False
complex,-5.75,False,0.0,False
simple,-5.6875,False,-1.3125,False
instruct,-5.6875,False,-1.8125,False
complex,-5.6875,False,0.0,False
simple,-21.375,False,-0.5625,False
instruct,-21.375,False,-0.375,False
complex,-21.375,False,-0.3125,False
simple,-7.25,False,-0.625,False
instruct,-7.25,False,-1.3125,False
complex,-7.25,False,0.0625,True
simple,-6.5,False,-0.9375,False
instruct,-6.5,False,-1.1875,False
complex,-6.5,False,-0.0625,False
simple,-6.625,False,-0.75,False
instruct,-6.625,False,-1.5625,False
complex,-6.625,False,-0.0625,False
simple,-5.3125,False,-0.4375,False
instruct,-5.3125,False,-1.125,False
complex,-5.3125,False,-0.0625,False
simple,-6.5,False,-1.3125,False
instruct,-6.5,False,-1.5,False
complex,-6.5,False,-0.125,False
simple,-5.5,False,-0.875,False
instruct,-5.5,False,-1.4375,False
complex,-5.5,False,-0.125,False
simple,-7.25,False,-0.625,False
instruct,-7.25,False,-1.1875,False
complex,-7.25,False,0.0,False
simple,-7.6875,False,-0.8125,False
instruct,-7.6875,False,-1.3125,False
complex,-7.6875,False,-0.375,False
simple,-6.5,False,-0.8125,False
instruct,-6.5,False,-1.125,False
complex,-6.5,False,-0.1875,False
simple,-6.375,False,-0.5625,False
instruct,-6.375,False,-1.0,False
complex,-6.375,False,0.0,False
simple,-4.5625,False,-0.5,False
instruct,-4.5625,False,-1.0,False
complex,-4.5625,False,0.0,False
simple,-6.1875,False,-0.8125,False
instruct,-6.1875,False,-1.5625,False
complex,-6.1875,False,0.0625,True
simple,-6.0625,False,-0.9375,False
instruct,-6.0625,False,-1.4375,False
complex,-6.0625,False,-0.0625,False
simple,-8.5,False,-0.9375,False
instruct,-8.5,False,-1.5625,False
complex,-8.5,False,-0.125,False
simple,-17.75,False,-0.3125,False
instruct,-17.75,False,-0.625,False
complex,-17.75,False,-0.1875,False
simple,-6.375,False,-1.0,False
instruct,-6.375,False,-1.5625,False
complex,-6.375,False,-0.1875,False
simple,-6.0625,False,-1.125,False
instruct,-6.0625,False,-1.0,False
complex,-6.0625,False,-0.1875,False
simple,-7.8125,False,-0.8125,False
instruct,-7.8125,False,-1.3125,False
complex,-7.8125,False,-0.1875,False
simple,-5.4375,False,-0.9375,False
instruct,-5.4375,False,-1.25,False
complex,-5.4375,False,-0.25,False
simple,-6.0,False,-0.8125,False
instruct,-6.0,False,-1.1875,False
complex,-6.0,False,-0.1875,False
simple,-4.9375,False,-0.9375,False
instruct,-4.9375,False,-1.5,False
complex,-4.9375,False,-0.0625,False
simple,-6.5625,False,-1.0625,False
instruct,-6.5625,False,-1.6875,False
complex,-6.5625,False,0.0,False
simple,-6.5,False,-0.4375,False
instruct,-6.5,False,-0.6875,False
complex,-6.5,False,0.25,True
simple,-7.4375,False,-0.5,False
instruct,-7.4375,False,-1.25,False
complex,-7.4375,False,0.0625,True
simple,-6.9375,False,-0.8125,False
instruct,-6.9375,False,-1.5,False
complex,-6.9375,False,-0.375,False
simple,-5.9375,False,-1.125,False
instruct,-5.9375,False,-1.5,False
complex,-5.9375,False,0.0,False
simple,-7.5625,False,-0.5625,False
instruct,-7.5625,False,-1.125,False
complex,-7.5625,False,-0.0625,False
simple,-5.5625,False,-0.6875,False
instruct,-5.5625,False,-1.125,False
complex,-5.5625,False,-0.1875,False
simple,-6.125,False,-0.75,False
instruct,-6.125,False,-0.8125,False
complex,-6.125,False,-0.125,False
simple,-7.9375,False,-0.625,False
instruct,-7.9375,False,-1.25,False
complex,-7.9375,False,0.0,False
simple,-5.4375,False,-0.1875,False
instruct,-5.4375,False,-0.6875,False
complex,-5.4375,False,0.0,False
simple,-6.5,False,-0.9375,False
instruct,-6.5,False,-1.5625,False
complex,-6.5,False,0.0625,True
simple,-7.0,False,-0.375,False
instruct,-7.0,False,-0.8125,False
complex,-7.0,False,0.125,True
simple,-5.875,False,-0.75,False
instruct,-5.875,False,-1.5,False
complex,-5.875,False,-0.25,False
simple,-5.875,False,-0.75,False
instruct,-5.875,False,-0.8125,False
complex,-5.875,False,0.0,False
simple,-6.1875,False,-0.3125,False
instruct,-6.1875,False,-0.625,False
complex,-6.1875,False,0.1875,True
simple,-6.0,False,-0.375,False
instruct,-6.0,False,-0.4375,False
complex,-6.0,False,-0.125,False
simple,-6.8125,False,-0.6875,False
instruct,-6.8125,False,-1.1875,False
complex,-6.8125,False,-0.25,False
simple,-5.5,False,-1.3125,False
instruct,-5.5,False,-1.6875,False
complex,-5.5,False,-0.25,False
simple,-7.875,False,-0.875,False
instruct,-7.875,False,-1.5,False
complex,-7.875,False,-0.25,False
simple,-3.8125,False,-0.625,False
instruct,-3.8125,False,-0.9375,False
complex,-3.8125,False,0.0,False
simple,-6.875,False,-0.5,False
instruct,-6.875,False,-0.875,False
complex,-6.875,False,-0.0625,False
simple,-6.0,False,-1.1875,False
instruct,-6.0,False,-1.5625,False
complex,-6.0,False,-0.3125,False
simple,-4.3125,False,-0.3125,False
instruct,-4.3125,False,-0.5625,False
complex,-4.3125,False,0.0625,True
simple,-5.3125,False,-0.875,False
instruct,-5.3125,False,-1.3125,False
complex,-5.3125,False,-0.3125,False
simple,-6.5625,False,-0.4375,False
instruct,-6.5625,False,-0.8125,False
complex,-6.5625,False,0.0625,True
simple,-7.125,False,-0.75,False
instruct,-7.125,False,-1.25,False
complex,-7.125,False,0.0,False
simple,-5.875,False,-1.125,False
instruct,-5.875,False,-1.5,False
complex,-5.875,False,0.125,True
simple,-7.4375,False,-0.4375,False
instruct,-7.4375,False,-1.25,False
complex,-7.4375,False,-0.0625,False
simple,-6.8125,False,-1.0,False
instruct,-6.8125,False,-2.0,False
complex,-6.8125,False,-0.1875,False
simple,-7.4375,False,-0.9375,False
instruct,-7.4375,False,-1.25,False
complex,-7.4375,False,-0.25,False
simple,-7.625,False,-0.6875,False
instruct,-7.625,False,-1.25,False
complex,-7.625,False,-0.1875,False
simple,-6.5625,False,-0.625,False
instruct,-6.5625,False,-1.25,False
complex,-6.5625,False,0.0625,True
simple,-6.0625,False,-0.4375,False
instruct,-6.0625,False,-0.9375,False
complex,-6.0625,False,0.1875,True
simple,-6.75,False,-0.75,False
instruct,-6.75,False,-1.4375,False
complex,-6.75,False,-0.25,False
simple,-5.6875,False,-0.6875,False
instruct,-5.6875,False,-0.8125,False
complex,-5.6875,False,-0.1875,False
simple,-7.4375,False,-0.625,False
instruct,-7.4375,False,-1.0625,False
complex,-7.4375,False,-0.0625,False
simple,-7.8125,False,-1.0,False
instruct,-7.8125,False,-1.75,False
complex,-7.8125,False,-0.5,False
simple,-6.625,False,-1.0625,False
instruct,-6.625,False,-1.375,False
complex,-6.625,False,-0.25,False
simple,-5.75,False,-0.875,False
instruct,-5.75,False,-1.125,False
complex,-5.75,False,0.0,False
simple,-7.0625,False,-0.3125,False
instruct,-7.0625,False,-0.5,False
complex,-7.0625,False,0.0625,True
simple,-6.1875,False,-0.4375,False
instruct,-6.1875,False,-1.0,False
complex,-6.1875,False,0.125,True
simple,-7.5625,False,-0.9375,False
instruct,-7.5625,False,-1.8125,False
complex,-7.5625,False,-0.125,False
simple,-6.875,False,-1.0,False
instruct,-6.875,False,-1.3125,False
complex,-6.875,False,-0.0625,False
simple,-5.6875,False,-1.1875,False
instruct,-5.6875,False,-1.5625,False
complex,-5.6875,False,-0.0625,False
simple,-6.3125,False,-0.625,False
instruct,-6.3125,False,-1.625,False
complex,-6.3125,False,0.125,True
simple,-7.375,False,-0.0625,False
instruct,-7.375,False,-0.125,False
complex,-7.375,False,0.0,False
simple,-6.3125,False,-1.1875,False
instruct,-6.3125,False,-1.5625,False
complex,-6.3125,False,-0.125,False
simple,-6.375,False,-0.9375,False
instruct,-6.375,False,-1.5,False
complex,-6.375,False,-0.1875,False
simple,-6.3125,False,-0.5625,False
instruct,-6.3125,False,-0.875,False
complex,-6.3125,False,-0.125,False
simple,-6.0625,False,-0.9375,False
instruct,-6.0625,False,-2.0,False
complex,-6.0625,False,-0.125,False
simple,-6.625,False,-0.8125,False
instruct,-6.625,False,-1.4375,False
complex,-6.625,False,-0.1875,False
simple,-5.5,False,-1.0,False
instruct,-5.5,False,-1.5625,False
complex,-5.5,False,-0.0625,False
simple,-6.75,False,-0.8125,False
instruct,-6.75,False,-1.375,False
complex,-6.75,False,0.0625,True
simple,-7.5625,False,-0.8125,False
instruct,-7.5625,False,-1.3125,False
complex,-7.5625,False,-0.125,False
simple,-5.625,False,-0.5625,False
instruct,-5.625,False,-0.9375,False
complex,-5.625,False,0.0,False
simple,-5.3125,False,-0.6875,False
instruct,-5.3125,False,-0.6875,False
complex,-5.3125,False,0.0625,True
simple,-8.25,False,-0.875,False
instruct,-8.25,False,-1.5625,False
complex,-8.25,False,-0.3125,False
simple,-7.3125,False,-0.9375,False
instruct,-7.3125,False,-1.5,False
complex,-7.3125,False,-0.1875,False
simple,-7.8125,False,-0.875,False
instruct,-7.8125,False,-1.1875,False
complex,-7.8125,False,0.0,False
simple,-5.875,False,-0.6875,False
instruct,-5.875,False,-1.125,False
complex,-5.875,False,0.0,False
simple,-3.25,False,-0.6875,False
instruct,-3.25,False,-1.0,False
complex,-3.25,False,0.0,False
simple,-6.25,False,-0.3125,False
instruct,-6.25,False,-1.0,False
complex,-6.25,False,-0.0625,False
simple,-6.5,False,0.0,False
instruct,-6.5,False,-0.6875,False
complex,-6.5,False,0.1875,True
simple,-6.75,False,-0.375,False
instruct,-6.75,False,-0.8125,False
complex,-6.75,False,0.1875,True
simple,-6.625,False,-0.875,False
instruct,-6.625,False,-1.3125,False
complex,-6.625,False,0.125,True
simple,-10.0,False,-1.125,False
instruct,-10.0,False,-1.1875,False
complex,-10.0,False,0.125,True
simple,-6.5,False,-1.0625,False
instruct,-6.5,False,-1.375,False
complex,-6.5,False,-0.1875,False
simple,-6.4375,False,-1.0,False
instruct,-6.4375,False,-1.1875,False
complex,-6.4375,False,-0.125,False
simple,-6.5625,False,-1.0,False
instruct,-6.5625,False,-1.6875,False
complex,-6.5625,False,-0.25,False
simple,-5.0,False,-0.4375,False
instruct,-5.0,False,-0.6875,False
complex,-5.0,False,-0.125,False
simple,-6.0625,False,-1.0,False
instruct,-6.0625,False,-1.4375,False
complex,-6.0625,False,-0.1875,False
simple,-6.4375,False,-0.9375,False
instruct,-6.4375,False,-1.3125,False
complex,-6.4375,False,0.0,False
simple,-6.4375,False,-0.5625,False
instruct,-6.4375,False,-0.9375,False
complex,-6.4375,False,-0.0625,False
simple,-4.8125,False,-0.625,False
instruct,-4.8125,False,-1.5625,False
complex,-4.8125,False,-0.3125,False
simple,-5.75,False,-0.75,False
instruct,-5.75,False,-1.1875,False
complex,-5.75,False,-0.3125,False
simple,-5.3125,False,-0.9375,False
instruct,-5.3125,False,-1.4375,False
complex,-5.3125,False,-0.4375,False
simple,-4.8125,False,-0.6875,False
instruct,-4.8125,False,-1.3125,False
complex,-4.8125,False,-0.4375,False
simple,-6.0,False,-0.75,False
instruct,-6.0,False,-1.4375,False
complex,-6.0,False,-0.25,False
simple,-5.0625,False,-0.8125,False
instruct,-5.0625,False,-1.75,False
complex,-5.0625,False,-0.375,False
simple,-5.1875,False,-1.1875,False
instruct,-5.1875,False,-1.25,False
complex,-5.1875,False,-0.5,False
simple,-6.375,False,-0.6875,False
instruct,-6.375,False,-1.3125,False
complex,-6.375,False,-0.4375,False
simple,-5.0625,False,-0.625,False
instruct,-5.0625,False,-1.125,False
complex,-5.0625,False,-0.375,False
simple,-5.3125,False,-0.8125,False
instruct,-5.3125,False,-1.0,False
complex,-5.3125,False,-0.3125,False
simple,-5.6875,False,-1.1875,False
instruct,-5.6875,False,-1.625,False
complex,-5.6875,False,-0.5625,False
simple,-6.0625,False,-0.9375,False
instruct,-6.0625,False,-1.875,False
complex,-6.0625,False,-0.3125,False
simple,-5.125,False,-0.9375,False
instruct,-5.125,False,-1.5,False
complex,-5.125,False,-0.5,False
simple,-5.0,False,-0.875,False
instruct,-5.0,False,-1.5,False
complex,-5.0,False,-0.4375,False
simple,-5.0,False,-0.875,False
instruct,-5.0,False,-1.375,False
complex,-5.0,False,-0.3125,False
simple,-6.1875,False,-0.6875,False
instruct,-6.1875,False,-1.5625,False
complex,-6.1875,False,-0.3125,False
simple,-5.5,False,-1.125,False
instruct,-5.5,False,-1.6875,False
complex,-5.5,False,-0.25,False
simple,-4.625,False,-0.5,False
instruct,-4.625,False,-0.9375,False
complex,-4.625,False,-0.5,False
simple,-5.875,False,-0.9375,False
instruct,-5.875,False,-1.8125,False
complex,-5.875,False,-0.4375,False
simple,-6.25,False,-1.375,False
instruct,-6.25,False,-1.9375,False
complex,-6.25,False,-0.5625,False
simple,-5.1875,False,-0.75,False
instruct,-5.1875,False,-1.75,False
complex,-5.1875,False,-0.5625,False
simple,-4.6875,False,-0.5625,False
instruct,-4.6875,False,-1.375,False
complex,-4.6875,False,-0.5,False
simple,-5.8125,False,-0.5625,False
instruct,-5.8125,False,-1.25,False
complex,-5.8125,False,-0.5,False
simple,-6.375,False,-0.75,False
instruct,-6.375,False,-1.3125,False
complex,-6.375,False,-0.375,False
simple,-5.875,False,-0.4375,False
instruct,-5.875,False,-1.5625,False
complex,-5.875,False,-0.3125,False
simple,-3.6875,False,-0.625,False
instruct,-3.6875,False,-1.0,False
complex,-3.6875,False,-0.5,False
simple,-5.625,False,-0.625,False
instruct,-5.625,False,-1.5625,False
complex,-5.625,False,-0.375,False
simple,-5.9375,False,-0.5625,False
instruct,-5.9375,False,-0.5,False
complex,-5.9375,False,-0.25,False
simple,-6.375,False,-1.1875,False
instruct,-6.375,False,-2.375,False
complex,-6.375,False,-0.5,False
simple,-6.0,False,-0.8125,False
instruct,-6.0,False,-1.5,False
complex,-6.0,False,-0.375,False
simple,-6.3125,False,-0.875,False
instruct,-6.3125,False,-1.8125,False
complex,-6.3125,False,-0.4375,False
simple,-5.5625,False,-0.25,False
instruct,-5.5625,False,-0.625,False
complex,-5.5625,False,-0.25,False
simple,-6.6875,False,-1.0625,False
instruct,-6.6875,False,-1.8125,False
complex,-6.6875,False,-0.1875,False
simple,-6.5,False,-0.625,False
instruct,-6.5,False,-1.625,False
complex,-6.5,False,-0.625,False
simple,-5.875,False,-0.625,False
instruct,-5.875,False,-1.5625,False
complex,-5.875,False,-0.4375,False
simple,-4.8125,False,-0.875,False
instruct,-4.8125,False,-1.6875,False
complex,-4.8125,False,-0.5625,False
simple,-6.0625,False,-0.75,False
instruct,-6.0625,False,-1.1875,False
complex,-6.0625,False,-0.375,False
simple,-5.75,False,-1.0,False
instruct,-5.75,False,-1.625,False
complex,-5.75,False,-0.5,False
simple,-5.625,False,-0.9375,False
instruct,-5.625,False,-1.5,False
complex,-5.625,False,-0.5625,False
simple,-6.1875,False,-0.9375,False
instruct,-6.1875,False,-1.625,False
complex,-6.1875,False,-0.375,False
simple,-4.5625,False,-0.625,False
instruct,-4.5625,False,-1.1875,False
complex,-4.5625,False,-0.6875,False
simple,-4.8125,False,-0.9375,False
instruct,-4.8125,False,-1.625,False
complex,-4.8125,False,-0.625,False
simple,-6.5,False,-1.125,False
instruct,-6.5,False,-2.125,False
complex,-6.5,False,-0.3125,False
simple,-6.125,False,-0.75,False
instruct,-6.125,False,-1.125,False
complex,-6.125,False,-0.25,False
simple,-5.8125,False,-0.875,False
instruct,-5.8125,False,-1.4375,False
complex,-5.8125,False,-0.375,False
simple,-4.75,False,-1.0,False
instruct,-4.75,False,-1.5,False
complex,-4.75,False,-0.4375,False
simple,-7.875,False,-0.875,False
instruct,-7.875,False,-1.9375,False
complex,-7.875,False,-0.375,False
simple,-6.125,False,-0.875,False
instruct,-6.125,False,-1.75,False
complex,-6.125,False,-0.375,False
simple,-5.9375,False,-0.5,False
instruct,-5.9375,False,-1.1875,False
complex,-5.9375,False,-0.25,False
simple,-5.5,False,-1.0,False
instruct,-5.5,False,-1.625,False
complex,-5.5,False,-0.4375,False
simple,-6.0625,False,-0.8125,False
instruct,-6.0625,False,-1.25,False
complex,-6.0625,False,-0.3125,False
simple,-4.6875,False,-0.6875,False
instruct,-4.6875,False,-1.1875,False
complex,-4.6875,False,-0.375,False
simple,-5.25,False,-0.5625,False
instruct,-5.25,False,-1.3125,False
complex,-5.25,False,-0.25,False
simple,-4.6875,False,-0.6875,False
instruct,-4.6875,False,-1.75,False
complex,-4.6875,False,-0.3125,False
simple,-6.8125,False,-1.3125,False
instruct,-6.8125,False,-2.25,False
complex,-6.8125,False,-0.5,False
simple,-4.625,False,-0.5,False
instruct,-4.625,False,-0.6875,False
complex,-4.625,False,-0.3125,False
simple,-6.4375,False,-0.8125,False
instruct,-6.4375,False,-2.375,False
complex,-6.4375,False,-0.625,False
simple,-7.5,False,-1.0,False
instruct,-7.5,False,-2.0,False
complex,-7.5,False,-0.625,False
simple,-4.875,False,-0.875,False
instruct,-4.875,False,-1.5,False
complex,-4.875,False,-0.4375,False
simple,-5.9375,False,-0.8125,False
instruct,-5.9375,False,-1.4375,False
complex,-5.9375,False,-0.5,False
simple,-5.75,False,-0.875,False
instruct,-5.75,False,-1.625,False
complex,-5.75,False,-0.375,False
simple,-7.25,False,-0.625,False
instruct,-7.25,False,-1.25,False
complex,-7.25,False,-0.3125,False
simple,-6.1875,False,-1.3125,False
instruct,-6.1875,False,-1.8125,False
complex,-6.1875,False,-0.375,False
simple,-6.8125,False,-0.8125,False
instruct,-6.8125,False,-1.8125,False
complex,-6.8125,False,-0.625,False
simple,-7.125,False,-1.1875,False
instruct,-7.125,False,-1.9375,False
complex,-7.125,False,-0.5625,False
simple,-6.5,False,-1.0,False
instruct,-6.5,False,-1.75,False
complex,-6.5,False,-0.5,False
simple,-7.125,False,-1.125,False
instruct,-7.125,False,-2.1875,False
complex,-7.125,False,-0.3125,False
simple,-6.5,False,-0.6875,False
instruct,-6.5,False,-1.4375,False
complex,-6.5,False,-0.5,False
simple,-5.75,False,-0.875,False
instruct,-5.75,False,-1.6875,False
complex,-5.75,False,-0.5,False
simple,-7.4375,False,-1.125,False
instruct,-7.4375,False,-1.9375,False
complex,-7.4375,False,-0.375,False
simple,-6.25,False,-0.875,False
instruct,-6.25,False,-1.375,False
complex,-6.25,False,-0.375,False
simple,-6.0,False,-0.8125,False
instruct,-6.0,False,-1.5,False
complex,-6.0,False,0.0,False
simple,-7.6875,False,-0.9375,False
instruct,-7.6875,False,-1.4375,False
complex,-7.6875,False,-0.375,False
simple,-6.5,False,-1.125,False
instruct,-6.5,False,-1.875,False
complex,-6.5,False,-0.5,False
simple,-6.1875,False,-0.6875,False
instruct,-6.1875,False,-1.4375,False
complex,-6.1875,False,-0.375,False
simple,-5.5625,False,-1.3125,False
instruct,-5.5625,False,-1.9375,False
complex,-5.5625,False,-0.4375,False
simple,-6.6875,False,-1.125,False
instruct,-6.6875,False,-1.5625,False
complex,-6.6875,False,-0.625,False
simple,-7.25,False,-1.0625,False
instruct,-7.25,False,-2.25,False
complex,-7.25,False,-0.5,False
simple,-5.9375,False,-0.6875,False
instruct,-5.9375,False,-1.125,False
complex,-5.9375,False,-0.4375,False
simple,-5.9375,False,-0.75,False
instruct,-5.9375,False,-1.375,False
complex,-5.9375,False,-0.1875,False
simple,-7.125,False,-0.875,False
instruct,-7.125,False,-1.375,False
complex,-7.125,False,-0.5,False
simple,-6.875,False,-0.875,False
instruct,-6.875,False,-1.75,False
complex,-6.875,False,-0.625,False
simple,-6.6875,False,-0.8125,False
instruct,-6.6875,False,-1.5625,False
complex,-6.6875,False,-0.375,False
simple,-6.3125,False,-1.3125,False
instruct,-6.3125,False,-1.9375,False
complex,-6.3125,False,-0.5,False
simple,-6.0625,False,-0.9375,False
instruct,-6.0625,False,-1.625,False
complex,-6.0625,False,-0.375,False
simple,-6.4375,False,-0.75,False
instruct,-6.4375,False,-1.6875,False
complex,-6.4375,False,-0.375,False
simple,-4.875,False,-0.5625,False
instruct,-4.875,False,-1.1875,False
complex,-4.875,False,-0.375,False
simple,-7.0625,False,-1.0625,False
instruct,-7.0625,False,-1.5625,False
complex,-7.0625,False,-0.3125,False
simple,-8.375,False,-0.875,False
instruct,-8.375,False,-1.6875,False
complex,-8.375,False,-0.4375,False
simple,-5.8125,False,-0.5,False
instruct,-5.8125,False,-1.75,False
complex,-5.8125,False,-0.4375,False
simple,-6.25,False,-0.75,False
instruct,-6.25,False,-1.3125,False
complex,-6.25,False,-0.375,False
simple,-5.5,False,-0.6875,False
instruct,-5.5,False,-1.75,False
complex,-5.5,False,-0.4375,False
simple,-6.875,False,-0.625,False
instruct,-6.875,False,-1.3125,False
complex,-6.875,False,-0.4375,False
simple,-5.8125,False,-0.875,False
instruct,-5.8125,False,-2.125,False
complex,-5.8125,False,-0.375,False
simple,-7.6875,False,-0.9375,False
instruct,-7.6875,False,-1.75,False
complex,-7.6875,False,-0.4375,False
simple,-6.4375,False,-1.0625,False
instruct,-6.4375,False,-1.5625,False
complex,-6.4375,False,-0.4375,False
simple,-5.875,False,-0.9375,False
instruct,-5.875,False,-1.875,False
complex,-5.875,False,-0.375,False
simple,-6.0625,False,-0.5625,False
instruct,-6.0625,False,-1.5625,False
complex,-6.0625,False,-0.3125,False
simple,-7.125,False,-0.5625,False
instruct,-7.125,False,-1.5625,False
complex,-7.125,False,-0.3125,False
simple,-6.25,False,-1.1875,False
instruct,-6.25,False,-1.75,False
complex,-6.25,False,-0.5625,False
simple,-4.3125,False,-0.5,False
instruct,-4.3125,False,-0.5625,False
complex,-4.3125,False,-0.5,False
simple,-20.5,False,-0.5,False
instruct,-20.5,False,-0.5,False
complex,-20.5,False,-0.1875,False
simple,-4.6875,False,-0.5,False
instruct,-4.6875,False,-0.625,False
complex,-4.6875,False,-0.1875,False
simple,-5.1875,False,-0.25,False
instruct,-5.1875,False,-0.375,False
complex,-5.1875,False,-0.1875,False
simple,-6.8125,False,-0.375,False
instruct,-6.8125,False,-0.8125,False
complex,-6.8125,False,-0.25,False
simple,-4.8125,False,-0.3125,False
instruct,-4.8125,False,-0.625,False
complex,-4.8125,False,-0.1875,False
simple,-7.3125,False,-0.375,False
instruct,-7.3125,False,-0.375,False
complex,-7.3125,False,-0.4375,False
simple,-5.5,False,-0.5,False
instruct,-5.5,False,-0.375,False
complex,-5.5,False,-0.375,False
simple,-6.4375,False,-0.4375,False
instruct,-6.4375,False,-0.4375,False
complex,-6.4375,False,-0.25,False
simple,-5.0625,False,-0.5625,False
instruct,-5.0625,False,-0.6875,False
complex,-5.0625,False,-0.5,False
simple,-19.0625,False,-0.3125,False
instruct,-19.0625,False,-0.5,False
complex,-19.0625,False,-0.125,False
simple,-5.5,False,-0.625,False
instruct,-5.5,False,-0.8125,False
complex,-5.5,False,-0.3125,False
simple,-6.125,False,-0.5,False
instruct,-6.125,False,-0.75,False
complex,-6.125,False,-0.3125,False
simple,-6.75,False,-0.5,False
instruct,-6.75,False,-0.75,False
complex,-6.75,False,-0.25,False
simple,-5.6875,False,-0.4375,False
instruct,-5.6875,False,-0.75,False
complex,-5.6875,False,-0.375,False
simple,-22.0625,False,-0.625,False
instruct,-22.0625,False,-0.5,False
complex,-22.0625,False,-0.4375,False
simple,-6.4375,False,-0.875,False
instruct,-6.4375,False,-1.0,False
complex,-6.4375,False,-0.3125,False
simple,-6.5,False,-0.625,False
instruct,-6.5,False,-0.875,False
complex,-6.5,False,-0.5,False
simple,-6.25,False,-0.3125,False
instruct,-6.25,False,-0.625,False
complex,-6.25,False,-0.4375,False
simple,-4.5,False,-0.625,False
instruct,-4.5,False,-0.75,False
complex,-4.5,False,-0.25,False
simple,-5.125,False,-0.625,False
instruct,-5.125,False,-1.125,False
complex,-5.125,False,-0.5,False
simple,-19.6875,False,-0.625,False
instruct,-19.6875,False,-0.75,False
complex,-19.6875,False,-0.0625,False
simple,-5.9375,False,-0.5625,False
instruct,-5.9375,False,-0.6875,False
complex,-5.9375,False,-0.25,False
simple,-6.3125,False,-0.25,False
instruct,-6.3125,False,-0.75,False
complex,-6.3125,False,-0.1875,False
simple,-5.8125,False,-0.625,False
instruct,-5.8125,False,-0.875,False
complex,-5.8125,False,-0.125,False
simple,-5.625,False,-0.5,False
instruct,-5.625,False,-0.75,False
complex,-5.625,False,-0.25,False
simple,-16.375,False,-0.25,False
instruct,-16.375,False,-0.8125,False
complex,-16.375,False,-0.1875,False
simple,-5.4375,False,-0.75,False
instruct,-5.4375,False,-0.8125,False
complex,-5.4375,False,-0.375,False
simple,-5.5625,False,-0.4375,False
instruct,-5.5625,False,-0.6875,False
complex,-5.5625,False,-0.375,False
simple,-19.375,False,-0.3125,False
instruct,-19.375,False,-0.5625,False
complex,-19.375,False,-0.125,False
simple,-5.75,False,-0.5,False
instruct,-5.75,False,-0.875,False
complex,-5.75,False,-0.1875,False
simple,-6.0625,False,-0.5,False
instruct,-6.0625,False,-0.8125,False
complex,-6.0625,False,-0.25,False
simple,-6.625,False,-0.5,False
instruct,-6.625,False,-0.75,False
complex,-6.625,False,-0.1875,False
simple,-6.5625,False,-0.75,False
instruct,-6.5625,False,-1.0625,False
complex,-6.5625,False,-0.375,False
simple,-6.875,False,-0.5,False
instruct,-6.875,False,-0.75,False
complex,-6.875,False,-0.3125,False
simple,-5.875,False,-0.3125,False
instruct,-5.875,False,-1.0,False
complex,-5.875,False,0.0625,True
simple,-6.1875,False,-0.375,False
instruct,-6.1875,False,-0.625,False
complex,-6.1875,False,-0.1875,False
simple,-5.3125,False,-0.625,False
instruct,-5.3125,False,-0.8125,False
complex,-5.3125,False,-0.375,False
simple,-5.25,False,-0.375,False
instruct,-5.25,False,-0.375,False
complex,-5.25,False,-0.125,False
simple,-6.0,False,-0.25,False
instruct,-6.0,False,-0.5625,False
complex,-6.0,False,-0.125,False
simple,-6.75,False,-1.0,False
instruct,-6.75,False,-1.25,False
complex,-6.75,False,-0.4375,False
simple,-6.0625,False,-0.5625,False
instruct,-6.0625,False,-0.625,False
complex,-6.0625,False,-0.25,False
simple,-5.625,False,-0.625,False
instruct,-5.625,False,-1.0625,False
complex,-5.625,False,-0.4375,False
simple,-5.1875,False,-0.75,False
instruct,-5.1875,False,-0.75,False
complex,-5.1875,False,-0.3125,False
simple,-7.3125,False,-0.75,False
instruct,-7.3125,False,-1.25,False
complex,-7.3125,False,-0.5,False
simple,-5.75,False,-0.5625,False
instruct,-5.75,False,-0.8125,False
complex,-5.75,False,-0.1875,False
simple,-5.5625,False,-0.5,False
instruct,-5.5625,False,-1.3125,False
complex,-5.5625,False,-0.5625,False
simple,-5.8125,False,-0.4375,False
instruct,-5.8125,False,-0.9375,False
complex,-5.8125,False,-0.4375,False
simple,-5.9375,False,-0.5,False
instruct,-5.9375,False,-0.625,False
complex,-5.9375,False,-0.25,False
simple,-5.375,False,-0.4375,False
instruct,-5.375,False,-0.875,False
complex,-5.375,False,-0.25,False
simple,-6.1875,False,-0.3125,False
instruct,-6.1875,False,-0.9375,False
complex,-6.1875,False,-0.1875,False
simple,-5.875,False,-0.625,False
instruct,-5.875,False,-0.6875,False
complex,-5.875,False,-0.25,False
simple,-5.1875,False,-0.5,False
instruct,-5.1875,False,-1.125,False
complex,-5.1875,False,-0.4375,False
simple,-6.25,False,-0.375,False
instruct,-6.25,False,-0.6875,False
complex,-6.25,False,-0.5,False
simple,-5.8125,False,-0.5625,False
instruct,-5.8125,False,-0.625,False
complex,-5.8125,False,-0.25,False
simple,-6.0625,False,-0.375,False
instruct,-6.0625,False,-0.5,False
complex,-6.0625,False,-0.125,False
simple,-5.875,False,-0.4375,False
instruct,-5.875,False,-0.8125,False
complex,-5.875,False,-0.4375,False
simple,-5.8125,False,-0.5,False
instruct,-5.8125,False,-0.8125,False
complex,-5.8125,False,-0.0625,False
simple,-7.0625,False,-0.625,False
instruct,-7.0625,False,-0.9375,False
complex,-7.0625,False,-0.25,False
simple,-5.75,False,-0.375,False
instruct,-5.75,False,-0.8125,False
complex,-5.75,False,-0.125,False
simple,-5.875,False,-0.4375,False
instruct,-5.875,False,-1.125,False
complex,-5.875,False,-0.5,False
simple,-4.5,False,-0.125,False
instruct,-4.5,False,-0.75,False
complex,-4.5,False,-0.25,False
simple,-6.6875,False,-0.625,False
instruct,-6.6875,False,-1.1875,False
complex,-6.6875,False,-0.5625,False
simple,-5.0,False,-0.3125,False
instruct,-5.0,False,-0.75,False
complex,-5.0,False,-0.3125,False
simple,-5.625,False,-0.375,False
instruct,-5.625,False,-0.75,False
complex,-5.625,False,-0.25,False
simple,-5.9375,False,-0.625,False
instruct,-5.9375,False,-0.8125,False
complex,-5.9375,False,-0.3125,False
simple,-5.75,False,-0.4375,False
instruct,-5.75,False,-0.875,False
complex,-5.75,False,-0.375,False
simple,-6.0625,False,-0.8125,False
instruct,-6.0625,False,-1.25,False
complex,-6.0625,False,-0.625,False
simple,-4.5,False,-0.8125,False
instruct,-4.5,False,-1.375,False
complex,-4.5,False,-0.375,False
simple,-6.3125,False,-0.4375,False
instruct,-6.3125,False,-1.0,False
complex,-6.3125,False,-0.5,False
simple,-6.8125,False,-0.5,False
instruct,-6.8125,False,-0.8125,False
complex,-6.8125,False,-0.375,False
simple,-7.0,False,-0.3125,False
instruct,-7.0,False,-1.0,False
complex,-7.0,False,-0.5,False
simple,-4.8125,False,-0.25,False
instruct,-4.8125,False,-0.25,False
complex,-4.8125,False,-0.3125,False
simple,-5.5,False,-0.5625,False
instruct,-5.5,False,-0.5,False
complex,-5.5,False,-0.0625,False
simple,-6.375,False,-0.75,False
instruct,-6.375,False,-0.8125,False
complex,-6.375,False,-0.3125,False
simple,-5.5625,False,-0.9375,False
instruct,-5.5625,False,-1.3125,False
complex,-5.5625,False,-0.75,False
simple,-6.375,False,-0.6875,False
instruct,-6.375,False,-0.9375,False
complex,-6.375,False,-0.3125,False
simple,-6.25,False,-0.625,False
instruct,-6.25,False,-0.875,False
complex,-6.25,False,-0.3125,False
simple,-7.0625,False,-0.75,False
instruct,-7.0625,False,-1.0625,False
complex,-7.0625,False,-0.1875,False
simple,-5.4375,False,-0.4375,False
instruct,-5.4375,False,-0.875,False
complex,-5.4375,False,-0.1875,False
simple,-6.6875,False,-0.625,False
instruct,-6.6875,False,-0.9375,False
complex,-6.6875,False,0.0,False
simple,-6.8125,False,-0.625,False
instruct,-6.8125,False,-0.875,False
complex,-6.8125,False,-0.1875,False
simple,-5.375,False,-0.1875,False
instruct,-5.375,False,-0.625,False
complex,-5.375,False,-0.4375,False
simple,-4.5,False,-0.5625,False
instruct,-4.5,False,-0.625,False
complex,-4.5,False,-0.125,False
simple,-7.0,False,-0.5,False
instruct,-7.0,False,-0.5,False
complex,-7.0,False,-0.1875,False
simple,-6.3125,False,-0.8125,False
instruct,-6.3125,False,-1.625,False
complex,-6.3125,False,-0.6875,False
simple,-6.1875,False,-0.9375,False
instruct,-6.1875,False,-1.25,False
complex,-6.1875,False,-0.5625,False
simple,-6.125,False,-0.8125,False
instruct,-6.125,False,-1.0625,False
complex,-6.125,False,-0.1875,False
simple,-6.875,False,-0.3125,False
instruct,-6.875,False,-1.0,False
complex,-6.875,False,-0.0625,False
simple,-6.1875,False,-0.75,False
instruct,-6.1875,False,-1.3125,False
complex,-6.1875,False,-0.375,False
simple,-6.1875,False,-0.75,False
instruct,-6.1875,False,-1.375,False
complex,-6.1875,False,-0.375,False
simple,-6.5625,False,-0.5,False
instruct,-6.5625,False,-0.75,False
complex,-6.5625,False,-0.1875,False
simple,-6.75,False,-0.875,False
instruct,-6.75,False,-1.5625,False
complex,-6.75,False,-0.5625,False
simple,-5.4375,False,-0.5625,False
instruct,-5.4375,False,-0.875,False
complex,-5.4375,False,-0.4375,False
simple,-6.25,False,-0.875,False
instruct,-6.25,False,-1.0625,False
complex,-6.25,False,-0.25,False
simple,-5.5,False,-0.625,False
instruct,-5.5,False,-0.8125,False
complex,-5.5,False,-0.3125,False
simple,-6.25,False,-0.9375,False
instruct,-6.25,False,-1.0625,False
complex,-6.25,False,-0.375,False
simple,-4.9375,False,-0.75,False
instruct,-4.9375,False,-1.125,False
complex,-4.9375,False,-0.5625,False
simple,-6.4375,False,-0.8125,False
instruct,-6.4375,False,-1.3125,False
complex,-6.4375,False,-0.25,False
simple,-5.8125,False,-0.5,False
instruct,-5.8125,False,-0.75,False
complex,-5.8125,False,-0.3125,False
simple,-6.75,False,-0.8125,False
instruct,-6.75,False,-1.25,False
complex,-6.75,False,-0.125,False
simple,-6.6875,False,-0.4375,False
instruct,-6.6875,False,-0.875,False
complex,-6.6875,False,-0.1875,False
simple,-5.8125,False,-0.4375,False
instruct,-5.8125,False,-0.75,False
complex,-5.8125,False,-0.25,False
simple,-5.8125,False,-0.5625,False
instruct,-5.8125,False,-0.625,False
complex,-5.8125,False,-0.1875,False
simple,-6.5,False,-0.6875,False
instruct,-6.5,False,-0.75,False
complex,-6.5,False,-0.375,False
simple,-7.0625,False,-0.3125,False
instruct,-7.0625,False,-0.8125,False
complex,-7.0625,False,-0.3125,False
simple,-6.1875,False,-0.75,False
instruct,-6.1875,False,-0.9375,False
complex,-6.1875,False,-0.1875,False
simple,-6.6875,False,-0.375,False
instruct,-6.6875,False,-1.0,False
complex,-6.6875,False,-0.1875,False
simple,-7.375,False,-0.8125,False
instruct,-7.375,False,-1.0,False
complex,-7.375,False,-0.25,False
simple,-5.625,False,-0.5,False
instruct,-5.625,False,-0.6875,False
complex,-5.625,False,-0.125,False
simple,-5.9375,False,-0.5,False
instruct,-5.9375,False,-0.6875,False
complex,-5.9375,False,-0.3125,False
simple,-6.25,False,-0.6875,False
instruct,-6.25,False,-1.0,False
complex,-6.25,False,-0.25,False
simple,-5.875,False,-0.6875,False
instruct,-5.875,False,-1.125,False
complex,-5.875,False,-0.1875,False
simple,-5.9375,False,-0.625,False
instruct,-5.9375,False,-1.0625,False
complex,-5.9375,False,-0.25,False
simple,-6.25,False,-0.3125,False
instruct,-6.25,False,-0.5625,False
complex,-6.25,False,-0.125,False
simple,-7.0,False,-0.75,False
instruct,-7.0,False,-1.125,False
complex,-7.0,False,-0.125,False
simple,-6.75,False,-0.5,False
instruct,-6.75,False,-1.0,False
complex,-6.75,False,-0.3125,False
simple,-4.0,False,-0.5625,False
instruct,-4.0,False,-0.875,False
complex,-4.0,False,-0.25,False
simple,-6.0,False,-0.625,False
instruct,-6.0,False,-0.6875,False
complex,-6.0,False,-0.25,False
simple,-6.0625,False,-0.375,False
instruct,-6.0625,False,-0.625,False
complex,-6.0625,False,-0.25,False
simple,-6.625,False,-0.8125,False
instruct,-6.625,False,-0.9375,False
complex,-6.625,False,-0.1875,False
simple,-7.375,False,-0.625,False
instruct,-7.375,False,-0.625,False
complex,-7.375,False,-0.375,False
simple,-6.5625,False,-0.4375,False
instruct,-6.5625,False,-0.5,False
complex,-6.5625,False,-0.375,False
simple,-6.8125,False,-0.625,False
instruct,-6.8125,False,-0.625,False
complex,-6.8125,False,-0.4375,False
simple,-5.75,False,-0.375,False
instruct,-5.75,False,-0.5625,False
complex,-5.75,False,-0.25,False
simple,-5.25,False,-0.5,False
instruct,-5.25,False,-0.6875,False
complex,-5.25,False,-0.3125,False
simple,-6.5,False,-0.4375,False
instruct,-6.5,False,-0.5,False
complex,-6.5,False,-0.4375,False
simple,-7.0,False,-0.4375,False
instruct,-7.0,False,-0.6875,False
complex,-7.0,False,-0.3125,False
simple,-6.125,False,-0.5,False
instruct,-6.125,False,-0.625,False
complex,-6.125,False,-0.5625,False
simple,-7.0,False,-0.375,False
instruct,-7.0,False,-0.5625,False
complex,-7.0,False,-0.375,False
simple,-6.5625,False,-0.375,False
instruct,-6.5625,False,-0.625,False
complex,-6.5625,False,-0.25,False
simple,-6.25,False,-0.5,False
instruct,-6.25,False,-0.8125,False
complex,-6.25,False,-0.1875,False
simple,-5.125,False,-0.5625,False
instruct,-5.125,False,-1.0625,False
complex,-5.125,False,-0.1875,False
simple,-6.5,False,-0.5,False
instruct,-6.5,False,-0.875,False
complex,-6.5,False,-0.4375,False
simple,-6.9375,False,-0.8125,False
instruct,-6.9375,False,-1.125,False
complex,-6.9375,False,-0.25,False
simple,-6.625,False,-0.875,False
instruct,-6.625,False,-1.125,False
complex,-6.625,False,-0.1875,False
simple,-5.1875,False,-0.6875,False
instruct,-5.1875,False,-0.6875,False
complex,-5.1875,False,-0.375,False
simple,-7.5,False,-0.375,False
instruct,-7.5,False,-0.5625,False
complex,-7.5,False,-0.375,False
simple,-6.5,False,-0.5625,False
instruct,-6.5,False,-0.6875,False
complex,-6.5,False,-0.1875,False
simple,-5.875,False,-0.4375,False
instruct,-5.875,False,-0.75,False
complex,-5.875,False,-0.375,False
simple,-6.75,False,-0.6875,False
instruct,-6.75,False,-0.8125,False
complex,-6.75,False,-0.3125,False
simple,-6.5,False,-0.375,False
instruct,-6.5,False,-0.375,False
complex,-6.5,False,-0.375,False
simple,-6.5,False,-0.5,False
instruct,-6.5,False,-0.75,False
complex,-6.5,False,-0.25,False
simple,-6.6875,False,-0.4375,False
instruct,-6.6875,False,-0.5625,False
complex,-6.6875,False,-0.1875,False
simple,-5.75,False,-0.4375,False
instruct,-5.75,False,-0.4375,False
complex,-5.75,False,-0.3125,False
simple,-6.375,False,-0.6875,False
instruct,-6.375,False,-1.0625,False
complex,-6.375,False,-0.0625,False
simple,-6.5,False,-0.625,False
instruct,-6.5,False,-0.9375,False
complex,-6.5,False,-0.25,False
simple,-7.0,False,-0.75,False
instruct,-7.0,False,-0.9375,False
complex,-7.0,False,-0.1875,False
simple,-6.9375,False,-0.4375,False
instruct,-6.9375,False,-0.625,False
complex,-6.9375,False,-0.3125,False
simple,-6.625,False,-0.4375,False
instruct,-6.625,False,-0.75,False
complex,-6.625,False,-0.25,False
simple,-6.125,False,-0.375,False
instruct,-6.125,False,-0.625,False
complex,-6.125,False,-0.4375,False
simple,-7.0,False,-0.5625,False
instruct,-7.0,False,-0.9375,False
complex,-7.0,False,-0.3125,False
simple,-5.75,False,-0.75,False
instruct,-5.75,False,-0.625,False
complex,-5.75,False,-0.25,False
simple,-6.3125,False,-0.6875,False
instruct,-6.3125,False,-1.0,False
complex,-6.3125,False,-0.5625,False
simple,-5.25,False,-0.5,False
instruct,-5.25,False,-0.8125,False
complex,-5.25,False,-0.375,False
simple,-7.5,False,-0.625,False
instruct,-7.5,False,-1.0,False
complex,-7.5,False,-0.0625,False
simple,-6.875,False,-0.3125,False
instruct,-6.875,False,-0.9375,False
complex,-6.875,False,-0.0625,False
simple,-6.0,False,-0.3125,False
instruct,-6.0,False,-0.875,False
complex,-6.0,False,-0.1875,False
simple,-6.8125,False,0.0,False
instruct,-6.8125,False,-0.1875,False
complex,-6.8125,False,-0.1875,False
simple,-6.3125,False,-0.5,False
instruct,-6.3125,False,-0.8125,False
complex,-6.3125,False,-0.125,False
simple,-6.5625,False,-0.25,False
instruct,-6.5625,False,-0.6875,False
complex,-6.5625,False,-0.125,False
simple,-5.375,False,-0.1875,False
instruct,-5.375,False,-0.1875,False
complex,-5.375,False,0.0,False
simple,-5.25,False,0.0,False
instruct,-5.25,False,-0.6875,False
complex,-5.25,False,-0.0625,False
simple,-5.75,False,-0.1875,False
instruct,-5.75,False,-0.625,False
complex,-5.75,False,-0.1875,False
simple,-5.375,False,-0.1875,False
instruct,-5.375,False,-0.375,False
complex,-5.375,False,-0.0625,False
simple,-5.375,False,-0.5625,False
instruct,-5.375,False,-0.4375,False
complex,-5.375,False,-0.25,False
simple,-5.8125,False,-0.4375,False
instruct,-5.8125,False,-0.625,False
complex,-5.8125,False,-0.3125,False
simple,-4.8125,False,-0.4375,False
instruct,-4.8125,False,-0.375,False
complex,-4.8125,False,-0.0625,False
simple,-5.5625,False,-0.875,False
instruct,-5.5625,False,-1.125,False
complex,-5.5625,False,-0.25,False
simple,-5.8125,False,-0.375,False
instruct,-5.8125,False,-0.75,False
complex,-5.8125,False,0.0,False
simple,-5.4375,False,-0.1875,False
instruct,-5.4375,False,-0.625,False
complex,-5.4375,False,-0.125,False
simple,-5.8125,False,-0.375,False
instruct,-5.8125,False,-0.75,False
complex,-5.8125,False,-0.125,False
simple,-6.875,False,-0.5,False
instruct,-6.875,False,-0.6875,False
complex,-6.875,False,-0.125,False
simple,-5.125,False,-0.4375,False
instruct,-5.125,False,-0.8125,False
complex,-5.125,False,-0.0625,False
simple,-5.625,False,-0.125,False
instruct,-5.625,False,-0.5,False
complex,-5.625,False,-0.125,False
simple,-6.1875,False,-0.1875,False
instruct,-6.1875,False,-0.8125,False
complex,-6.1875,False,-0.1875,False
simple,-5.625,False,-0.0625,False
instruct,-5.625,False,-0.375,False
complex,-5.625,False,-0.3125,False
simple,-6.5,False,-0.5,False
instruct,-6.5,False,-0.75,False
complex,-6.5,False,-0.25,False
simple,-5.375,False,-0.3125,False
instruct,-5.375,False,-0.75,False
complex,-5.375,False,-0.125,False
simple,-4.75,False,-0.375,False
instruct,-4.75,False,-0.75,False
complex,-4.75,False,-0.1875,False
simple,-6.125,False,-0.5625,False
instruct,-6.125,False,-0.9375,False
complex,-6.125,False,-0.25,False
simple,-5.875,False,-0.375,False
instruct,-5.875,False,-0.5625,False
complex,-5.875,False,-0.1875,False
simple,-7.1875,False,-0.5,False
instruct,-7.1875,False,-1.0,False
complex,-7.1875,False,-0.125,False
simple,-7.25,False,-0.5,False
instruct,-7.25,False,-0.75,False
complex,-7.25,False,-0.3125,False
simple,-5.75,False,-0.3125,False
instruct,-5.75,False,-0.75,False
complex,-5.75,False,-0.25,False
simple,-5.0,False,-0.4375,False
instruct,-5.0,False,-0.4375,False
complex,-5.0,False,-0.3125,False
simple,-4.75,False,-0.375,False
instruct,-4.75,False,-0.5625,False
complex,-4.75,False,-0.125,False
simple,-5.9375,False,-0.0625,False
instruct,-5.9375,False,-0.0625,False
complex,-5.9375,False,-0.0625,False
simple,-6.0,False,-0.625,False
instruct,-6.0,False,-0.6875,False
complex,-6.0,False,-0.1875,False
simple,-5.1875,False,-0.25,False
instruct,-5.1875,False,-0.5,False
complex,-5.1875,False,-0.0625,False
simple,-5.375,False,-0.375,False
instruct,-5.375,False,-0.4375,False
complex,-5.375,False,-0.125,False
simple,-5.9375,False,-0.5,False
instruct,-5.9375,False,-1.0,False
complex,-5.9375,False,-0.1875,False
simple,-6.3125,False,-0.25,False
instruct,-6.3125,False,-0.5625,False
complex,-6.3125,False,-0.3125,False
simple,-6.5625,False,-0.6875,False
instruct,-6.5625,False,-1.125,False
complex,-6.5625,False,-0.25,False
simple,-6.875,False,-1.125,False
instruct,-6.875,False,-1.25,False
complex,-6.875,False,-0.25,False
simple,-5.875,False,-0.8125,False
instruct,-5.875,False,-1.1875,False
complex,-5.875,False,-0.0625,False
simple,-6.0,False,-0.375,False
instruct,-6.0,False,-0.8125,False
complex,-6.0,False,-0.0625,False
simple,-5.5,False,-0.1875,False
instruct,-5.5,False,-0.5625,False
complex,-5.5,False,-0.1875,False
simple,-5.25,False,-0.0625,False
instruct,-5.25,False,-0.25,False
complex,-5.25,False,-0.0625,False
simple,-6.0625,False,-0.6875,False
instruct,-6.0625,False,-0.9375,False
complex,-6.0625,False,-0.1875,False
simple,-4.4375,False,0.5625,True
instruct,-4.4375,False,0.625,True
complex,-4.4375,False,0.25,True
simple,-5.125,False,0.8125,True
instruct,-5.125,False,0.9375,True
complex,-5.125,False,0.0625,True
simple,-5.5,False,0.625,True
instruct,-5.5,False,0.875,True
complex,-5.5,False,0.0625,True
simple,-3.625,False,0.8125,True
instruct,-3.625,False,0.8125,True
complex,-3.625,False,0.125,True
simple,-5.25,False,0.6875,True
instruct,-5.25,False,1.0625,True
complex,-5.25,False,0.0625,True
simple,-4.1875,False,0.8125,True
instruct,-4.1875,False,0.6875,True
complex,-4.1875,False,0.1875,True
simple,-4.25,False,0.25,True
instruct,-4.25,False,0.375,True
complex,-4.25,False,0.125,True
simple,-3.8125,False,1.0,True
instruct,-3.8125,False,1.25,True
complex,-3.8125,False,0.1875,True
simple,-3.875,False,0.75,True
instruct,-3.875,False,0.625,True
complex,-3.875,False,-0.0625,False
simple,-5.625,False,0.9375,True
instruct,-5.625,False,1.3125,True
complex,-5.625,False,0.25,True
simple,-5.5,False,1.0,True
instruct,-5.5,False,1.1875,True
complex,-5.5,False,0.0,False
simple,-6.1875,False,0.75,True
instruct,-6.1875,False,0.9375,True
complex,-6.1875,False,0.0625,True
simple,-5.25,False,0.6875,True
instruct,-5.25,False,0.8125,True
complex,-5.25,False,0.1875,True
simple,-5.875,False,0.75,True
instruct,-5.875,False,0.625,True
complex,-5.875,False,0.125,True
simple,-6.3125,False,0.75,True
instruct,-6.3125,False,0.75,True
complex,-6.3125,False,0.125,True
simple,-4.625,False,0.75,True
instruct,-4.625,False,1.0,True
complex,-4.625,False,0.3125,True
simple,-6.25,False,0.9375,True
instruct,-6.25,False,0.9375,True
complex,-6.25,False,0.25,True
simple,-5.75,False,0.5625,True
instruct,-5.75,False,0.6875,True
complex,-5.75,False,0.0625,True
simple,-6.875,False,0.6875,True
instruct,-6.875,False,1.0,True
complex,-6.875,False,0.25,True
simple,-3.625,False,0.9375,True
instruct,-3.625,False,1.0625,True
complex,-3.625,False,0.1875,True
simple,-5.25,False,0.75,True
instruct,-5.25,False,1.1875,True
complex,-5.25,False,0.25,True
simple,-5.125,False,0.6875,True
instruct,-5.125,False,1.0,True
complex,-5.125,False,0.25,True
simple,-5.75,False,0.75,True
instruct,-5.75,False,0.8125,True
complex,-5.75,False,0.1875,True
simple,-5.125,False,0.875,True
instruct,-5.125,False,1.3125,True
complex,-5.125,False,0.1875,True
simple,-6.625,False,0.875,True
instruct,-6.625,False,1.0625,True
complex,-6.625,False,0.25,True
simple,-6.75,False,0.75,True
instruct,-6.75,False,1.375,True
complex,-6.75,False,0.1875,True
simple,-5.75,False,0.875,True
instruct,-5.75,False,1.125,True
complex,-5.75,False,0.125,True
simple,-4.0625,False,0.625,True
instruct,-4.0625,False,0.9375,True
complex,-4.0625,False,0.0625,True
simple,-4.875,False,0.75,True
instruct,-4.875,False,0.875,True
complex,-4.875,False,0.25,True
simple,-7.0,False,0.75,True
instruct,-7.0,False,1.0625,True
complex,-7.0,False,0.0,False
simple,-5.75,False,0.6875,True
instruct,-5.75,False,1.1875,True
complex,-5.75,False,0.125,True
simple,-5.4375,False,0.8125,True
instruct,-5.4375,False,1.125,True
complex,-5.4375,False,0.0,False
simple,-6.5625,False,0.6875,True
instruct,-6.5625,False,0.6875,True
complex,-6.5625,False,0.0,False
simple,-6.125,False,0.4375,True
instruct,-6.125,False,0.5625,True
complex,-6.125,False,0.0625,True
simple,-2.875,False,0.6875,True
instruct,-2.875,False,0.8125,True
complex,-2.875,False,0.3125,True
simple,-6.375,False,0.6875,True
instruct,-6.375,False,1.0,True
complex,-6.375,False,0.0625,True
simple,-7.125,False,0.5625,True
instruct,-7.125,False,0.9375,True
complex,-7.125,False,0.25,True
simple,-3.625,False,0.75,True
instruct,-3.625,False,1.0,True
complex,-3.625,False,0.125,True
simple,-4.625,False,0.6875,True
instruct,-4.625,False,1.125,True
complex,-4.625,False,0.0,False
simple,-5.125,False,0.6875,True
instruct,-5.125,False,0.9375,True
complex,-5.125,False,0.1875,True
simple,-3.625,False,0.5625,True
instruct,-3.625,False,0.9375,True
complex,-3.625,False,0.0625,True
simple,-5.25,False,0.6875,True
instruct,-5.25,False,0.6875,True
complex,-5.25,False,0.0,False
simple,-4.25,False,0.875,True
instruct,-4.25,False,1.25,True
complex,-4.25,False,0.0625,True
simple,-4.375,False,0.8125,True
instruct,-4.375,False,0.75,True
complex,-4.375,False,0.1875,True
simple,-4.875,False,0.6875,True
instruct,-4.875,False,0.75,True
complex,-4.875,False,0.1875,True
simple,-4.875,False,1.0,True
instruct,-4.875,False,1.125,True
complex,-4.875,False,0.125,True
simple,-6.125,False,0.4375,True
instruct,-6.125,False,1.125,True
complex,-6.125,False,0.0625,True
simple,-5.625,False,0.625,True
instruct,-5.625,False,1.0625,True
complex,-5.625,False,0.0,False
simple,-2.375,False,0.625,True
instruct,-2.375,False,0.875,True
complex,-2.375,False,-0.0625,False
simple,-5.75,False,0.9375,True
instruct,-5.75,False,1.0625,True
complex,-5.75,False,0.125,True
simple,-5.0,False,0.5625,True
instruct,-5.0,False,0.6875,True
complex,-5.0,False,0.0,False
simple,-5.375,False,0.9375,True
instruct,-5.375,False,1.4375,True
complex,-5.375,False,0.0625,True
simple,-4.875,False,0.6875,True
instruct,-4.875,False,0.6875,True
complex,-4.875,False,0.0,False
simple,-4.875,False,0.875,True
instruct,-4.875,False,0.8125,True
complex,-4.875,False,0.125,True
simple,-5.75,False,0.6875,True
instruct,-5.75,False,1.0,True
complex,-5.75,False,0.0625,True
simple,-4.0,False,0.8125,True
instruct,-4.0,False,1.125,True
complex,-4.0,False,0.0625,True
simple,-5.25,False,0.8125,True
instruct,-5.25,False,0.875,True
complex,-5.25,False,0.125,True
simple,-5.125,False,0.875,True
instruct,-5.125,False,1.125,True
complex,-5.125,False,-0.0625,False
simple,-4.0,False,0.625,True
instruct,-4.0,False,0.5,True
complex,-4.0,False,0.0625,True
simple,-6.0,False,0.75,True
instruct,-6.0,False,0.5625,True
complex,-6.0,False,0.1875,True
simple,-4.375,False,0.4375,True
instruct,-4.375,False,0.875,True
complex,-4.375,False,0.0625,True
simple,-4.5,False,0.5625,True
instruct,-4.5,False,0.5,True
complex,-4.5,False,-0.0625,False
simple,-4.25,False,0.9375,True
instruct,-4.25,False,1.3125,True
complex,-4.25,False,0.1875,True
simple,-4.625,False,0.875,True
instruct,-4.625,False,1.125,True
complex,-4.625,False,0.125,True
simple,-5.125,False,0.5,True
instruct,-5.125,False,0.75,True
complex,-5.125,False,0.125,True
simple,-3.5,False,1.0,True
instruct,-3.5,False,0.9375,True
complex,-3.5,False,0.25,True
simple,-4.75,False,0.75,True
instruct,-4.75,False,0.9375,True
complex,-4.75,False,0.3125,True
simple,-5.5,False,0.5625,True
instruct,-5.5,False,0.375,True
complex,-5.5,False,0.1875,True
simple,-4.875,False,0.375,True
instruct,-4.875,False,0.625,True
complex,-4.875,False,0.0625,True
simple,-4.75,False,0.75,True
instruct,-4.75,False,0.4375,True
complex,-4.75,False,0.3125,True
simple,-4.875,False,0.5625,True
instruct,-4.875,False,0.5,True
complex,-4.875,False,0.0,False
simple,-5.625,False,0.8125,True
instruct,-5.625,False,1.4375,True
complex,-5.625,False,0.0625,True
simple,-5.25,False,0.875,True
instruct,-5.25,False,1.375,True
complex,-5.25,False,0.125,True
simple,-3.5,False,1.0,True
instruct,-3.5,False,1.4375,True
complex,-3.5,False,0.1875,True
simple,-6.25,False,0.8125,True
instruct,-6.25,False,1.125,True
complex,-6.25,False,0.0625,True
simple,-6.875,False,0.875,True
instruct,-6.875,False,1.3125,True
complex,-6.875,False,0.0,False
simple,-3.875,False,0.75,True
instruct,-3.875,False,0.75,True
complex,-3.875,False,0.1875,True
simple,-5.875,False,0.6875,True
instruct,-5.875,False,0.9375,True
complex,-5.875,False,0.0625,True
simple,-2.125,False,0.6875,True
instruct,-2.125,False,1.25,True
complex,-2.125,False,-0.0625,False
simple,-3.375,False,0.5625,True
instruct,-3.375,False,0.9375,True
complex,-3.375,False,0.3125,True
simple,-3.75,False,0.75,True
instruct,-3.75,False,0.875,True
complex,-3.75,False,0.0,False
simple,-1.75,False,0.4375,True
instruct,-1.75,False,0.8125,True
complex,-1.75,False,0.25,True
simple,-7.25,False,0.6875,True
instruct,-7.25,False,1.5,True
complex,-7.25,False,0.1875,True
simple,-4.0,False,0.4375,True
instruct,-4.0,False,0.875,True
complex,-4.0,False,0.0,False
simple,-4.0,False,0.75,True
instruct,-4.0,False,0.6875,True
complex,-4.0,False,0.1875,True
simple,-5.625,False,0.5625,True
instruct,-5.625,False,1.1875,True
complex,-5.625,False,0.0625,True
simple,-6.125,False,0.9375,True
instruct,-6.125,False,0.875,True
complex,-6.125,False,0.1875,True
simple,-3.25,False,0.5,True
instruct,-3.25,False,0.25,True
complex,-3.25,False,0.0,False
simple,-4.625,False,0.75,True
instruct,-4.625,False,1.125,True
complex,-4.625,False,0.1875,True
simple,-5.25,False,0.875,True
instruct,-5.25,False,1.125,True
complex,-5.25,False,0.0625,True
simple,-4.375,False,0.6875,True
instruct,-4.375,False,0.875,True
complex,-4.375,False,0.0,False
simple,-4.625,False,0.75,True
instruct,-4.625,False,1.125,True
complex,-4.625,False,-0.0625,False
simple,-19.875,False,0.5,True
instruct,-19.875,False,0.75,True
complex,-19.875,False,0.375,True
simple,-4.875,False,0.625,True
instruct,-4.875,False,1.375,True
complex,-4.875,False,0.0,False
simple,-4.75,False,1.0,True
instruct,-4.75,False,1.125,True
complex,-4.75,False,0.25,True
simple,-4.875,False,0.9375,True
instruct,-4.875,False,1.375,True
complex,-4.875,False,0.125,True
simple,-3.375,False,0.875,True
instruct,-3.375,False,1.25,True
complex,-3.375,False,0.125,True
simple,-1.125,False,0.9375,True
instruct,-1.125,False,0.875,True
complex,-1.125,False,0.0,False
simple,-7.5,False,1.0,True
instruct,-7.5,False,1.25,True
complex,-7.5,False,0.125,True
simple,-1.75,False,0.75,True
instruct,-1.75,False,1.0,True
complex,-1.75,False,0.125,True
simple,-4.5,False,-0.5625,False
instruct,-4.5,False,-0.6875,False
complex,-4.5,False,0.0,False
simple,-5.6875,False,0.0,False
instruct,-5.6875,False,-0.3125,False
complex,-5.6875,False,-0.0625,False
simple,-4.75,False,-0.125,False
instruct,-4.75,False,-0.125,False
complex,-4.75,False,-0.125,False
simple,-5.6875,False,-0.125,False
instruct,-5.6875,False,-0.3125,False
complex,-5.6875,False,-0.1875,False
simple,-4.9375,False,-0.1875,False
instruct,-4.9375,False,-0.5625,False
complex,-4.9375,False,-0.3125,False
simple,-4.875,False,0.0,False
instruct,-4.875,False,-0.0625,False
complex,-4.875,False,-0.25,False
simple,-7.1875,False,0.125,True
instruct,-7.1875,False,0.3125,True
complex,-7.1875,False,-0.1875,False
simple,-6.1875,False,0.25,True
instruct,-6.1875,False,0.3125,True
complex,-6.1875,False,0.0,False
simple,-8.5625,False,0.0,False
instruct,-8.5625,False,-0.1875,False
complex,-8.5625,False,-0.1875,False
simple,-4.875,False,-0.1875,False
instruct,-4.875,False,-0.5,False
complex,-4.875,False,-0.0625,False
simple,-6.5625,False,0.1875,True
instruct,-6.5625,False,0.25,True
complex,-6.5625,False,-0.1875,False
simple,-6.8125,False,0.0,False
instruct,-6.8125,False,0.0,False
complex,-6.8125,False,-0.125,False
simple,-6.875,False,0.125,True
instruct,-6.875,False,-0.1875,False
complex,-6.875,False,-0.125,False
simple,-6.0625,False,-0.0625,False
instruct,-6.0625,False,-0.1875,False
complex,-6.0625,False,-0.1875,False
simple,-6.3125,False,-0.125,False
instruct,-6.3125,False,-0.125,False
complex,-6.3125,False,-0.25,False
simple,-6.5,False,0.375,True
instruct,-6.5,False,0.25,True
complex,-6.5,False,-0.0625,False
simple,-3.8125,False,-0.125,False
instruct,-3.8125,False,-0.1875,False
complex,-3.8125,False,-0.0625,False
simple,-4.625,False,-0.125,False
instruct,-4.625,False,-0.25,False
complex,-4.625,False,-0.25,False
simple,-7.0,False,0.0625,True
instruct,-7.0,False,0.0,False
complex,-7.0,False,0.0625,True
simple,-6.5625,False,0.0625,True
instruct,-6.5625,False,-0.1875,False
complex,-6.5625,False,-0.0625,False
simple,-5.375,False,0.1875,True
instruct,-5.375,False,-0.125,False
complex,-5.375,False,-0.0625,False
simple,-4.125,False,-0.125,False
instruct,-4.125,False,-0.25,False
complex,-4.125,False,-0.0625,False
simple,-9.3125,False,0.0625,True
instruct,-9.3125,False,-0.375,False
complex,-9.3125,False,-0.125,False
simple,-6.375,False,-0.0625,False
instruct,-6.375,False,0.125,True
complex,-6.375,False,-0.0625,False
simple,-7.8125,False,0.3125,True
instruct,-7.8125,False,0.3125,True
complex,-7.8125,False,-0.125,False
simple,-5.5,False,0.375,True
instruct,-5.5,False,0.0,False
complex,-5.5,False,-0.0625,False
simple,-5.375,False,-0.125,False
instruct,-5.375,False,-0.5,False
complex,-5.375,False,-0.125,False
simple,-5.5625,False,0.0625,True
instruct,-5.5625,False,-0.125,False
complex,-5.5625,False,-0.125,False
simple,-6.0,False,0.0625,True
instruct,-6.0,False,0.125,True
complex,-6.0,False,0.0,False
simple,-6.5,False,0.0625,True
instruct,-6.5,False,-0.4375,False
complex,-6.5,False,-0.125,False
simple,-3.9375,False,0.1875,True
instruct,-3.9375,False,0.0,False
complex,-3.9375,False,0.0,False
simple,-6.1875,False,0.0,False
instruct,-6.1875,False,-0.1875,False
complex,-6.1875,False,-0.0625,False
simple,-4.625,False,0.0,False
instruct,-4.625,False,0.4375,True
complex,-4.625,False,-0.0625,False
simple,-6.9375,False,-0.125,False
instruct,-6.9375,False,-0.6875,False
complex,-6.9375,False,-0.1875,False
simple,-4.875,False,0.0625,True
instruct,-4.875,False,0.0625,True
complex,-4.875,False,-0.0625,False
simple,-5.75,False,0.1875,True
instruct,-5.75,False,0.1875,True
complex,-5.75,False,-0.25,False
simple,-5.9375,False,-0.0625,False
instruct,-5.9375,False,-0.3125,False
complex,-5.9375,False,-0.125,False
simple,-4.0,False,-0.375,False
instruct,-4.0,False,-0.5,False
complex,-4.0,False,-0.125,False
simple,-5.6875,False,0.0,False
instruct,-5.6875,False,0.0,False
complex,-5.6875,False,-0.1875,False
simple,-4.9375,False,0.0,False
instruct,-4.9375,False,0.0625,True
complex,-4.9375,False,0.0625,True
simple,-3.25,False,-0.1875,False
instruct,-3.25,False,-0.4375,False
complex,-3.25,False,0.1875,True
simple,-6.1875,False,-0.25,False
instruct,-6.1875,False,-0.5,False
complex,-6.1875,False,-0.375,False
simple,-6.0625,False,-0.4375,False
instruct,-6.0625,False,-0.6875,False
complex,-6.0625,False,0.0625,True
simple,-6.9375,False,-0.125,False
instruct,-6.9375,False,-0.6875,False
complex,-6.9375,False,-0.1875,False
simple,-5.1875,False,-0.125,False
instruct,-5.1875,False,-0.375,False
complex,-5.1875,False,-0.125,False
simple,-6.25,False,-0.25,False
instruct,-6.25,False,-0.625,False
complex,-6.25,False,-0.1875,False
simple,-5.5625,False,0.1875,True
instruct,-5.5625,False,0.0,False
complex,-5.5625,False,0.0,False
simple,-6.9375,False,0.125,True
instruct,-6.9375,False,0.0625,True
complex,-6.9375,False,-0.0625,False
simple,-7.75,False,0.1875,True
instruct,-7.75,False,-0.375,False
complex,-7.75,False,0.0,False
simple,-6.0,False,-0.5625,False
instruct,-6.0,False,-0.8125,False
complex,-6.0,False,0.125,True
simple,-6.1875,False,0.0625,True
instruct,-6.1875,False,-0.125,False
complex,-6.1875,False,0.125,True
simple,-4.25,False,0.0625,True
instruct,-4.25,False,0.0625,True
complex,-4.25,False,-0.125,False
simple,-5.8125,False,-0.0625,False
instruct,-5.8125,False,-0.375,False
complex,-5.8125,False,-0.1875,False
simple,-5.1875,False,-0.4375,False
instruct,-5.1875,False,-0.75,False
complex,-5.1875,False,-0.125,False
simple,-6.8125,False,-0.25,False
instruct,-6.8125,False,-0.8125,False
complex,-6.8125,False,-0.125,False
simple,-4.5625,False,-0.125,False
instruct,-4.5625,False,-0.5,False
complex,-4.5625,False,0.0,False
simple,-8.25,False,0.125,True
instruct,-8.25,False,-0.375,False
complex,-8.25,False,0.0625,True
simple,-5.625,False,0.3125,True
instruct,-5.625,False,0.125,True
complex,-5.625,False,0.1875,True
simple,-5.5,False,0.0,False
instruct,-5.5,False,-0.5,False
complex,-5.5,False,-0.125,False
simple,-5.125,False,0.0625,True
instruct,-5.125,False,-0.1875,False
complex,-5.125,False,0.0,False
simple,-6.25,False,0.0625,True
instruct,-6.25,False,-0.125,False
complex,-6.25,False,-0.25,False
simple,-5.0625,False,-0.0625,False
instruct,-5.0625,False,-0.125,False
complex,-5.0625,False,-0.125,False
simple,-4.9375,False,-0.5625,False
instruct,-4.9375,False,-0.625,False
complex,-4.9375,False,0.0625,True
simple,-4.9375,False,0.1875,True
instruct,-4.9375,False,-0.1875,False
complex,-4.9375,False,0.125,True
simple,-5.0,False,-0.375,False
instruct,-5.0,False,-0.625,False
complex,-5.0,False,-0.0625,False
simple,-4.75,False,0.0625,True
instruct,-4.75,False,0.125,True
complex,-4.75,False,-0.3125,False
simple,-4.375,False,0.125,True
instruct,-4.375,False,-0.125,False
complex,-4.375,False,-0.1875,False
simple,-7.1875,False,0.125,True
instruct,-7.1875,False,0.0,False
complex,-7.1875,False,-0.125,False
simple,-5.875,False,-0.0625,False
instruct,-5.875,False,-0.5,False
complex,-5.875,False,0.0625,True
simple,-4.5625,False,0.0,False
instruct,-4.5625,False,-0.25,False
complex,-4.5625,False,0.125,True
simple,-6.5,False,-0.125,False
instruct,-6.5,False,-0.3125,False
complex,-6.5,False,0.0,False
simple,-5.125,False,-0.1875,False
instruct,-5.125,False,-0.6875,False
complex,-5.125,False,0.0625,True
simple,-4.5625,False,-0.25,False
instruct,-4.5625,False,-0.25,False
complex,-4.5625,False,-0.1875,False
simple,-6.4375,False,0.0,False
instruct,-6.4375,False,0.125,True
complex,-6.4375,False,-0.0625,False
simple,-5.5,False,-0.125,False
instruct,-5.5,False,-0.1875,False
complex,-5.5,False,-0.3125,False
simple,-7.125,False,0.375,True
instruct,-7.125,False,0.0625,True
complex,-7.125,False,-0.0625,False
simple,-5.875,False,0.0625,True
instruct,-5.875,False,-0.1875,False
complex,-5.875,False,0.0,False
simple,-5.1875,False,-0.3125,False
instruct,-5.1875,False,-0.4375,False
complex,-5.1875,False,0.0625,True
simple,-4.75,False,-0.1875,False
instruct,-4.75,False,-0.25,False
complex,-4.75,False,-0.0625,False
simple,-4.5625,False,-0.0625,False
instruct,-4.5625,False,-0.3125,False
complex,-4.5625,False,0.25,True
simple,-6.25,False,0.125,True
instruct,-6.25,False,0.0,False
complex,-6.25,False,-0.1875,False
simple,-8.3125,False,0.0,False
instruct,-8.3125,False,-0.1875,False
complex,-8.3125,False,-0.0625,False
simple,-6.625,False,-0.1875,False
instruct,-6.625,False,-0.4375,False
complex,-6.625,False,-0.0625,False
simple,-6.1875,False,0.0,False
instruct,-6.1875,False,-0.25,False
complex,-6.1875,False,-0.0625,False
simple,-8.0625,False,0.0,False
instruct,-8.0625,False,-0.1875,False
complex,-8.0625,False,0.0,False
simple,-7.25,False,0.375,True
instruct,-7.25,False,0.0,False
complex,-7.25,False,0.0625,True
simple,-5.875,False,-0.25,False
instruct,-5.875,False,-0.5625,False
complex,-5.875,False,0.0,False
simple,-6.1875,False,-0.0625,False
instruct,-6.1875,False,-0.375,False
complex,-6.1875,False,0.0,False
simple,-6.125,False,-0.125,False
instruct,-6.125,False,-0.25,False
complex,-6.125,False,0.0625,True
simple,-5.1875,False,-0.3125,False
instruct,-5.1875,False,-0.5625,False
complex,-5.1875,False,-0.1875,False
simple,-5.25,False,-0.125,False
instruct,-5.25,False,-0.25,False
complex,-5.25,False,-0.125,False
simple,-5.25,False,-0.5,False
instruct,-5.25,False,-0.1875,False
complex,-5.25,False,0.0,False
simple,-5.1875,False,0.0,False
instruct,-5.1875,False,0.0,False
complex,-5.1875,False,0.0625,True
simple,-5.5,False,-0.3125,False
instruct,-5.5,False,-0.75,False
complex,-5.5,False,0.125,True
simple,-4.8125,False,-0.125,False
instruct,-4.8125,False,-0.25,False
complex,-4.8125,False,0.125,True
simple,-7.0,False,0.125,True
instruct,-7.0,False,-0.3125,False
complex,-7.0,False,-0.0625,False
simple,-7.1875,False,-0.0625,False
instruct,-7.1875,False,0.0625,True
complex,-7.1875,False,0.0625,True
simple,-6.875,False,0.0625,True
instruct,-6.875,False,0.0,False
complex,-6.875,False,-0.125,False
simple,-9.4375,False,-0.375,False
instruct,-9.4375,False,-1.0,False
complex,-9.4375,False,-0.1875,False
simple,-7.875,False,-0.1875,False
instruct,-7.875,False,-0.375,False
complex,-7.875,False,-0.0625,False
simple,-6.1875,False,-0.3125,False
instruct,-6.1875,False,-0.1875,False
complex,-6.1875,False,0.0,False
simple,-7.46875,False,-0.0625,False
instruct,-7.46875,False,-0.5,False
complex,-7.46875,False,0.0,False
simple,-5.8125,False,0.0,False
instruct,-5.8125,False,-0.4375,False
complex,-5.8125,False,-0.1875,False
simple,-4.375,False,-0.5,False
instruct,-4.375,False,-0.75,False
complex,-4.375,False,-0.3125,False
simple,-6.0,False,-0.125,False
instruct,-6.0,False,-0.6875,False
complex,-6.0,False,-0.0625,False
simple,-5.625,False,-0.5625,False
instruct,-5.625,False,-1.0625,False
complex,-5.625,False,-0.1875,False
simple,-7.0625,False,-0.3125,False
instruct,-7.0625,False,-0.625,False
complex,-7.0625,False,0.25,True
simple,-7.9375,False,-0.375,False
instruct,-7.9375,False,-0.375,False
complex,-7.9375,False,-0.125,False
simple,-9.1875,False,-0.5625,False
instruct,-9.1875,False,-0.25,False
complex,-9.1875,False,-0.0625,False
simple,-7.3125,False,0.125,True
instruct,-7.3125,False,-0.3125,False
complex,-7.3125,False,0.25,True
simple,-8.1875,False,-0.1875,False
instruct,-8.1875,False,-0.875,False
complex,-8.1875,False,-0.0625,False
simple,-7.75,False,-0.4375,False
instruct,-7.75,False,-0.4375,False
complex,-7.75,False,0.0625,True
simple,-6.8125,False,0.3125,True
instruct,-6.8125,False,0.0625,True
complex,-6.8125,False,0.125,True
simple,-6.5,False,-0.5,False
instruct,-6.5,False,-0.9375,False
complex,-6.5,False,0.0625,True
simple,-10.125,False,-0.0625,False
instruct,-10.125,False,0.0625,True
complex,-10.125,False,0.1875,True
simple,-8.84375,False,-0.375,False
instruct,-8.84375,False,-0.4375,False
complex,-8.84375,False,0.1875,True
simple,-8.9375,False,-0.25,False
instruct,-8.9375,False,0.125,True
complex,-8.9375,False,-0.0625,False
simple,-8.875,False,-0.375,False
instruct,-8.875,False,-0.375,False
complex,-8.875,False,0.125,True
simple,-6.0,False,-0.125,False
instruct,-6.0,False,-0.4375,False
complex,-6.0,False,0.0625,True
simple,-7.9375,False,-0.25,False
instruct,-7.9375,False,-0.4375,False
complex,-7.9375,False,0.1875,True
simple,-7.1875,False,-0.0625,False
instruct,-7.1875,False,0.125,True
complex,-7.1875,False,-0.125,False
simple,-6.5625,False,-0.125,False
instruct,-6.5625,False,-0.25,False
complex,-6.5625,False,-0.125,False
simple,-6.0,False,0.0625,True
instruct,-6.0,False,-0.1875,False
complex,-6.0,False,0.0,False
simple,-4.25,False,0.125,True
instruct,-4.25,False,-0.4375,False
complex,-4.25,False,-0.25,False
simple,-8.625,False,-0.8125,False
instruct,-8.625,False,-0.875,False
complex,-8.625,False,0.0625,True
simple,-4.8125,False,0.0625,True
instruct,-4.8125,False,0.1875,True
complex,-4.8125,False,0.3125,True
simple,-6.5,False,0.125,True
instruct,-6.5,False,0.4375,True
complex,-6.5,False,0.1875,True
simple,-3.4375,False,0.125,True
instruct,-3.4375,False,0.3125,True
complex,-3.4375,False,0.0,False
simple,-8.8125,False,0.0625,True
instruct,-8.8125,False,-0.125,False
complex,-8.8125,False,-0.125,False
simple,-4.875,False,-0.625,False
instruct,-4.875,False,-0.5625,False
complex,-4.875,False,0.0,False
simple,-11.5,False,0.0625,True
instruct,-11.5,False,0.1875,True
complex,-11.5,False,0.125,True
simple,-5.5625,False,-0.375,False
instruct,-5.5625,False,-0.125,False
complex,-5.5625,False,0.0,False
simple,-9.5,False,-0.1875,False
instruct,-9.5,False,-0.0625,False
complex,-9.5,False,0.1875,True
simple,-8.125,False,-0.4375,False
instruct,-8.125,False,-0.3125,False
complex,-8.125,False,-0.0625,False
simple,-9.5,False,-0.6875,False
instruct,-9.5,False,-0.625,False
complex,-9.5,False,0.0,False
simple,-7.5625,False,-0.625,False
instruct,-7.5625,False,-0.875,False
complex,-7.5625,False,0.0,False
simple,-8.375,False,0.0625,True
instruct,-8.375,False,-0.25,False
complex,-8.375,False,0.25,True
simple,-8.625,False,-0.5,False
instruct,-8.625,False,-1.0,False
complex,-8.625,False,-0.125,False
simple,-5.1875,False,0.25,True
instruct,-5.1875,False,0.125,True
complex,-5.1875,False,-0.125,False
simple,-4.875,False,-0.125,False
instruct,-4.875,False,-0.375,False
complex,-4.875,False,-0.0625,False
simple,-7.46875,False,-0.375,False
instruct,-7.46875,False,-0.3125,False
complex,-7.46875,False,0.0625,True
simple,-10.3125,False,-0.1875,False
instruct,-10.3125,False,-0.0625,False
complex,-10.3125,False,0.125,True
simple,-4.5,False,0.5,True
instruct,-4.5,False,0.1875,True
complex,-4.5,False,-0.0625,False
simple,-7.5,False,-0.625,False
instruct,-7.5,False,-1.1875,False
complex,-7.5,False,-0.0625,False
simple,-4.125,False,0.0,False
instruct,-4.125,False,-0.875,False
complex,-4.125,False,-0.125,False
simple,-6.4375,False,0.0,False
instruct,-6.4375,False,-0.25,False
complex,-6.4375,False,0.125,True
simple,-9.71875,False,-0.375,False
instruct,-9.71875,False,-0.375,False
complex,-9.71875,False,0.25,True
simple,-6.75,False,-0.4375,False
instruct,-6.75,False,-0.5625,False
complex,-6.75,False,-0.125,False
simple,-7.125,False,0.5,True
instruct,-7.125,False,0.4375,True
complex,-7.125,False,-0.0625,False
simple,-7.4375,False,-0.0625,False
instruct,-7.4375,False,0.25,True
complex,-7.4375,False,0.0625,True
simple,-4.25,False,0.0,False
instruct,-4.25,False,-0.4375,False
complex,-4.25,False,0.1875,True
simple,-5.8125,False,0.375,True
instruct,-5.8125,False,0.0625,True
complex,-5.8125,False,0.1875,True
simple,-6.0,False,-0.125,False
instruct,-6.0,False,0.3125,True
complex,-6.0,False,0.3125,True
simple,-5.375,False,0.1875,True
instruct,-5.375,False,0.0,False
complex,-5.375,False,0.1875,True
simple,-3.125,False,-0.25,False
instruct,-3.125,False,-0.1875,False
complex,-3.125,False,-0.125,False
simple,-6.25,False,0.0,False
instruct,-6.25,False,-0.125,False
complex,-6.25,False,0.0,False
simple,-5.1875,False,-0.25,False
instruct,-5.1875,False,-0.375,False
complex,-5.1875,False,-0.0625,False
simple,-6.5,False,-0.125,False
instruct,-6.5,False,-0.375,False
complex,-6.5,False,0.0,False
simple,-6.5625,False,0.1875,True
instruct,-6.5625,False,0.125,True
complex,-6.5625,False,0.0,False
simple,-8.3125,False,0.1875,True
instruct,-8.3125,False,-0.125,False
complex,-8.3125,False,0.0625,True
simple,-8.8125,False,-0.25,False
instruct,-8.8125,False,-0.5625,False
complex,-8.8125,False,0.125,True
simple,-5.875,False,0.5,True
instruct,-5.875,False,-0.0625,False
complex,-5.875,False,0.25,True
simple,-3.0625,False,0.0,False
instruct,-3.0625,False,-0.25,False
complex,-3.0625,False,0.0,False
simple,-5.6875,False,0.0625,True
instruct,-5.6875,False,-0.125,False
complex,-5.6875,False,0.1875,True
simple,-8.8125,False,0.5,True
instruct,-8.8125,False,-0.125,False
complex,-8.8125,False,-0.0625,False
simple,-8.5625,False,-0.0625,False
instruct,-8.5625,False,-0.25,False
complex,-8.5625,False,0.125,True
simple,-8.625,False,-0.1875,False
instruct,-8.625,False,-0.5,False
complex,-8.625,False,0.0625,True
simple,-6.75,False,-0.0625,False
instruct,-6.75,False,0.375,True
complex,-6.75,False,0.125,True
simple,-3.125,False,0.0,False
instruct,-3.125,False,-0.6875,False
complex,-3.125,False,-0.0625,False
simple,-3.5625,False,0.4375,True
instruct,-3.5625,False,-0.0625,False
complex,-3.5625,False,-0.25,False
simple,-3.625,False,0.1875,True
instruct,-3.625,False,-0.0625,False
complex,-3.625,False,0.25,True
simple,-7.625,False,0.1875,True
instruct,-7.625,False,-0.25,False
complex,-7.625,False,-0.0625,False
simple,-6.8125,False,-0.125,False
instruct,-6.8125,False,0.0,False
complex,-6.8125,False,0.375,True
simple,-10.6875,False,-0.75,False
instruct,-10.6875,False,-1.0,False
complex,-10.6875,False,-0.125,False
simple,-4.9375,False,0.125,True
instruct,-4.9375,False,-0.625,False
complex,-4.9375,False,0.1875,True
simple,-4.5625,False,0.1875,True
instruct,-4.5625,False,0.0,False
complex,-4.5625,False,-0.125,False
simple,-4.5,False,-0.1875,False
instruct,-4.5,False,0.0625,True
complex,-4.5,False,0.0,False
simple,-3.25,False,0.25,True
instruct,-3.25,False,-0.5,False
complex,-3.25,False,-0.1875,False
simple,-4.0625,False,0.25,True
instruct,-4.0625,False,-0.0625,False
complex,-4.0625,False,0.0,False
simple,-6.9375,False,0.125,True
instruct,-6.9375,False,-0.3125,False
complex,-6.9375,False,-0.25,False
simple,-3.625,False,-0.375,False
instruct,-3.625,False,-0.125,False
complex,-3.625,False,-0.0625,False
simple,-5.125,False,0.3125,True
instruct,-5.125,False,0.25,True
complex,-5.125,False,0.375,True
simple,-6.6875,False,0.625,True
instruct,-6.6875,False,-0.25,False
complex,-6.6875,False,-0.0625,False
simple,-6.5,False,-0.1875,False
instruct,-6.5,False,-0.3125,False
complex,-6.5,False,0.0625,True
simple,-2.0625,False,-0.9375,False
instruct,-2.0625,False,-1.3125,False
complex,-2.0625,False,-0.125,False
simple,-5.4375,False,0.0,False
instruct,-5.4375,False,0.3125,True
complex,-5.4375,False,0.1875,True
simple,-9.375,False,0.0,False
instruct,-9.375,False,-0.5,False
complex,-9.375,False,-0.0625,False
simple,-8.9375,False,0.125,True
instruct,-8.9375,False,-0.25,False
complex,-8.9375,False,0.0,False
simple,-5.3125,False,-0.0625,False
instruct,-5.3125,False,-0.4375,False
complex,-5.3125,False,0.125,True
simple,-9.9375,False,0.1875,True
instruct,-9.9375,False,-0.5,False
complex,-9.9375,False,-0.0625,False
simple,-7.75,False,-0.0625,False
instruct,-7.75,False,-0.625,False
complex,-7.75,False,-0.125,False
simple,-3.375,False,0.5,True
instruct,-3.375,False,0.0625,True
complex,-3.375,False,0.0625,True
simple,-7.625,False,-0.125,False
instruct,-7.625,False,0.25,True
complex,-7.625,False,-0.375,False
simple,-10.375,False,0.4375,True
instruct,-10.375,False,-0.375,False
complex,-10.375,False,-0.1875,False
simple,-8.375,False,0.0625,True
instruct,-8.375,False,-0.8125,False
complex,-8.375,False,0.1875,True
simple,-5.4375,False,0.375,True
instruct,-5.4375,False,0.3125,True
complex,-5.4375,False,0.0625,True
simple,-9.8125,False,0.25,True
instruct,-9.8125,False,0.5625,True
complex,-9.8125,False,-0.0625,False
simple,-6.375,False,-0.4375,False
instruct,-6.375,False,-0.125,False
complex,-6.375,False,-0.125,False
simple,-10.9375,False,0.0,False
instruct,-10.9375,False,-0.1875,False
complex,-10.9375,False,-0.1875,False
simple,-8.125,False,0.375,True
instruct,-8.125,False,0.625,True
complex,-8.125,False,-0.25,False
simple,-5.375,False,-0.125,False
instruct,-5.375,False,-0.3125,False
complex,-5.375,False,-0.125,False
simple,-5.3125,False,-0.25,False
instruct,-5.3125,False,-0.4375,False
complex,-5.3125,False,-0.125,False
simple,-5.8125,False,0.1875,True
instruct,-5.8125,False,-0.1875,False
complex,-5.8125,False,-0.3125,False
simple,-5.125,False,-0.25,False
instruct,-5.125,False,-0.5,False
complex,-5.125,False,-0.25,False
simple,-6.25,False,-0.0625,False
instruct,-6.25,False,-0.375,False
complex,-6.25,False,-0.125,False
simple,-5.5625,False,-0.125,False
instruct,-5.5625,False,-0.5625,False
complex,-5.5625,False,-0.0625,False
simple,-5.8125,False,-0.1875,False
instruct,-5.8125,False,-0.5,False
complex,-5.8125,False,0.0,False
simple,-5.375,False,0.0,False
instruct,-5.375,False,-0.375,False
complex,-5.375,False,-0.125,False
simple,-6.3125,False,-0.125,False
instruct,-6.3125,False,-0.25,False
complex,-6.3125,False,-0.125,False
simple,-6.9375,False,-0.25,False
instruct,-6.9375,False,-0.5625,False
complex,-6.9375,False,-0.0625,False
simple,-6.5,False,-0.3125,False
instruct,-6.5,False,-0.625,False
complex,-6.5,False,-0.125,False
simple,-5.3125,False,-0.25,False
instruct,-5.3125,False,-0.3125,False
complex,-5.3125,False,-0.125,False
simple,-4.375,False,-0.4375,False
instruct,-4.375,False,-0.75,False
complex,-4.375,False,-0.3125,False
simple,-5.5625,False,-0.4375,False
instruct,-5.5625,False,-0.375,False
complex,-5.5625,False,-0.125,False
simple,-6.375,False,-0.1875,False
instruct,-6.375,False,-0.4375,False
complex,-6.375,False,-0.0625,False
simple,-6.0,False,-0.125,False
instruct,-6.0,False,-0.375,False
complex,-6.0,False,-0.0625,False
simple,-5.75,False,-0.125,False
instruct,-5.75,False,-0.4375,False
complex,-5.75,False,-0.125,False
simple,-5.4375,False,-0.375,False
instruct,-5.4375,False,-0.5,False
complex,-5.4375,False,-0.125,False
simple,-6.3125,False,0.125,True
instruct,-6.3125,False,-0.125,False
complex,-6.3125,False,-0.25,False
simple,-5.0,False,0.0,False
instruct,-5.0,False,-0.4375,False
complex,-5.0,False,-0.1875,False
simple,-4.4375,False,-0.3125,False
instruct,-4.4375,False,-0.6875,False
complex,-4.4375,False,-0.375,False
simple,-5.5,False,-0.1875,False
instruct,-5.5,False,-0.5,False
complex,-5.5,False,0.0,False
simple,-4.6875,False,0.0625,True
instruct,-4.6875,False,-0.3125,False
complex,-4.6875,False,-0.0625,False
simple,-4.5625,False,0.0,False
instruct,-4.5625,False,-0.3125,False
complex,-4.5625,False,-0.125,False
simple,-5.3125,False,-0.3125,False
instruct,-5.3125,False,-0.6875,False
complex,-5.3125,False,-0.3125,False
simple,-4.8125,False,0.0625,True
instruct,-4.8125,False,-0.25,False
complex,-4.8125,False,-0.1875,False
simple,-5.0,False,-0.0625,False
instruct,-5.0,False,-0.5,False
complex,-5.0,False,-0.1875,False
simple,-6.25,False,-0.1875,False
instruct,-6.25,False,-0.75,False
complex,-6.25,False,-0.1875,False
simple,-5.6875,False,-0.25,False
instruct,-5.6875,False,-0.6875,False
complex,-5.6875,False,-0.0625,False
simple,-5.1875,False,-0.3125,False
instruct,-5.1875,False,-0.4375,False
complex,-5.1875,False,0.0,False
simple,-5.5625,False,-0.5625,False
instruct,-5.5625,False,-0.875,False
complex,-5.5625,False,-0.125,False
simple,-5.4375,False,0.0,False
instruct,-5.4375,False,-0.125,False
complex,-5.4375,False,-0.0625,False
simple,-5.25,False,-0.4375,False
instruct,-5.25,False,-0.5625,False
complex,-5.25,False,-0.1875,False
simple,-5.4375,False,-0.125,False
instruct,-5.4375,False,-0.875,False
complex,-5.4375,False,-0.0625,False
simple,-4.25,False,0.0,False
instruct,-4.25,False,-0.1875,False
complex,-4.25,False,-0.125,False
simple,-5.3125,False,-0.0625,False
instruct,-5.3125,False,-0.3125,False
complex,-5.3125,False,0.0,False
simple,-5.8125,False,0.0,False
instruct,-5.8125,False,-0.125,False
complex,-5.8125,False,0.0,False
simple,-5.5,False,-0.125,False
instruct,-5.5,False,-0.5625,False
complex,-5.5,False,-0.25,False
simple,-5.25,False,-0.5,False
instruct,-5.25,False,-0.875,False
complex,-5.25,False,-0.25,False
simple,-5.125,False,-0.25,False
instruct,-5.125,False,-0.75,False
complex,-5.125,False,-0.1875,False
simple,-4.5,False,-0.0625,False
instruct,-4.5,False,-0.4375,False
complex,-4.5,False,-0.1875,False
simple,-5.3125,False,-0.125,False
instruct,-5.3125,False,-0.625,False
complex,-5.3125,False,-0.125,False
simple,-4.875,False,0.0,False
instruct,-4.875,False,-0.5,False
complex,-4.875,False,-0.1875,False
simple,-5.1875,False,-0.3125,False
instruct,-5.1875,False,-0.6875,False
complex,-5.1875,False,-0.1875,False
simple,-6.0,False,-0.0625,False
instruct,-6.0,False,-0.6875,False
complex,-6.0,False,0.0,False
simple,-4.9375,False,-0.375,False
instruct,-4.9375,False,-0.875,False
complex,-4.9375,False,-0.1875,False
simple,-6.25,False,-0.1875,False
instruct,-6.25,False,-0.5,False
complex,-6.25,False,-0.125,False
simple,-5.25,False,0.0625,True
instruct,-5.25,False,-0.375,False
complex,-5.25,False,-0.1875,False
simple,-5.8125,False,-0.4375,False
instruct,-5.8125,False,-1.0625,False
complex,-5.8125,False,-0.125,False
simple,-5.75,False,0.3125,True
instruct,-5.75,False,0.125,True
complex,-5.75,False,-0.0625,False
simple,-6.625,False,-0.3125,False
instruct,-6.625,False,-0.625,False
complex,-6.625,False,-0.125,False
simple,-4.25,False,0.0625,True
instruct,-4.25,False,-0.5,False
complex,-4.25,False,-0.0625,False
simple,-6.125,False,-0.1875,False
instruct,-6.125,False,-0.9375,False
complex,-6.125,False,-0.0625,False
simple,-5.5,False,0.25,True
instruct,-5.5,False,-0.125,False
complex,-5.5,False,-0.0625,False
simple,-6.3125,False,-0.0625,False
instruct,-6.3125,False,-0.375,False
complex,-6.3125,False,-0.1875,False
simple,-5.125,False,-0.25,False
instruct,-5.125,False,-0.375,False
complex,-5.125,False,-0.1875,False
simple,-6.625,False,-0.0625,False
instruct,-6.625,False,-0.5,False
complex,-6.625,False,0.0,False
simple,-4.875,False,-0.0625,False
instruct,-4.875,False,-0.1875,False
complex,-4.875,False,0.0625,True
simple,-4.875,False,-0.1875,False
instruct,-4.875,False,-0.0625,False
complex,-4.875,False,-0.125,False
simple,-6.75,False,-0.1875,False
instruct,-6.75,False,-0.375,False
complex,-6.75,False,-0.25,False
simple,-5.75,False,-0.1875,False
instruct,-5.75,False,0.0,False
complex,-5.75,False,-0.125,False
simple,-5.9375,False,0.0625,True
instruct,-5.9375,False,-0.1875,False
complex,-5.9375,False,-0.125,False
simple,-5.5,False,-0.3125,False
instruct,-5.5,False,-0.5,False
complex,-5.5,False,-0.125,False
simple,-6.1875,False,-0.25,False
instruct,-6.1875,False,-0.4375,False
complex,-6.1875,False,0.0,False
simple,-7.25,False,-0.125,False
instruct,-7.25,False,-0.5625,False
complex,-7.25,False,-0.25,False
simple,-6.8125,False,-0.375,False
instruct,-6.8125,False,-0.5,False
complex,-6.8125,False,-0.125,False
simple,-7.0625,False,0.125,True
instruct,-7.0625,False,-0.25,False
complex,-7.0625,False,0.0,False
simple,-6.3125,False,-0.375,False
instruct,-6.3125,False,-0.5625,False
complex,-6.3125,False,-0.125,False
simple,-6.125,False,-0.125,False
instruct,-6.125,False,-0.25,False
complex,-6.125,False,-0.125,False
simple,-5.9375,False,-0.25,False
instruct,-5.9375,False,-0.3125,False
complex,-5.9375,False,0.0,False
simple,-6.6875,False,0.125,True
instruct,-6.6875,False,-0.125,False
complex,-6.6875,False,-0.0625,False
simple,-5.9375,False,0.1875,True
instruct,-5.9375,False,-0.4375,False
complex,-5.9375,False,-0.0625,False
simple,-6.0,False,-0.25,False
instruct,-6.0,False,-0.4375,False
complex,-6.0,False,-0.375,False
simple,-6.5,False,-0.125,False
instruct,-6.5,False,-0.4375,False
complex,-6.5,False,0.0,False
simple,-5.75,False,0.125,True
instruct,-5.75,False,-0.1875,False
complex,-5.75,False,-0.1875,False
simple,-5.75,False,-0.0625,False
instruct,-5.75,False,-0.5,False
complex,-5.75,False,-0.125,False
simple,-6.3125,False,-0.25,False
instruct,-6.3125,False,-0.375,False
complex,-6.3125,False,-0.25,False
simple,-6.8125,False,-0.25,False
instruct,-6.8125,False,-0.625,False
complex,-6.8125,False,-0.0625,False
simple,-6.1875,False,-0.3125,False
instruct,-6.1875,False,-0.5,False
complex,-6.1875,False,-0.25,False
simple,-5.4375,False,0.0,False
instruct,-5.4375,False,-0.125,False
complex,-5.4375,False,-0.125,False
simple,-4.8125,False,-0.0625,False
instruct,-4.8125,False,-0.3125,False
complex,-4.8125,False,-0.0625,False
simple,-6.3125,False,-0.125,False
instruct,-6.3125,False,-0.625,False
complex,-6.3125,False,-0.0625,False
simple,-6.0625,False,-0.3125,False
instruct,-6.0625,False,-0.75,False
complex,-6.0625,False,-0.1875,False
simple,-5.8125,False,-0.1875,False
instruct,-5.8125,False,-0.3125,False
complex,-5.8125,False,0.0,False
simple,-6.0625,False,0.125,True
instruct,-6.0625,False,-0.3125,False
complex,-6.0625,False,-0.125,False
simple,-6.25,False,-0.125,False
instruct,-6.25,False,-0.1875,False
complex,-6.25,False,-0.25,False
simple,-6.25,False,-0.125,False
instruct,-6.25,False,-0.3125,False
complex,-6.25,False,-0.125,False
simple,-6.0,False,0.1875,True
instruct,-6.0,False,0.0,False
complex,-6.0,False,-0.25,False
simple,-5.9375,False,0.0625,True
instruct,-5.9375,False,-0.3125,False
complex,-5.9375,False,0.0,False
simple,-6.1875,False,-0.0625,False
instruct,-6.1875,False,-0.375,False
complex,-6.1875,False,0.0625,True
simple,-6.75,False,0.1875,True
instruct,-6.75,False,-0.125,False
complex,-6.75,False,-0.25,False
simple,-6.5,False,-0.125,False
instruct,-6.5,False,-0.375,False
complex,-6.5,False,0.1875,True
simple,-6.4375,False,-0.0625,False
instruct,-6.4375,False,-0.375,False
complex,-6.4375,False,0.0625,True
simple,-6.25,False,0.0625,True
instruct,-6.25,False,-0.125,False
complex,-6.25,False,-0.0625,False
simple,-6.125,False,-0.1875,False
instruct,-6.125,False,-0.375,False
complex,-6.125,False,-0.0625,False
simple,-6.3125,False,-0.125,False
instruct,-6.3125,False,-0.5625,False
complex,-6.3125,False,-0.125,False
simple,-4.875,False,-0.1875,False
instruct,-4.875,False,-0.25,False
complex,-4.875,False,-0.1875,False
simple,-7.0,False,0.125,True
instruct,-7.0,False,-0.25,False
complex,-7.0,False,0.0625,True
simple,-6.0625,False,-0.4375,False
instruct,-6.0625,False,-0.625,False
complex,-6.0625,False,-0.25,False
simple,-6.9375,False,-0.25,False
instruct,-6.9375,False,-0.625,False
complex,-6.9375,False,-0.125,False
simple,-3.875,False,-0.5,False
instruct,-3.875,False,-0.75,False
complex,-3.875,False,0.0,False
simple,-3.875,False,-0.625,False
instruct,-3.875,False,-1.0625,False
complex,-3.875,False,-0.3125,False
simple,-4.25,False,-0.5625,False
instruct,-4.25,False,-1.25,False
complex,-4.25,False,0.0625,True
simple,-3.6875,False,-0.5625,False
instruct,-3.6875,False,-1.125,False
complex,-3.6875,False,-0.3125,False
simple,-4.5625,False,-1.0,False
instruct,-4.5625,False,-1.25,False
complex,-4.5625,False,-0.1875,False
simple,-4.0625,False,-0.25,False
instruct,-4.0625,False,-0.0625,False
complex,-4.0625,False,-0.125,False
simple,-3.9375,False,-0.75,False
instruct,-3.9375,False,-1.0,False
complex,-3.9375,False,-0.1875,False
simple,-4.5,False,-0.625,False
instruct,-4.5,False,-1.25,False
complex,-4.5,False,0.0,False
simple,-3.6875,False,-0.4375,False
instruct,-3.6875,False,-0.9375,False
complex,-3.6875,False,-0.0625,False
simple,-4.375,False,-0.625,False
instruct,-4.375,False,-1.0625,False
complex,-4.375,False,0.0,False
simple,-4.4375,False,-0.4375,False
instruct,-4.4375,False,-0.8125,False
complex,-4.4375,False,-0.125,False
simple,-4.3125,False,-0.5625,False
instruct,-4.3125,False,-1.1875,False
complex,-4.3125,False,-0.1875,False
simple,-4.4375,False,-0.5,False
instruct,-4.4375,False,-0.875,False
complex,-4.4375,False,-0.0625,False
simple,-3.3125,False,-0.375,False
instruct,-3.3125,False,-0.875,False
complex,-3.3125,False,-0.4375,False
simple,-5.125,False,-0.6875,False
instruct,-5.125,False,-1.125,False
complex,-5.125,False,0.0,False
simple,-3.8125,False,-0.9375,False
instruct,-3.8125,False,-1.375,False
complex,-3.8125,False,-0.1875,False
simple,-4.4375,False,-0.625,False
instruct,-4.4375,False,-1.1875,False
complex,-4.4375,False,-0.0625,False
simple,-5.3125,False,-0.625,False
instruct,-5.3125,False,-1.125,False
complex,-5.3125,False,-0.125,False
simple,-3.9375,False,-0.6875,False
instruct,-3.9375,False,-1.0,False
complex,-3.9375,False,-0.25,False
simple,-3.4375,False,-0.625,False
instruct,-3.4375,False,-0.9375,False
complex,-3.4375,False,-0.125,False
simple,-4.0,False,-0.8125,False
instruct,-4.0,False,-1.375,False
complex,-4.0,False,-0.25,False
simple,-4.9375,False,-0.6875,False
instruct,-4.9375,False,-1.125,False
complex,-4.9375,False,-0.1875,False
simple,-4.4375,False,-0.6875,False
instruct,-4.4375,False,-1.3125,False
complex,-4.4375,False,0.0625,True
simple,-4.0625,False,-0.625,False
instruct,-4.0625,False,-1.125,False
complex,-4.0625,False,-0.125,False
simple,-4.75,False,-0.4375,False
instruct,-4.75,False,-0.875,False
complex,-4.75,False,0.125,True
simple,-3.8125,False,-0.4375,False
instruct,-3.8125,False,-1.1875,False
complex,-3.8125,False,-0.125,False
simple,-3.8125,False,-0.75,False
instruct,-3.8125,False,-1.3125,False
complex,-3.8125,False,-0.1875,False
simple,-4.4375,False,-0.625,False
instruct,-4.4375,False,-1.1875,False
complex,-4.4375,False,-0.1875,False
simple,-3.9375,False,-0.625,False
instruct,-3.9375,False,-1.0625,False
complex,-3.9375,False,-0.0625,False
simple,-4.6875,False,-0.625,False
instruct,-4.6875,False,-1.0625,False
complex,-4.6875,False,-0.1875,False
simple,-3.5625,False,-0.875,False
instruct,-3.5625,False,-1.0625,False
complex,-3.5625,False,-0.1875,False
simple,-4.4375,False,-0.8125,False
instruct,-4.4375,False,-1.125,False
complex,-4.4375,False,-0.125,False
simple,-3.6875,False,-0.6875,False
instruct,-3.6875,False,-1.0625,False
complex,-3.6875,False,-0.125,False
simple,-3.75,False,-0.5,False
instruct,-3.75,False,-0.5625,False
complex,-3.75,False,-0.125,False
simple,-3.6875,False,-0.3125,False
instruct,-3.6875,False,-0.6875,False
complex,-3.6875,False,0.0,False
simple,-4.875,False,-0.3125,False
instruct,-4.875,False,-0.5625,False
complex,-4.875,False,-0.25,False
simple,-4.1875,False,-0.5625,False
instruct,-4.1875,False,-0.75,False
complex,-4.1875,False,-0.125,False
simple,-4.25,False,-0.8125,False
instruct,-4.25,False,-1.1875,False
complex,-4.25,False,-0.125,False
simple,-5.625,False,-1.4375,False
instruct,-5.625,False,-1.8125,False
complex,-5.625,False,0.0,False
simple,-4.125,False,-0.6875,False
instruct,-4.125,False,-1.25,False
complex,-4.125,False,-0.3125,False
simple,-4.8125,False,-0.6875,False
instruct,-4.8125,False,-1.1875,False
complex,-4.8125,False,0.0,False
simple,-5.4375,False,-0.75,False
instruct,-5.4375,False,-0.6875,False
complex,-5.4375,False,-0.0625,False
simple,-4.0625,False,-0.6875,False
instruct,-4.0625,False,-0.9375,False
complex,-4.0625,False,-0.0625,False
simple,-4.375,False,-0.9375,False
instruct,-4.375,False,-1.25,False
complex,-4.375,False,-0.0625,False
simple,-5.0625,False,-0.6875,False
instruct,-5.0625,False,-1.25,False
complex,-5.0625,False,-0.25,False
simple,-3.3125,False,-0.5,False
instruct,-3.3125,False,-0.875,False
complex,-3.3125,False,0.125,True
simple,-3.0,False,-0.6875,False
instruct,-3.0,False,-1.0625,False
complex,-3.0,False,-0.125,False
simple,-4.5625,False,-0.6875,False
instruct,-4.5625,False,-0.9375,False
complex,-4.5625,False,-0.125,False
simple,-4.25,False,-0.75,False
instruct,-4.25,False,-1.125,False
complex,-4.25,False,0.0,False
simple,-4.125,False,-0.3125,False
instruct,-4.125,False,-0.9375,False
complex,-4.125,False,0.0,False
simple,-4.375,False,-0.625,False
instruct,-4.375,False,-1.0,False
complex,-4.375,False,0.0,False
simple,-4.0625,False,-0.5625,False
instruct,-4.0625,False,-0.875,False
complex,-4.0625,False,0.0,False
simple,-4.375,False,-0.5,False
instruct,-4.375,False,-0.8125,False
complex,-4.375,False,-0.0625,False
simple,-4.4375,False,-0.6875,False
instruct,-4.4375,False,-1.3125,False
complex,-4.4375,False,0.0,False
simple,-5.25,False,-0.625,False
instruct,-5.25,False,-1.0,False
complex,-5.25,False,-0.0625,False
simple,-6.375,False,-0.5,False
instruct,-6.375,False,-0.9375,False
complex,-6.375,False,-0.25,False
simple,-4.1875,False,-0.8125,False
instruct,-4.1875,False,-1.1875,False
complex,-4.1875,False,-0.0625,False
simple,-4.6875,False,-0.8125,False
instruct,-4.6875,False,-1.25,False
complex,-4.6875,False,-0.1875,False
simple,-4.0,False,-0.75,False
instruct,-4.0,False,-0.875,False
complex,-4.0,False,0.0,False
simple,-3.5625,False,-0.8125,False
instruct,-3.5625,False,-1.125,False
complex,-3.5625,False,0.0,False
simple,-4.0,False,-0.5625,False
instruct,-4.0,False,-1.25,False
complex,-4.0,False,-0.125,False
simple,-4.6875,False,-0.5625,False
instruct,-4.6875,False,-1.0625,False
complex,-4.6875,False,-0.0625,False
simple,-3.625,False,-0.625,False
instruct,-3.625,False,-0.875,False
complex,-3.625,False,-0.25,False
simple,-3.5,False,-0.6875,False
instruct,-3.5,False,-1.0625,False
complex,-3.5,False,0.0625,True
simple,-4.4375,False,-0.5625,False
instruct,-4.4375,False,-1.125,False
complex,-4.4375,False,-0.1875,False
simple,-4.3125,False,-0.625,False
instruct,-4.3125,False,-1.0625,False
complex,-4.3125,False,-0.0625,False
simple,-4.5625,False,-0.75,False
instruct,-4.5625,False,-1.125,False
complex,-4.5625,False,-0.1875,False
simple,-3.1875,False,-0.5625,False
instruct,-3.1875,False,-1.125,False
complex,-3.1875,False,0.125,True
simple,-4.125,False,-0.75,False
instruct,-4.125,False,-1.0,False
complex,-4.125,False,-0.0625,False
simple,-3.75,False,-0.625,False
instruct,-3.75,False,-1.0625,False
complex,-3.75,False,-0.125,False
simple,-3.75,False,-0.5,False
instruct,-3.75,False,-0.75,False
complex,-3.75,False,-0.1875,False
simple,-4.0,False,-0.5625,False
instruct,-4.0,False,-1.1875,False
complex,-4.0,False,-0.0625,False
simple,-4.25,False,-0.625,False
instruct,-4.25,False,-1.1875,False
complex,-4.25,False,-0.0625,False
simple,-4.125,False,-0.4375,False
instruct,-4.125,False,-0.875,False
complex,-4.125,False,-0.0625,False
simple,-3.8125,False,-0.8125,False
instruct,-3.8125,False,-0.9375,False
complex,-3.8125,False,-0.0625,False
simple,-4.625,False,-0.625,False
instruct,-4.625,False,-1.0,False
complex,-4.625,False,-0.125,False
simple,-4.75,False,-0.9375,False
instruct,-4.75,False,-1.0625,False
complex,-4.75,False,0.0,False
simple,-4.625,False,-0.375,False
instruct,-4.625,False,-0.75,False
complex,-4.625,False,-0.375,False
simple,-4.5,False,-0.5625,False
instruct,-4.5,False,-1.125,False
complex,-4.5,False,-0.125,False
simple,-4.5,False,-0.9375,False
instruct,-4.5,False,-1.375,False
complex,-4.5,False,-0.0625,False
simple,-3.5625,False,-0.6875,False
instruct,-3.5625,False,-1.25,False
complex,-3.5625,False,-0.125,False
simple,-4.5625,False,-0.6875,False
instruct,-4.5625,False,-1.0625,False
complex,-4.5625,False,-0.3125,False
simple,-5.0625,False,-0.625,False
instruct,-5.0625,False,-1.0,False
complex,-5.0625,False,-0.3125,False
simple,-4.3125,False,-0.6875,False
instruct,-4.3125,False,-1.125,False
complex,-4.3125,False,-0.1875,False
simple,-4.1875,False,-0.8125,False
instruct,-4.1875,False,-1.4375,False
complex,-4.1875,False,-0.0625,False
simple,-3.5625,False,-0.5625,False
instruct,-3.5625,False,-1.125,False
complex,-3.5625,False,-0.25,False
simple,-3.3125,False,-0.5,False
instruct,-3.3125,False,-0.375,False
complex,-3.3125,False,-0.0625,False
simple,-4.4375,False,-0.625,False
instruct,-4.4375,False,-0.9375,False
complex,-4.4375,False,-0.125,False
simple,-3.3125,False,-0.6875,False
instruct,-3.3125,False,-0.6875,False
complex,-3.3125,False,-0.375,False
simple,-4.125,False,-0.5,False
instruct,-4.125,False,-0.6875,False
complex,-4.125,False,-0.375,False
simple,-3.9375,False,-0.25,False
instruct,-3.9375,False,-0.5,False
complex,-3.9375,False,-0.4375,False
simple,-4.375,False,-0.75,False
instruct,-4.375,False,-1.0625,False
complex,-4.375,False,-0.4375,False
simple,-5.0625,False,-0.5,False
instruct,-5.0625,False,-0.4375,False
complex,-5.0625,False,-0.25,False
simple,-16.4375,False,-0.5625,False
instruct,-16.4375,False,-0.875,False
complex,-16.4375,False,0.0625,True
simple,-5.6875,False,-0.5625,False
instruct,-5.6875,False,-0.5625,False
complex,-5.6875,False,-0.25,False
simple,-5.6875,False,-0.625,False
instruct,-5.6875,False,-0.6875,False
complex,-5.6875,False,-0.1875,False
simple,-5.1875,False,-0.6875,False
instruct,-5.1875,False,-1.0625,False
complex,-5.1875,False,-0.375,False
simple,-4.5,False,-0.4375,False
instruct,-4.5,False,-1.0,False
complex,-4.5,False,-0.375,False
simple,-6.1875,False,-0.625,False
instruct,-6.1875,False,-0.875,False
complex,-6.1875,False,-0.1875,False
simple,-5.625,False,-0.6875,False
instruct,-5.625,False,-0.875,False
complex,-5.625,False,-0.3125,False
simple,-4.4375,False,-0.875,False
instruct,-4.4375,False,-0.875,False
complex,-4.4375,False,0.125,True
simple,-6.1875,False,0.0625,True
instruct,-6.1875,False,0.0,False
complex,-6.1875,False,-0.125,False
simple,-6.0625,False,-0.375,False
instruct,-6.0625,False,-0.75,False
complex,-6.0625,False,-0.1875,False
simple,-6.625,False,-0.4375,False
instruct,-6.625,False,-0.625,False
complex,-6.625,False,-0.125,False
simple,-5.1875,False,-0.6875,False
instruct,-5.1875,False,-1.0,False
complex,-5.1875,False,-0.0625,False
simple,-6.4375,False,-0.125,False
instruct,-6.4375,False,-0.1875,False
complex,-6.4375,False,0.0,False
simple,-6.9375,False,-0.4375,False
instruct,-6.9375,False,-0.4375,False
complex,-6.9375,False,-0.0625,False
simple,-5.5,False,-0.5625,False
instruct,-5.5,False,-0.875,False
complex,-5.5,False,-0.3125,False
simple,-6.375,False,-0.6875,False
instruct,-6.375,False,-0.6875,False
complex,-6.375,False,-0.0625,False
simple,-4.75,False,-0.4375,False
instruct,-4.75,False,-0.5625,False
complex,-4.75,False,-0.0625,False
simple,-6.375,False,-0.5,False
instruct,-6.375,False,-0.625,False
complex,-6.375,False,-0.125,False
simple,-5.5625,False,-0.75,False
instruct,-5.5625,False,-0.9375,False
complex,-5.5625,False,0.0,False
simple,-6.25,False,-0.8125,False
instruct,-6.25,False,-0.9375,False
complex,-6.25,False,-0.125,False
simple,-6.4375,False,-0.6875,False
instruct,-6.4375,False,-1.0,False
complex,-6.4375,False,-0.1875,False
simple,-6.3125,False,-0.6875,False
instruct,-6.3125,False,-0.75,False
complex,-6.3125,False,-0.1875,False
simple,-6.125,False,-0.5,False
instruct,-6.125,False,-0.5625,False
complex,-6.125,False,0.0625,True
simple,-6.6875,False,-1.0,False
instruct,-6.6875,False,-0.875,False
complex,-6.6875,False,-0.1875,False
simple,-6.0,False,-0.4375,False
instruct,-6.0,False,-0.625,False
complex,-6.0,False,-0.0625,False
simple,-5.75,False,-0.625,False
instruct,-5.75,False,-1.0,False
complex,-5.75,False,-0.125,False
simple,-6.4375,False,-0.375,False
instruct,-6.4375,False,-0.625,False
complex,-6.4375,False,0.0,False
simple,-6.75,False,-0.9375,False
instruct,-6.75,False,-0.9375,False
complex,-6.75,False,-0.0625,False
simple,-6.34375,False,-1.125,False
instruct,-6.34375,False,-1.4375,False
complex,-6.34375,False,-0.1875,False
simple,-6.5625,False,-1.0,False
instruct,-6.5625,False,-1.4375,False
complex,-6.5625,False,-0.125,False
simple,-6.5,False,-0.6875,False
instruct,-6.5,False,-0.4375,False
complex,-6.5,False,-0.0625,False
simple,-7.75,False,-0.375,False
instruct,-7.75,False,-0.625,False
complex,-7.75,False,-0.1875,False
simple,-6.375,False,-0.125,False
instruct,-6.375,False,-0.3125,False
complex,-6.375,False,-0.125,False
simple,-6.0625,False,-0.875,False
instruct,-6.0625,False,-1.0625,False
complex,-6.0625,False,0.0,False
simple,-8.4375,False,-0.375,False
instruct,-8.4375,False,-0.4375,False
complex,-8.4375,False,-0.3125,False
simple,-6.875,False,-0.4375,False
instruct,-6.875,False,-0.8125,False
complex,-6.875,False,-0.0625,False
simple,-5.75,False,-0.5,False
instruct,-5.75,False,-0.6875,False
complex,-5.75,False,-0.0625,False
simple,-6.3125,False,-0.875,False
instruct,-6.3125,False,-1.125,False
complex,-6.3125,False,-0.1875,False
simple,-5.75,False,-0.8125,False
instruct,-5.75,False,-1.0625,False
complex,-5.75,False,-0.1875,False
simple,-5.5625,False,-0.9375,False
instruct,-5.5625,False,-1.0,False
complex,-5.5625,False,0.1875,True
simple,-5.875,False,-0.5625,False
instruct,-5.875,False,-0.75,False
complex,-5.875,False,-0.0625,False
simple,-5.0,False,-0.75,False
instruct,-5.0,False,-0.6875,False
complex,-5.0,False,0.0,False
simple,-6.875,False,-0.6875,False
instruct,-6.875,False,-0.6875,False
complex,-6.875,False,-0.3125,False
simple,-6.625,False,-0.75,False
instruct,-6.625,False,-0.625,False
complex,-6.625,False,0.0625,True
simple,-6.25,False,-0.625,False
instruct,-6.25,False,-0.5,False
complex,-6.25,False,-0.125,False
simple,-7.6875,False,-0.1875,False
instruct,-7.6875,False,-0.1875,False
complex,-7.6875,False,-0.0625,False
simple,-7.0625,False,-0.0625,False
instruct,-7.0625,False,-0.5,False
complex,-7.0625,False,0.0,False
simple,-6.1875,False,-0.1875,False
instruct,-6.1875,False,-0.3125,False
complex,-6.1875,False,0.0,False
simple,-7.1875,False,-0.4375,False
instruct,-7.1875,False,-0.5,False
complex,-7.1875,False,-0.0625,False
simple,-5.9375,False,-0.5,False
instruct,-5.9375,False,-0.6875,False
complex,-5.9375,False,-0.125,False
simple,-7.5625,False,-0.6875,False
instruct,-7.5625,False,-1.0,False
complex,-7.5625,False,-0.125,False
simple,-8.375,False,-0.625,False
instruct,-8.375,False,-1.0,False
complex,-8.375,False,-0.1875,False
simple,-7.625,False,-0.6875,False
instruct,-7.625,False,-0.875,False
complex,-7.625,False,-0.375,False
simple,-6.8125,False,-0.8125,False
instruct,-6.8125,False,-0.75,False
complex,-6.8125,False,-0.0625,False
simple,-6.1875,False,-1.25,False
instruct,-6.1875,False,-2.0,False
complex,-6.1875,False,-0.3125,False
simple,-6.625,False,-0.625,False
instruct,-6.625,False,-0.875,False
complex,-6.625,False,-0.3125,False
simple,-5.125,False,-0.75,False
instruct,-5.125,False,-0.5625,False
complex,-5.125,False,-0.1875,False
simple,-4.875,False,-1.0625,False
instruct,-4.875,False,-0.9375,False
complex,-4.875,False,0.0625,True
simple,-8.1875,False,-0.9375,False
instruct,-8.1875,False,-0.9375,False
complex,-8.1875,False,0.0625,True
simple,-6.1875,False,-0.6875,False
instruct,-6.1875,False,-0.5625,False
complex,-6.1875,False,-0.375,False
simple,-7.0625,False,-0.4375,False
instruct,-7.0625,False,-0.6875,False
complex,-7.0625,False,-0.125,False
simple,-6.625,False,-0.4375,False
instruct,-6.625,False,-0.9375,False
complex,-6.625,False,-0.25,False
simple,-6.1875,False,-0.875,False
instruct,-6.1875,False,-1.5625,False
complex,-6.1875,False,-0.0625,False
simple,-5.0625,False,-0.625,False
instruct,-5.0625,False,-0.875,False
complex,-5.0625,False,-0.25,False
simple,-5.125,False,-0.875,False
instruct,-5.125,False,-0.9375,False
complex,-5.125,False,0.0,False
simple,-6.5625,False,-0.5,False
instruct,-6.5625,False,-0.125,False
complex,-6.5625,False,-0.1875,False
simple,-6.625,False,-0.625,False
instruct,-6.625,False,-1.0625,False
complex,-6.625,False,-0.25,False
simple,-8.625,False,-0.4375,False
instruct,-8.625,False,-0.5,False
complex,-8.625,False,-0.3125,False
simple,-7.3125,False,-0.25,False
instruct,-7.3125,False,-0.25,False
complex,-7.3125,False,-0.25,False
simple,-5.1875,False,-0.75,False
instruct,-5.1875,False,-0.875,False
complex,-5.1875,False,-0.125,False
simple,-9.5,False,-0.625,False
instruct,-9.5,False,-0.9375,False
complex,-9.5,False,-0.125,False
simple,-5.9375,False,-1.25,False
instruct,-5.9375,False,-1.6875,False
complex,-5.9375,False,-0.1875,False
simple,-5.9375,False,-1.0,False
instruct,-5.9375,False,-1.4375,False
complex,-5.9375,False,-0.25,False
simple,-6.625,False,-0.9375,False
instruct,-6.625,False,-1.8125,False
complex,-6.625,False,-0.0625,False
simple,-5.9375,False,-0.6875,False
instruct,-5.9375,False,-1.125,False
complex,-5.9375,False,-0.0625,False
simple,-6.4375,False,-0.375,False
instruct,-6.4375,False,-0.4375,False
complex,-6.4375,False,-0.0625,False
simple,-6.1875,False,-0.625,False
instruct,-6.1875,False,-0.875,False
complex,-6.1875,False,-0.25,False
simple,-6.6875,False,-1.5,False
instruct,-6.6875,False,-1.6875,False
complex,-6.6875,False,0.0,False
simple,-6.5,False,-0.9375,False
instruct,-6.5,False,-1.5,False
complex,-6.5,False,-0.125,False
simple,-5.5625,False,-0.5625,False
instruct,-5.5625,False,-0.75,False
complex,-5.5625,False,-0.3125,False
simple,-6.0625,False,-0.125,False
instruct,-6.0625,False,-0.3125,False
complex,-6.0625,False,-0.25,False
simple,-5.6875,False,-0.6875,False
instruct,-5.6875,False,-0.8125,False
complex,-5.6875,False,-0.125,False
simple,-6.125,False,-0.8125,False
instruct,-6.125,False,-1.3125,False
complex,-6.125,False,-0.25,False
simple,-6.375,False,-1.0,False
instruct,-6.375,False,-1.1875,False
complex,-6.375,False,0.0,False
simple,-8.03125,False,-0.25,False
instruct,-8.03125,False,-0.25,False
complex,-8.03125,False,-0.25,False
simple,-7.75,False,-0.4375,False
instruct,-7.75,False,-0.5,False
complex,-7.75,False,-0.125,False
simple,-6.25,False,-0.3125,False
instruct,-6.25,False,-0.375,False
complex,-6.25,False,-0.25,False
simple,-7.25,False,-0.5625,False
instruct,-7.25,False,-0.25,False
complex,-7.25,False,-0.25,False
simple,-9.1875,False,-0.5625,False
instruct,-9.1875,False,-0.75,False
complex,-9.1875,False,-0.375,False
simple,-7.875,False,-0.75,False
instruct,-7.875,False,-0.5625,False
complex,-7.875,False,-0.125,False
simple,-5.5625,False,-0.5625,False
instruct,-5.5625,False,-0.75,False
complex,-5.5625,False,-0.1875,False
simple,-6.625,False,-0.8125,False
instruct,-6.625,False,-1.0625,False
complex,-6.625,False,0.0625,True
simple,-6.0625,False,-1.0,False
instruct,-6.0625,False,-1.5,False
complex,-6.0625,False,-0.25,False
simple,-5.625,False,-0.625,False
instruct,-5.625,False,-0.9375,False
complex,-5.625,False,-0.1875,False
simple,-6.1875,False,-0.75,False
instruct,-6.1875,False,-0.75,False
complex,-6.1875,False,-0.1875,False
simple,-6.625,False,-0.75,False
instruct,-6.625,False,-1.3125,False
complex,-6.625,False,-0.1875,False
simple,-7.1875,False,-1.1875,False
instruct,-7.1875,False,-1.375,False
complex,-7.1875,False,-0.125,False
simple,-19.5625,False,-0.9375,False
instruct,-19.5625,False,-1.1875,False
complex,-19.5625,False,-0.1875,False
simple,-7.25,False,-0.625,False
instruct,-7.25,False,-1.125,False
complex,-7.25,False,-0.25,False
simple,-6.0625,False,-1.0625,False
instruct,-6.0625,False,-1.4375,False
complex,-6.0625,False,-0.0625,False
simple,-7.8125,False,-0.125,False
instruct,-7.8125,False,-0.625,False
complex,-7.8125,False,-0.25,False
simple,-7.4375,False,-0.375,False
instruct,-7.4375,False,-0.5,False
complex,-7.4375,False,-0.1875,False
simple,-6.375,False,-0.375,False
instruct,-6.375,False,-0.5,False
complex,-6.375,False,-0.25,False
simple,-8.125,False,-0.5625,False
instruct,-8.125,False,-0.6875,False
complex,-8.125,False,-0.1875,False
simple,-6.875,False,-0.5,False
instruct,-6.875,False,-0.75,False
complex,-6.875,False,-0.25,False
simple,-8.25,False,-0.3125,False
instruct,-8.25,False,-0.3125,False
complex,-8.25,False,-0.125,False
simple,-6.5625,False,-0.75,False
instruct,-6.5625,False,-0.625,False
complex,-6.5625,False,-0.125,False
simple,-2.6875,False,-0.125,False
instruct,-2.6875,False,0.0,False
complex,-2.6875,False,-0.1875,False
simple,-0.25,False,-0.1875,False
instruct,-0.25,False,-0.25,False
complex,-0.25,False,0.0625,True
simple,-1.5,False,-0.25,False
instruct,-1.5,False,-0.5,False
complex,-1.5,False,0.25,True
simple,1.1875,True,-0.4375,False
instruct,1.1875,True,-0.3125,False
complex,1.1875,True,0.0,False
simple,-0.625,False,-0.625,False
instruct,-0.625,False,-0.6875,False
complex,-0.625,False,-0.125,False
simple,-4.3125,False,-0.5625,False
instruct,-4.3125,False,-1.1875,False
complex,-4.3125,False,-0.0625,False
simple,-1.5625,False,-0.3125,False
instruct,-1.5625,False,0.0625,True
complex,-1.5625,False,0.125,True
simple,-1.875,False,-0.5,False
instruct,-1.875,False,-0.625,False
complex,-1.875,False,-0.0625,False
simple,-0.5,False,-0.4375,False
instruct,-0.5,False,-0.6875,False
complex,-0.5,False,0.0,False
simple,-2.375,False,0.25,True
instruct,-2.375,False,0.375,True
complex,-2.375,False,-0.25,False
simple,-2.3125,False,0.25,True
instruct,-2.3125,False,0.4375,True
complex,-2.3125,False,-0.125,False
simple,0.125,True,-0.125,False
instruct,0.125,True,0.0625,True
complex,0.125,True,0.0,False
simple,-0.9375,False,-0.3125,False
instruct,-0.9375,False,-0.875,False
complex,-0.9375,False,-0.1875,False
simple,-2.375,False,-0.5625,False
instruct,-2.375,False,-1.0,False
complex,-2.375,False,-0.0625,False
simple,-0.75,False,-0.3125,False
instruct,-0.75,False,-0.1875,False
complex,-0.75,False,0.0625,True
simple,-2.625,False,0.125,True
instruct,-2.625,False,0.375,True
complex,-2.625,False,0.0625,True
simple,-1.375,False,-0.3125,False
instruct,-1.375,False,-0.4375,False
complex,-1.375,False,0.0,False
simple,-2.75,False,-0.4375,False
instruct,-2.75,False,-0.9375,False
complex,-2.75,False,-0.4375,False
simple,-0.25,False,-0.4375,False
instruct,-0.25,False,-0.25,False
complex,-0.25,False,-0.1875,False
simple,-2.0,False,-0.25,False
instruct,-2.0,False,-0.125,False
complex,-2.0,False,0.0,False
simple,-0.8125,False,-0.5,False
instruct,-0.8125,False,-0.625,False
complex,-0.8125,False,-0.125,False
simple,0.375,True,-0.0625,False
instruct,0.375,True,-0.25,False
complex,0.375,True,-0.0625,False
simple,-3.0,False,-0.3125,False
instruct,-3.0,False,-0.3125,False
complex,-3.0,False,-0.125,False
simple,-1.75,False,-0.3125,False
instruct,-1.75,False,-0.8125,False
complex,-1.75,False,-0.1875,False
simple,-1.75,False,0.375,True
instruct,-1.75,False,0.6875,True
complex,-1.75,False,-0.0625,False
simple,-3.375,False,-0.1875,False
instruct,-3.375,False,-0.0625,False
complex,-3.375,False,-0.1875,False
simple,-3.375,False,-0.3125,False
instruct,-3.375,False,-0.3125,False
complex,-3.375,False,-0.125,False
simple,-0.375,False,-0.625,False
instruct,-0.375,False,-0.75,False
complex,-0.375,False,-0.0625,False
simple,-2.0,False,-0.4375,False
instruct,-2.0,False,-0.875,False
complex,-2.0,False,0.125,True
simple,-3.125,False,0.375,True
instruct,-3.125,False,0.4375,True
complex,-3.125,False,0.0,False
simple,-4.0,False,0.25,True
instruct,-4.0,False,0.1875,True
complex,-4.0,False,0.0,False
simple,-1.25,False,-0.25,False
instruct,-1.25,False,-0.125,False
complex,-1.25,False,-0.0625,False
simple,-2.375,False,-0.875,False
instruct,-2.375,False,-0.9375,False
complex,-2.375,False,-0.1875,False
simple,-3.125,False,0.0,False
instruct,-3.125,False,-0.1875,False
complex,-3.125,False,0.0625,True
simple,-2.5,False,-0.125,False
instruct,-2.5,False,-0.375,False
complex,-2.5,False,0.0,False
simple,-2.625,False,-0.4375,False
instruct,-2.625,False,-0.9375,False
complex,-2.625,False,0.0,False
simple,-1.0,False,-0.375,False
instruct,-1.0,False,-0.375,False
complex,-1.0,False,-0.0625,False
simple,-0.8125,False,-0.875,False
instruct,-0.8125,False,-1.375,False
complex,-0.8125,False,-0.0625,False
simple,-0.1875,False,-0.4375,False
instruct,-0.1875,False,-0.6875,False
complex,-0.1875,False,-0.0625,False
simple,-1.0,False,-0.0625,False
instruct,-1.0,False,0.3125,True
complex,-1.0,False,-0.0625,False
simple,-3.25,False,0.3125,True
instruct,-3.25,False,0.5625,True
complex,-3.25,False,0.1875,True
simple,-3.0,False,-0.0625,False
instruct,-3.0,False,0.375,True
complex,-3.0,False,0.0625,True
simple,-0.6875,False,-0.3125,False
instruct,-0.6875,False,-0.375,False
complex,-0.6875,False,-0.25,False
simple,0.0,False,-0.5,False
instruct,0.0,False,-0.375,False
complex,0.0,False,-0.0625,False
simple,-1.875,False,-0.75,False
instruct,-1.875,False,-0.4375,False
complex,-1.875,False,-0.125,False
simple,-0.9375,False,-0.5,False
instruct,-0.9375,False,-0.5625,False
complex,-0.9375,False,0.0,False
simple,-2.9375,False,0.0,False
instruct,-2.9375,False,0.0,False
complex,-2.9375,False,-0.0625,False
simple,-1.125,False,-0.375,False
instruct,-1.125,False,-0.4375,False
complex,-1.125,False,-0.25,False
simple,-0.875,False,-0.8125,False
instruct,-0.875,False,-1.0625,False
complex,-0.875,False,0.0625,True
simple,-2.0,False,-0.1875,False
instruct,-2.0,False,-0.4375,False
complex,-2.0,False,-0.125,False
simple,-3.375,False,-0.125,False
instruct,-3.375,False,0.0625,True
complex,-3.375,False,-0.1875,False
simple,-0.8125,False,0.0,False
instruct,-0.8125,False,-0.125,False
complex,-0.8125,False,0.0,False
simple,-0.5,False,-0.25,False
instruct,-0.5,False,-0.3125,False
complex,-0.5,False,-0.125,False
simple,-2.0,False,-0.5,False
instruct,-2.0,False,-1.0,False
complex,-2.0,False,0.125,True
simple,-1.8125,False,-0.4375,False
instruct,-1.8125,False,-0.3125,False
complex,-1.8125,False,-0.0625,False
simple,0.25,True,-0.625,False
instruct,0.25,True,-0.8125,False
complex,0.25,True,-0.0625,False
simple,-2.375,False,-0.125,False
instruct,-2.375,False,0.0,False
complex,-2.375,False,0.0625,True
simple,-5.25,False,-0.0625,False
instruct,-5.25,False,-0.125,False
complex,-5.25,False,-0.125,False
simple,-0.375,False,-0.4375,False
instruct,-0.375,False,-0.25,False
complex,-0.375,False,0.0625,True
simple,-3.125,False,-0.6875,False
instruct,-3.125,False,-1.25,False
complex,-3.125,False,0.125,True
simple,-0.3125,False,-0.5,False
instruct,-0.3125,False,-0.5625,False
complex,-0.3125,False,0.0625,True
simple,-13.375,False,-0.5625,False
instruct,-13.375,False,-1.1875,False
complex,-13.375,False,-0.5,False
simple,-2.625,False,-0.25,False
instruct,-2.625,False,-0.8125,False
complex,-2.625,False,-0.25,False
simple,-2.5,False,-0.25,False
instruct,-2.5,False,-0.8125,False
complex,-2.5,False,-0.25,False
simple,-1.875,False,-0.5,False
instruct,-1.875,False,-0.75,False
complex,-1.875,False,0.0,False
simple,-2.125,False,0.0,False
instruct,-2.125,False,-0.1875,False
complex,-2.125,False,-0.1875,False
simple,-1.8125,False,-0.5625,False
instruct,-1.8125,False,-0.8125,False
complex,-1.8125,False,0.0,False
simple,-4.125,False,-0.3125,False
instruct,-4.125,False,-0.3125,False
complex,-4.125,False,-0.1875,False
simple,-4.375,False,0.4375,True
instruct,-4.375,False,0.75,True
complex,-4.375,False,0.0,False
simple,0.25,True,-0.3125,False
instruct,0.25,True,-0.4375,False
complex,0.25,True,0.0,False
simple,-2.75,False,-0.5625,False
instruct,-2.75,False,-0.75,False
complex,-2.75,False,-0.125,False
simple,1.6875,True,-0.25,False
instruct,1.6875,True,-0.25,False
complex,1.6875,True,0.125,True
simple,0.625,True,-0.4375,False
instruct,0.625,True,-0.25,False
complex,0.625,True,-0.0625,False
simple,-4.0,False,-0.5625,False
instruct,-4.0,False,-0.6875,False
complex,-4.0,False,-0.125,False
simple,-1.875,False,-0.1875,False
instruct,-1.875,False,0.125,True
complex,-1.875,False,-0.0625,False
simple,-1.25,False,0.125,True
instruct,-1.25,False,-0.4375,False
complex,-1.25,False,0.0,False
simple,-2.375,False,-0.5625,False
instruct,-2.375,False,-0.25,False
complex,-2.375,False,-0.125,False
simple,-0.875,False,-0.4375,False
instruct,-0.875,False,-0.3125,False
complex,-0.875,False,0.0,False
simple,-1.6875,False,-0.3125,False
instruct,-1.6875,False,-0.4375,False
complex,-1.6875,False,0.0625,True
simple,-2.875,False,-0.5,False
instruct,-2.875,False,-0.5625,False
complex,-2.875,False,-0.0625,False
simple,-2.5625,False,-0.0625,False
instruct,-2.5625,False,-0.125,False
complex,-2.5625,False,-0.0625,False
simple,0.375,True,-0.0625,False
instruct,0.375,True,-0.0625,False
complex,0.375,True,-0.125,False
simple,-2.0,False,0.0625,True
instruct,-2.0,False,0.125,True
complex,-2.0,False,-0.0625,False
simple,-3.25,False,-0.9375,False
instruct,-3.25,False,-1.3125,False
complex,-3.25,False,0.0625,True
simple,-1.625,False,-0.4375,False
instruct,-1.625,False,-0.6875,False
complex,-1.625,False,0.1875,True
simple,-1.75,False,-0.8125,False
instruct,-1.75,False,-1.125,False
complex,-1.75,False,0.0,False
simple,-2.375,False,-0.25,False
instruct,-2.375,False,-0.1875,False
complex,-2.375,False,0.125,True
simple,-16.375,False,-0.5,False
instruct,-16.375,False,-0.4375,False
complex,-16.375,False,-0.1875,False
simple,-2.375,False,-0.25,False
instruct,-2.375,False,-0.1875,False
complex,-2.375,False,0.0,False
simple,-2.8125,False,-0.5,False
instruct,-2.8125,False,-0.5625,False
complex,-2.8125,False,-0.0625,False
simple,-1.75,False,-0.0625,False
instruct,-1.75,False,0.125,True
complex,-1.75,False,-0.0625,False
simple,-0.5,False,-0.25,False
instruct,-0.5,False,-0.3125,False
complex,-0.5,False,-0.1875,False
simple,0.8125,True,-0.25,False
instruct,0.8125,True,-0.5,False
complex,0.8125,True,0.0625,True
simple,-15.375,False,-0.375,False
instruct,-15.375,False,-0.5625,False
complex,-15.375,False,-0.1875,False
simple,-3.5,False,-0.25,False
instruct,-3.5,False,-0.4375,False
complex,-3.5,False,-0.25,False
simple,-1.25,False,-0.5,False
instruct,-1.25,False,-0.75,False
complex,-1.25,False,-0.0625,False
simple,-1.75,False,-0.4375,False
instruct,-1.75,False,-0.625,False
complex,-1.75,False,0.0,False
simple,-1.375,False,-0.25,False
instruct,-1.375,False,-0.0625,False
complex,-1.375,False,-0.125,False
simple,-2.625,False,-0.8125,False
instruct,-2.625,False,-1.0625,False
complex,-2.625,False,-0.0625,False
simple,-2.5,False,-0.125,False
instruct,-2.5,False,0.25,True
complex,-2.5,False,0.125,True
simple,-8.0,False,-1.0,False
instruct,-8.0,False,-2.25,False
complex,-8.0,False,-0.375,False
simple,-5.375,False,-1.625,False
instruct,-5.375,False,-1.8125,False
complex,-5.375,False,-0.375,False
simple,-8.1875,False,-1.25,False
instruct,-8.1875,False,-2.125,False
complex,-8.1875,False,-0.3125,False
simple,-6.75,False,-1.5,False
instruct,-6.75,False,-2.125,False
complex,-6.75,False,-0.4375,False
simple,-5.6875,False,-1.1875,False
instruct,-5.6875,False,-2.25,False
complex,-5.6875,False,-0.3125,False
simple,-4.8125,False,-1.25,False
instruct,-4.8125,False,-1.125,False
complex,-4.8125,False,-0.5625,False
simple,-3.375,False,-1.0625,False
instruct,-3.375,False,-1.75,False
complex,-3.375,False,-0.375,False
simple,-6.5,False,-1.0625,False
instruct,-6.5,False,-1.9375,False
complex,-6.5,False,-0.25,False
simple,-5.625,False,-1.3125,False
instruct,-5.625,False,-1.6875,False
complex,-5.625,False,-0.3125,False
simple,-6.625,False,-0.8125,False
instruct,-6.625,False,-1.6875,False
complex,-6.625,False,-0.5,False
simple,-4.25,False,-1.1875,False
instruct,-4.25,False,-1.9375,False
complex,-4.25,False,-0.375,False
simple,-4.3125,False,-0.9375,False
instruct,-4.3125,False,-1.75,False
complex,-4.3125,False,-0.25,False
simple,-5.625,False,-1.0,False
instruct,-5.625,False,-2.0625,False
complex,-5.625,False,-0.4375,False
simple,-7.3125,False,-0.9375,False
instruct,-7.3125,False,-1.75,False
complex,-7.3125,False,-0.4375,False
simple,-7.875,False,-1.25,False
instruct,-7.875,False,-2.0,False
complex,-7.875,False,-0.5625,False
simple,-4.8125,False,-1.3125,False
instruct,-4.8125,False,-2.1875,False
complex,-4.8125,False,-0.75,False
simple,-5.25,False,-1.125,False
instruct,-5.25,False,-1.875,False
complex,-5.25,False,-0.4375,False
simple,-8.8125,False,-1.1875,False
instruct,-8.8125,False,-1.9375,False
complex,-8.8125,False,-0.3125,False
simple,-5.5625,False,-1.375,False
instruct,-5.5625,False,-1.75,False
complex,-5.5625,False,-0.4375,False
simple,-5.125,False,-1.0625,False
instruct,-5.125,False,-1.75,False
complex,-5.125,False,-0.4375,False
simple,-6.3125,False,-1.0,False
instruct,-6.3125,False,-2.0625,False
complex,-6.3125,False,-0.375,False
simple,-5.625,False,-1.125,False
instruct,-5.625,False,-2.3125,False
complex,-5.625,False,-0.5625,False
simple,-6.0625,False,-0.8125,False
instruct,-6.0625,False,-1.125,False
complex,-6.0625,False,-0.375,False
simple,-5.5,False,-1.5,False
instruct,-5.5,False,-1.875,False
complex,-5.5,False,-0.4375,False
simple,-4.8125,False,-1.625,False
instruct,-4.8125,False,-1.9375,False
complex,-4.8125,False,-0.4375,False
simple,-6.8125,False,-1.1875,False
instruct,-6.8125,False,-2.0625,False
complex,-6.8125,False,-0.5625,False
simple,-7.625,False,-0.75,False
instruct,-7.625,False,-0.8125,False
complex,-7.625,False,-0.1875,False
simple,-6.25,False,-0.9375,False
instruct,-6.25,False,-1.5,False
complex,-6.25,False,-0.125,False
simple,-5.75,False,-1.5,False
instruct,-5.75,False,-2.125,False
complex,-5.75,False,-0.625,False
simple,-3.875,False,-0.75,False
instruct,-3.875,False,-1.1875,False
complex,-3.875,False,-0.4375,False
simple,-8.0625,False,-0.875,False
instruct,-8.0625,False,-1.5625,False
complex,-8.0625,False,-0.3125,False
simple,-7.5,False,-1.5625,False
instruct,-7.5,False,-2.25,False
complex,-7.5,False,-0.125,False
simple,0.875,True,-1.25,False
instruct,0.875,True,-1.75,False
complex,0.875,True,-0.5625,False
simple,-3.5625,False,-1.0,False
instruct,-3.5625,False,-1.3125,False
complex,-3.5625,False,-0.5,False
simple,-4.25,False,-1.0,False
instruct,-4.25,False,-1.75,False
complex,-4.25,False,-0.5,False
simple,-6.75,False,-1.375,False
instruct,-6.75,False,-2.0625,False
complex,-6.75,False,-0.4375,False
simple,-16.625,False,-0.5,False
instruct,-16.625,False,-0.3125,False
complex,-16.625,False,-0.25,False
simple,-5.5,False,-1.8125,False
instruct,-5.5,False,-2.3125,False
complex,-5.5,False,-0.375,False
simple,-5.25,False,-1.0625,False
instruct,-5.25,False,-1.75,False
complex,-5.25,False,-0.3125,False
simple,-5.4375,False,-1.5,False
instruct,-5.4375,False,-2.125,False
complex,-5.4375,False,-0.4375,False
simple,-4.125,False,-0.8125,False
instruct,-4.125,False,-1.375,False
complex,-4.125,False,-0.625,False
simple,-8.375,False,-1.625,False
instruct,-8.375,False,-1.875,False
complex,-8.375,False,-0.5,False
simple,-8.25,False,-1.125,False
instruct,-8.25,False,-1.625,False
complex,-8.25,False,-0.25,False
simple,-7.0,False,-1.125,False
instruct,-7.0,False,-1.4375,False
complex,-7.0,False,-0.75,False
simple,-8.8125,False,-1.375,False
instruct,-8.8125,False,-2.4375,False
complex,-8.8125,False,-0.25,False
simple,-10.0625,False,-1.1875,False
instruct,-10.0625,False,-1.75,False
complex,-10.0625,False,-0.25,False
simple,-7.75,False,-1.125,False
instruct,-7.75,False,-1.8125,False
complex,-7.75,False,-0.3125,False
simple,-6.0625,False,-1.4375,False
instruct,-6.0625,False,-2.3125,False
complex,-6.0625,False,-0.75,False
simple,-7.875,False,-1.125,False
instruct,-7.875,False,-2.1875,False
complex,-7.875,False,-0.3125,False
simple,-9.5,False,-1.375,False
instruct,-9.5,False,-1.5625,False
complex,-9.5,False,-0.3125,False
simple,-11.875,False,-0.6875,False
instruct,-11.875,False,-2.375,False
complex,-11.875,False,-0.375,False
simple,-6.3125,False,-0.9375,False
instruct,-6.3125,False,-1.625,False
complex,-6.3125,False,-0.375,False
simple,-5.6875,False,-1.3125,False
instruct,-5.6875,False,-1.875,False
complex,-5.6875,False,-0.125,False
simple,-8.3125,False,-0.625,False
instruct,-8.3125,False,-1.625,False
complex,-8.3125,False,-0.3125,False
simple,-7.75,False,-1.1875,False
instruct,-7.75,False,-2.1875,False
complex,-7.75,False,-0.3125,False
simple,-9.5625,False,-1.375,False
instruct,-9.5625,False,-1.5625,False
complex,-9.5625,False,-0.4375,False
simple,-6.1875,False,-0.875,False
instruct,-6.1875,False,-1.3125,False
complex,-6.1875,False,-0.5625,False
simple,-7.75,False,-1.4375,False
instruct,-7.75,False,-1.875,False
complex,-7.75,False,-0.375,False
simple,-6.375,False,-1.375,False
instruct,-6.375,False,-2.1875,False
complex,-6.375,False,-0.4375,False
simple,-6.75,False,-1.4375,False
instruct,-6.75,False,-2.375,False
complex,-6.75,False,-0.4375,False
simple,-5.75,False,-1.1875,False
instruct,-5.75,False,-2.0625,False
complex,-5.75,False,-0.1875,False
simple,-7.125,False,-0.875,False
instruct,-7.125,False,-1.625,False
complex,-7.125,False,-0.3125,False
simple,-4.4375,False,-0.75,False
instruct,-4.4375,False,-1.875,False
complex,-4.4375,False,-0.3125,False
simple,-6.25,False,-0.9375,False
instruct,-6.25,False,-1.875,False
complex,-6.25,False,-0.4375,False
simple,-5.375,False,-1.125,False
instruct,-5.375,False,-1.75,False
complex,-5.375,False,-0.4375,False
simple,-8.1875,False,-1.125,False
instruct,-8.1875,False,-1.8125,False
complex,-8.1875,False,-0.125,False
simple,-6.5625,False,-1.25,False
instruct,-6.5625,False,-2.0625,False
complex,-6.5625,False,-0.5,False
simple,-6.375,False,-1.375,False
instruct,-6.375,False,-2.0,False
complex,-6.375,False,-0.3125,False
simple,-3.875,False,-1.0,False
instruct,-3.875,False,-1.625,False
complex,-3.875,False,-0.3125,False
simple,-7.0,False,-1.375,False
instruct,-7.0,False,-2.0,False
complex,-7.0,False,-0.5,False
simple,-7.8125,False,-0.75,False
instruct,-7.8125,False,-2.0,False
complex,-7.8125,False,-0.5,False
simple,-7.6875,False,-1.3125,False
instruct,-7.6875,False,-1.8125,False
complex,-7.6875,False,-0.3125,False
simple,-5.0,False,-1.1875,False
instruct,-5.0,False,-1.9375,False
complex,-5.0,False,-0.3125,False
simple,-5.9375,False,-1.0625,False
instruct,-5.9375,False,-1.5625,False
complex,-5.9375,False,-0.375,False
simple,-5.6875,False,-1.4375,False
instruct,-5.6875,False,-2.0625,False
complex,-5.6875,False,-0.4375,False
simple,-7.8125,False,-0.9375,False
instruct,-7.8125,False,-1.8125,False
complex,-7.8125,False,-0.3125,False
simple,-5.0625,False,-1.0625,False
instruct,-5.0625,False,-1.8125,False
complex,-5.0625,False,-0.4375,False
simple,-7.9375,False,-1.0,False
instruct,-7.9375,False,-1.375,False
complex,-7.9375,False,-0.8125,False
simple,-11.0625,False,-1.0,False
instruct,-11.0625,False,-1.75,False
complex,-11.0625,False,-0.3125,False
simple,-6.875,False,-1.0625,False
instruct,-6.875,False,-1.75,False
complex,-6.875,False,-0.5625,False
simple,-4.875,False,-1.375,False
instruct,-4.875,False,-2.0,False
complex,-4.875,False,-0.25,False
simple,-6.6875,False,-1.0,False
instruct,-6.6875,False,-1.75,False
complex,-6.6875,False,-0.3125,False
simple,-7.8125,False,-1.1875,False
instruct,-7.8125,False,-2.4375,False
complex,-7.8125,False,-0.25,False
simple,-6.3125,False,-1.8125,False
instruct,-6.3125,False,-2.1875,False
complex,-6.3125,False,-0.375,False
simple,-7.9375,False,-0.9375,False
instruct,-7.9375,False,-1.4375,False
complex,-7.9375,False,-0.4375,False
simple,-7.1875,False,-1.1875,False
instruct,-7.1875,False,-2.125,False
complex,-7.1875,False,-0.25,False
simple,-8.625,False,-1.125,False
instruct,-8.625,False,-2.125,False
complex,-8.625,False,-0.3125,False
simple,-7.5625,False,-1.375,False
instruct,-7.5625,False,-2.3125,False
complex,-7.5625,False,-0.375,False
simple,-7.3125,False,-1.25,False
instruct,-7.3125,False,-1.625,False
complex,-7.3125,False,-0.4375,False
simple,-7.0625,False,-1.0625,False
instruct,-7.0625,False,-2.0625,False
complex,-7.0625,False,-0.3125,False
simple,-8.6875,False,-1.6875,False
instruct,-8.6875,False,-1.9375,False
complex,-8.6875,False,-0.5625,False
simple,-6.0625,False,-1.1875,False
instruct,-6.0625,False,-2.0,False
complex,-6.0625,False,-0.4375,False
simple,-5.875,False,-0.875,False
instruct,-5.875,False,-1.875,False
complex,-5.875,False,-0.3125,False
simple,-4.375,False,-1.0625,False
instruct,-4.375,False,-2.125,False
complex,-4.375,False,-0.5625,False
simple,-7.125,False,-1.1875,False
instruct,-7.125,False,-1.3125,False
complex,-7.125,False,-0.375,False
simple,-6.8125,False,-1.1875,False
instruct,-6.8125,False,-2.1875,False
complex,-6.8125,False,-0.5625,False
simple,0.375,True,-1.375,False
instruct,0.375,True,-2.0,False
complex,0.375,True,-0.5625,False
simple,-6.5625,False,-1.1875,False
instruct,-6.5625,False,-1.9375,False
complex,-6.5625,False,-0.5,False
simple,-4.6875,False,-1.0,False
instruct,-4.6875,False,-1.4375,False
complex,-4.6875,False,-0.5,False
simple,-5.0625,False,-1.0,False
instruct,-5.0625,False,-1.9375,False
complex,-5.0625,False,-0.5625,False
simple,5.3125,True,0.5625,True
instruct,5.3125,True,0.75,True
complex,5.3125,True,0.125,True
simple,-1.8125,False,-0.125,False
instruct,-1.8125,False,-0.5625,False
complex,-1.8125,False,0.375,True
simple,-3.5,False,0.1875,True
instruct,-3.5,False,0.6875,True
complex,-3.5,False,0.3125,True
simple,-0.125,False,1.0,True
instruct,-0.125,False,0.5,True
complex,-0.125,False,0.625,True
simple,-1.3125,False,0.9375,True
instruct,-1.3125,False,1.0625,True
complex,-1.3125,False,0.375,True
simple,-3.375,False,-0.0625,False
instruct,-3.375,False,-0.875,False
complex,-3.375,False,0.1875,True
simple,-0.25,False,0.5,True
instruct,-0.25,False,0.5,True
complex,-0.25,False,0.375,True
simple,-1.8125,False,-0.25,False
instruct,-1.8125,False,-0.4375,False
complex,-1.8125,False,-0.0625,False
simple,-0.625,False,0.5625,True
instruct,-0.625,False,0.9375,True
complex,-0.625,False,0.5,True
simple,-2.9375,False,0.3125,True
instruct,-2.9375,False,0.1875,True
complex,-2.9375,False,0.125,True
simple,-2.6875,False,1.0,True
instruct,-2.6875,False,0.4375,True
complex,-2.6875,False,0.375,True
simple,-2.375,False,0.25,True
instruct,-2.375,False,-0.1875,False
complex,-2.375,False,0.3125,True
simple,-3.0,False,0.3125,True
instruct,-3.0,False,-0.0625,False
complex,-3.0,False,0.25,True
simple,-1.375,False,0.4375,True
instruct,-1.375,False,0.125,True
complex,-1.375,False,0.3125,True
simple,-2.625,False,-0.25,False
instruct,-2.625,False,-0.3125,False
complex,-2.625,False,0.0,False
simple,-0.375,False,0.375,True
instruct,-0.375,False,0.0,False
complex,-0.375,False,0.1875,True
simple,-2.4375,False,1.0,True
instruct,-2.4375,False,0.875,True
complex,-2.4375,False,0.25,True
simple,-1.9375,False,0.5625,True
instruct,-1.9375,False,0.0625,True
complex,-1.9375,False,0.375,True
simple,-3.125,False,0.125,True
instruct,-3.125,False,-0.3125,False
complex,-3.125,False,0.1875,True
simple,-3.9375,False,0.6875,True
instruct,-3.9375,False,0.3125,True
complex,-3.9375,False,0.4375,True
simple,-1.9375,False,0.625,True
instruct,-1.9375,False,0.8125,True
complex,-1.9375,False,0.25,True
simple,-1.4375,False,1.0625,True
instruct,-1.4375,False,0.5625,True
complex,-1.4375,False,0.75,True
simple,-2.375,False,0.6875,True
instruct,-2.375,False,0.5625,True
complex,-2.375,False,0.5625,True
simple,-3.1875,False,-0.3125,False
instruct,-3.1875,False,-0.5625,False
complex,-3.1875,False,0.0,False
simple,-0.75,False,0.375,True
instruct,-0.75,False,0.5625,True
complex,-0.75,False,0.375,True
simple,-3.1875,False,0.1875,True
instruct,-3.1875,False,-0.1875,False
complex,-3.1875,False,0.375,True
simple,-2.125,False,1.4375,True
instruct,-2.125,False,0.9375,True
complex,-2.125,False,0.4375,True
simple,0.5,True,1.25,True
instruct,0.5,True,0.875,True
complex,0.5,True,0.1875,True
simple,-4.65625,False,0.1875,True
instruct,-4.65625,False,0.0625,True
complex,-4.65625,False,0.625,True
simple,-2.1875,False,0.3125,True
instruct,-2.1875,False,0.0,False
complex,-2.1875,False,0.25,True
simple,-3.0625,False,0.5,True
instruct,-3.0625,False,0.5,True
complex,-3.0625,False,0.375,True
simple,-2.4375,False,0.5625,True
instruct,-2.4375,False,0.0,False
complex,-2.4375,False,0.25,True
simple,-3.5,False,0.8125,True
instruct,-3.5,False,0.75,True
complex,-3.5,False,0.5625,True
simple,-3.8125,False,0.5,True
instruct,-3.8125,False,0.0625,True
complex,-3.8125,False,0.3125,True
simple,-1.875,False,1.0,True
instruct,-1.875,False,1.0,True
complex,-1.875,False,0.5625,True
simple,-3.125,False,0.75,True
instruct,-3.125,False,0.25,True
complex,-3.125,False,0.5,True
simple,-3.125,False,0.25,True
instruct,-3.125,False,0.4375,True
complex,-3.125,False,0.375,True
simple,-3.375,False,0.75,True
instruct,-3.375,False,0.5,True
complex,-3.375,False,0.3125,True
simple,-0.9375,False,1.3125,True
instruct,-0.9375,False,0.6875,True
complex,-0.9375,False,0.625,True
simple,-0.6875,False,0.4375,True
instruct,-0.6875,False,0.9375,True
complex,-0.6875,False,0.8125,True
simple,-25.125,False,0.0,False
instruct,-25.125,False,-0.5625,False
complex,-25.125,False,-0.0625,False
simple,-1.625,False,0.125,True
instruct,-1.625,False,-0.125,False
complex,-1.625,False,0.25,True
simple,-2.8125,False,0.5,True
instruct,-2.8125,False,0.3125,True
complex,-2.8125,False,0.25,True
simple,-2.375,False,1.5,True
instruct,-2.375,False,0.8125,True
complex,-2.375,False,0.3125,True
simple,-2.1875,False,0.375,True
instruct,-2.1875,False,0.25,True
complex,-2.1875,False,0.375,True
simple,-3.75,False,0.6875,True
instruct,-3.75,False,1.0,True
complex,-3.75,False,0.125,True
simple,-1.6875,False,0.9375,True
instruct,-1.6875,False,0.625,True
complex,-1.6875,False,0.375,True
simple,-1.8125,False,0.3125,True
instruct,-1.8125,False,0.0,False
complex,-1.8125,False,0.0625,True
simple,-1.8125,False,1.1875,True
instruct,-1.8125,False,1.3125,True
complex,-1.8125,False,0.625,True
simple,-17.0,False,0.1875,True
instruct,-17.0,False,0.375,True
complex,-17.0,False,0.25,True
simple,-1.9375,False,0.5625,True
instruct,-1.9375,False,0.1875,True
complex,-1.9375,False,0.4375,True
simple,-2.1875,False,1.3125,True
instruct,-2.1875,False,1.3125,True
complex,-2.1875,False,0.5,True
simple,-3.375,False,1.1875,True
instruct,-3.375,False,1.0,True
complex,-3.375,False,0.5,True
simple,-4.0,False,0.1875,True
instruct,-4.0,False,-0.0625,False
complex,-4.0,False,0.4375,True
simple,-1.25,False,0.8125,True
instruct,-1.25,False,1.0,True
complex,-1.25,False,0.4375,True
simple,-4.9375,False,0.5625,True
instruct,-4.9375,False,0.1875,True
complex,-4.9375,False,0.3125,True
simple,-3.375,False,0.9375,True
instruct,-3.375,False,0.125,True
complex,-3.375,False,0.25,True
simple,-0.6875,False,0.25,True
instruct,-0.6875,False,-0.3125,False
complex,-0.6875,False,0.3125,True
simple,-5.75,False,0.1875,True
instruct,-5.75,False,-0.25,False
complex,-5.75,False,0.1875,True
simple,-3.4375,False,-0.0625,False
instruct,-3.4375,False,0.25,True
complex,-3.4375,False,0.125,True
simple,-1.1875,False,0.0625,True
instruct,-1.1875,False,0.3125,True
complex,-1.1875,False,-0.125,False
simple,-4.3125,False,0.125,True
instruct,-4.3125,False,-0.75,False
complex,-4.3125,False,0.25,True
simple,-2.375,False,0.5,True
instruct,-2.375,False,0.0625,True
complex,-2.375,False,0.4375,True
simple,-2.8125,False,0.625,True
instruct,-2.8125,False,0.125,True
complex,-2.8125,False,0.1875,True
simple,-3.0625,False,0.625,True
instruct,-3.0625,False,0.875,True
complex,-3.0625,False,0.6875,True
simple,-2.125,False,0.625,True
instruct,-2.125,False,0.625,True
complex,-2.125,False,0.3125,True
simple,-2.0,False,1.25,True
instruct,-2.0,False,1.3125,True
complex,-2.0,False,0.6875,True
simple,-1.1875,False,1.375,True
instruct,-1.1875,False,1.125,True
complex,-1.1875,False,0.25,True
simple,-5.3125,False,0.1875,True
instruct,-5.3125,False,-0.4375,False
complex,-5.3125,False,0.1875,True
simple,-0.875,False,0.25,True
instruct,-0.875,False,-0.0625,False
complex,-0.875,False,0.1875,True
simple,-1.8125,False,0.3125,True
instruct,-1.8125,False,0.3125,True
complex,-1.8125,False,0.375,True
simple,-2.3125,False,0.8125,True
instruct,-2.3125,False,0.6875,True
complex,-2.3125,False,0.5625,True
simple,-2.25,False,0.25,True
instruct,-2.25,False,0.4375,True
complex,-2.25,False,0.1875,True
simple,-5.75,False,0.5,True
instruct,-5.75,False,0.1875,True
complex,-5.75,False,0.4375,True
simple,-3.625,False,0.0625,True
instruct,-3.625,False,-0.375,False
complex,-3.625,False,0.1875,True
simple,-2.6875,False,1.375,True
instruct,-2.6875,False,1.3125,True
complex,-2.6875,False,0.1875,True
simple,-1.75,False,1.1875,True
instruct,-1.75,False,1.1875,True
complex,-1.75,False,0.625,True
simple,-2.5625,False,0.8125,True
instruct,-2.5625,False,0.6875,True
complex,-2.5625,False,0.5625,True
simple,-3.6875,False,0.25,True
instruct,-3.6875,False,0.125,True
complex,-3.6875,False,0.375,True
simple,-2.6875,False,0.9375,True
instruct,-2.6875,False,0.75,True
complex,-2.6875,False,0.4375,True
simple,-4.4375,False,-0.4375,False
instruct,-4.4375,False,-0.75,False
complex,-4.4375,False,0.25,True
simple,-2.3125,False,0.625,True
instruct,-2.3125,False,0.0,False
complex,-2.3125,False,0.8125,True
simple,-0.125,False,0.25,True
instruct,-0.125,False,-0.125,False
complex,-0.125,False,0.3125,True
simple,-1.6875,False,1.4375,True
instruct,-1.6875,False,1.125,True
complex,-1.6875,False,0.6875,True
simple,-4.5,False,-0.25,False
instruct,-4.5,False,-0.9375,False
complex,-4.5,False,0.1875,True
simple,-3.125,False,1.1875,True
instruct,-3.125,False,0.375,True
complex,-3.125,False,0.5625,True
simple,-2.875,False,1.1875,True
instruct,-2.875,False,0.875,True
complex,-2.875,False,0.375,True
simple,-3.0,False,0.875,True
instruct,-3.0,False,0.5625,True
complex,-3.0,False,0.3125,True
simple,-1.375,False,0.0,False
instruct,-1.375,False,-0.1875,False
complex,-1.375,False,0.1875,True
simple,-4.8125,False,0.4375,True
instruct,-4.8125,False,-0.4375,False
complex,-4.8125,False,0.125,True
simple,-0.625,False,1.0,True
instruct,-0.625,False,0.625,True
complex,-0.625,False,0.3125,True
simple,-2.125,False,1.0625,True
instruct,-2.125,False,0.875,True
complex,-2.125,False,0.6875,True
simple,-3.0625,False,-0.5,False
instruct,-3.0625,False,-0.125,False
complex,-3.0625,False,0.0625,True
simple,-2.875,False,0.1875,True
instruct,-2.875,False,-0.125,False
complex,-2.875,False,0.3125,True
simple,-3.4375,False,1.1875,True
instruct,-3.4375,False,1.0,True
complex,-3.4375,False,0.625,True
simple,-1.4375,False,0.3125,True
instruct,-1.4375,False,-0.25,False
complex,-1.4375,False,0.75,True
simple,-1.3125,False,0.625,True
instruct,-1.3125,False,0.6875,True
complex,-1.3125,False,0.75,True
simple,-0.8125,False,0.125,True
instruct,-0.8125,False,0.6875,True
complex,-0.8125,False,0.75,True
simple,-4.4375,False,-0.25,False
instruct,-4.4375,False,-0.375,False
complex,-4.4375,False,0.25,True
simple,-3.75,False,0.375,True
instruct,-3.75,False,0.625,True
complex,-3.75,False,0.5625,True
simple,-1.375,False,0.75,True
instruct,-1.375,False,0.625,True
complex,-1.375,False,0.125,True
simple,-0.8125,False,0.125,True
instruct,-0.8125,False,0.3125,True
complex,-0.8125,False,0.1875,True
simple,-1.875,False,0.125,True
instruct,-1.875,False,0.0625,True
complex,-1.875,False,0.1875,True
simple,-2.5625,False,0.1875,True
instruct,-2.5625,False,0.1875,True
complex,-2.5625,False,0.125,True
simple,-0.4375,False,-0.375,False
instruct,-0.4375,False,-0.6875,False
complex,-0.4375,False,0.0625,True
simple,0.4375,True,-0.375,False
instruct,0.4375,True,-0.5,False
complex,0.4375,True,-0.0625,False
simple,-0.875,False,-0.75,False
instruct,-0.875,False,-0.9375,False
complex,-0.875,False,-0.0625,False
simple,-3.0,False,0.5,True
instruct,-3.0,False,0.5,True
complex,-3.0,False,-0.0625,False
simple,1.375,True,-0.125,False
instruct,1.375,True,0.125,True
complex,1.375,True,0.1875,True
simple,-1.6875,False,0.375,True
instruct,-1.6875,False,0.125,True
complex,-1.6875,False,-0.0625,False
simple,-0.25,False,-0.3125,False
instruct,-0.25,False,-0.5,False
complex,-0.25,False,0.125,True
simple,2.625,True,-0.6875,False
instruct,2.625,True,-0.875,False
complex,2.625,True,-0.0625,False
simple,1.1875,True,-0.5,False
instruct,1.1875,True,-0.375,False
complex,1.1875,True,0.125,True
simple,-0.0625,False,-0.75,False
instruct,-0.0625,False,-1.125,False
complex,-0.0625,False,-0.1875,False
simple,0.5,True,-0.6875,False
instruct,0.5,True,-0.75,False
complex,0.5,True,-0.1875,False
simple,-0.625,False,-0.375,False
instruct,-0.625,False,-0.375,False
complex,-0.625,False,-0.125,False
simple,-1.0,False,-0.8125,False
instruct,-1.0,False,-1.375,False
complex,-1.0,False,-0.0625,False
simple,-0.25,False,-0.125,False
instruct,-0.25,False,-0.4375,False
complex,-0.25,False,0.3125,True
simple,-13.375,False,-0.4375,False
instruct,-13.375,False,-0.5625,False
complex,-13.375,False,-0.125,False
simple,1.375,True,-0.125,False
instruct,1.375,True,-0.1875,False
complex,1.375,True,-0.1875,False
simple,0.75,True,0.25,True
instruct,0.75,True,-0.25,False
complex,0.75,True,0.25,True
simple,-1.0,False,-0.125,False
instruct,-1.0,False,-0.5,False
complex,-1.0,False,0.0625,True
simple,1.1875,True,-0.125,False
instruct,1.1875,True,0.5,True
complex,1.1875,True,0.0625,True
simple,-0.125,False,0.125,True
instruct,-0.125,False,0.25,True
complex,-0.125,False,0.0,False
simple,0.9375,True,-0.1875,False
instruct,0.9375,True,-0.25,False
complex,0.9375,True,0.25,True
simple,-2.5,False,-0.0625,False
instruct,-2.5,False,0.0625,True
complex,-2.5,False,-0.4375,False
simple,1.25,True,-0.4375,False
instruct,1.25,True,-0.6875,False
complex,1.25,True,-0.0625,False
simple,0.5625,True,-0.4375,False
instruct,0.5625,True,-0.8125,False
complex,0.5625,True,-0.1875,False
simple,0.5625,True,-0.75,False
instruct,0.5625,True,-0.8125,False
complex,0.5625,True,0.0,False
simple,-0.6875,False,-0.125,False
instruct,-0.6875,False,0.125,True
complex,-0.6875,False,0.1875,True
simple,0.5,True,-0.25,False
instruct,0.5,True,-0.0625,False
complex,0.5,True,-0.0625,False
simple,0.3125,True,0.0625,True
instruct,0.3125,True,0.25,True
complex,0.3125,True,-0.125,False
simple,0.125,True,-0.75,False
instruct,0.125,True,-0.9375,False
complex,0.125,True,-0.0625,False
simple,-0.125,False,-0.5,False
instruct,-0.125,False,-0.875,False
complex,-0.125,False,-0.125,False
simple,-0.125,False,-0.9375,False
instruct,-0.125,False,-1.1875,False
complex,-0.125,False,-0.0625,False
simple,0.375,True,-0.75,False
instruct,0.375,True,-1.125,False
complex,0.375,True,-0.125,False
simple,1.125,True,-0.5,False
instruct,1.125,True,-0.6875,False
complex,1.125,True,-0.1875,False
simple,-0.4375,False,-0.125,False
instruct,-0.4375,False,-0.5,False
complex,-0.4375,False,0.25,True
simple,2.25,True,-0.375,False
instruct,2.25,True,-0.75,False
complex,2.25,True,-0.125,False
simple,-0.25,False,-0.5,False
instruct,-0.25,False,-0.625,False
complex,-0.25,False,-0.1875,False
simple,1.0625,True,0.0,False
instruct,1.0625,True,-0.375,False
complex,1.0625,True,-0.125,False
simple,-1.375,False,0.0625,True
instruct,-1.375,False,0.25,True
complex,-1.375,False,0.125,True
simple,-1.0,False,0.25,True
instruct,-1.0,False,0.6875,True
complex,-1.0,False,-0.0625,False
simple,-0.375,False,-0.5,False
instruct,-0.375,False,-0.5625,False
complex,-0.375,False,-0.0625,False
simple,-0.8125,False,-0.25,False
instruct,-0.8125,False,-0.5625,False
complex,-0.8125,False,0.125,True
simple,0.25,True,-1.0,False
instruct,0.25,True,-1.0625,False
complex,0.25,True,0.0,False
simple,-2.1875,False,-0.0625,False
instruct,-2.1875,False,0.1875,True
complex,-2.1875,False,0.1875,True
simple,-1.4375,False,0.25,True
instruct,-1.4375,False,0.5625,True
complex,-1.4375,False,0.0625,True
simple,0.125,True,-0.625,False
instruct,0.125,True,-0.6875,False
complex,0.125,True,-0.0625,False
simple,-0.5,False,-0.5,False
instruct,-0.5,False,-0.5,False
complex,-0.5,False,-0.125,False
simple,1.625,True,-0.0625,False
instruct,1.625,True,-0.0625,False
complex,1.625,True,0.125,True
simple,-1.375,False,-0.75,False
instruct,-1.375,False,-0.75,False
complex,-1.375,False,-0.0625,False
simple,-0.75,False,-0.4375,False
instruct,-0.75,False,-0.375,False
complex,-0.75,False,-0.0625,False
simple,0.5625,True,-0.4375,False
instruct,0.5625,True,-0.3125,False
complex,0.5625,True,-0.0625,False
simple,-1.0,False,-0.375,False
instruct,-1.0,False,-0.375,False
complex,-1.0,False,-0.0625,False
simple,-1.5625,False,0.6875,True
instruct,-1.5625,False,1.1875,True
complex,-1.5625,False,0.1875,True
simple,0.125,True,-0.0625,False
instruct,0.125,True,-0.25,False
complex,0.125,True,0.0625,True
simple,-0.625,False,-0.125,False
instruct,-0.625,False,0.0,False
complex,-0.625,False,0.0625,True
simple,1.5,True,-0.1875,False
instruct,1.5,True,0.0,False
complex,1.5,True,0.375,True
simple,-0.25,False,-0.25,False
instruct,-0.25,False,0.0625,True
complex,-0.25,False,-0.0625,False
simple,0.625,True,-0.4375,False
instruct,0.625,True,-0.125,False
complex,0.625,True,0.125,True
simple,0.4375,True,0.0625,True
instruct,0.4375,True,0.375,True
complex,0.4375,True,0.1875,True
simple,1.125,True,-0.0625,False
instruct,1.125,True,0.1875,True
complex,1.125,True,-0.0625,False
simple,0.0,False,-0.375,False
instruct,0.0,False,-0.375,False
complex,0.0,False,0.0,False
simple,0.5,True,0.0625,True
instruct,0.5,True,-0.1875,False
complex,0.5,True,0.0625,True
simple,-0.5,False,0.0,False
instruct,-0.5,False,-0.25,False
complex,-0.5,False,0.1875,True
simple,2.1875,True,-0.75,False
instruct,2.1875,True,-0.125,False
complex,2.1875,True,-0.0625,False
simple,-2.1875,False,0.375,True
instruct,-2.1875,False,0.625,True
complex,-2.1875,False,0.0625,True
simple,-0.75,False,-0.25,False
instruct,-0.75,False,-0.5,False
complex,-0.75,False,0.0625,True
simple,-0.875,False,-0.5,False
instruct,-0.875,False,-0.375,False
complex,-0.875,False,0.0,False
simple,1.375,True,-0.1875,False
instruct,1.375,True,-0.3125,False
complex,1.375,True,0.0,False
simple,-0.625,False,0.0,False
instruct,-0.625,False,0.0,False
complex,-0.625,False,0.125,True
simple,-2.625,False,-0.0625,False
instruct,-2.625,False,0.1875,True
complex,-2.625,False,-0.0625,False
simple,-0.75,False,0.125,True
instruct,-0.75,False,0.4375,True
complex,-0.75,False,0.0625,True
simple,-0.6875,False,0.1875,True
instruct,-0.6875,False,0.3125,True
complex,-0.6875,False,0.25,True
simple,-0.5625,False,-0.3125,False
instruct,-0.5625,False,-0.4375,False
complex,-0.5625,False,0.0625,True
simple,-0.5625,False,0.3125,True
instruct,-0.5625,False,0.25,True
complex,-0.5625,False,0.0,False
simple,0.125,True,-0.5625,False
instruct,0.125,True,-0.75,False
complex,0.125,True,0.0,False
simple,-1.375,False,-0.25,False
instruct,-1.375,False,0.0,False
complex,-1.375,False,0.0625,True
simple,0.0,False,-0.6875,False
instruct,0.0,False,-1.1875,False
complex,0.0,False,0.0,False
simple,-1.375,False,0.0625,True
instruct,-1.375,False,-0.25,False
complex,-1.375,False,0.0,False
simple,0.1875,True,-0.6875,False
instruct,0.1875,True,-0.6875,False
complex,0.1875,True,0.0,False
simple,-2.6875,False,0.0,False
instruct,-2.6875,False,-0.1875,False
complex,-2.6875,False,0.1875,True
simple,-0.5,False,-0.625,False
instruct,-0.5,False,-1.0,False
complex,-0.5,False,0.0625,True
simple,0.25,True,-0.8125,False
instruct,0.25,True,-1.0,False
complex,0.25,True,-0.1875,False
simple,-0.125,False,-0.25,False
instruct,-0.125,False,0.1875,True
complex,-0.125,False,0.0,False
simple,0.125,True,-0.25,False
instruct,0.125,True,-0.25,False
complex,0.125,True,-0.1875,False
simple,0.125,True,0.0,False
instruct,0.125,True,-0.0625,False
complex,0.125,True,-0.0625,False
simple,3.0,True,-0.5625,False
instruct,3.0,True,-0.5625,False
complex,3.0,True,-0.0625,False
simple,-0.625,False,0.375,True
instruct,-0.625,False,0.6875,True
complex,-0.625,False,0.125,True
simple,-1.125,False,-0.5,False
instruct,-1.125,False,-0.9375,False
complex,-1.125,False,-0.0625,False
simple,-1.6875,False,-0.5625,False
instruct,-1.6875,False,-0.8125,False
complex,-1.6875,False,-0.0625,False
simple,0.1875,True,-0.4375,False
instruct,0.1875,True,-0.5625,False
complex,0.1875,True,-0.125,False
simple,0.4375,True,-0.4375,False
instruct,0.4375,True,-0.25,False
complex,0.4375,True,-0.0625,False
simple,0.375,True,-0.1875,False
instruct,0.375,True,-0.375,False
complex,0.375,True,-0.0625,False
simple,-0.3125,False,-0.5625,False
instruct,-0.3125,False,-0.9375,False
complex,-0.3125,False,0.0,False
simple,-0.0625,False,-0.375,False
instruct,-0.0625,False,-0.3125,False
complex,-0.0625,False,-0.125,False
simple,-0.375,False,-0.4375,False
instruct,-0.375,False,-0.8125,False
complex,-0.375,False,0.0625,True
simple,-0.75,False,0.5,True
instruct,-0.75,False,0.8125,True
complex,-0.75,False,0.25,True
simple,-1.0,False,-0.25,False
instruct,-1.0,False,-0.5,False
complex,-1.0,False,-0.0625,False
simple,-4.3125,False,-0.5,False
instruct,-4.3125,False,-0.9375,False
complex,-4.3125,False,-0.3125,False
simple,-3.875,False,-1.3125,False
instruct,-3.875,False,-2.0,False
complex,-3.875,False,-0.625,False
simple,-5.25,False,-0.75,False
instruct,-5.25,False,-1.0,False
complex,-5.25,False,-0.375,False
simple,-6.6875,False,-0.9375,False
instruct,-6.6875,False,-1.3125,False
complex,-6.6875,False,-0.4375,False
simple,-5.1875,False,-1.0625,False
instruct,-5.1875,False,-1.5625,False
complex,-5.1875,False,-0.25,False
simple,-6.3125,False,-0.0625,False
instruct,-6.3125,False,-0.375,False
complex,-6.3125,False,-0.125,False
simple,-5.5625,False,-0.5625,False
instruct,-5.5625,False,-1.0625,False
complex,-5.5625,False,-0.1875,False
simple,-5.0625,False,-1.0,False
instruct,-5.0625,False,-1.4375,False
complex,-5.0625,False,-0.375,False
simple,-9.0,False,-0.5,False
instruct,-9.0,False,-1.0625,False
complex,-9.0,False,-0.25,False
simple,-5.0,False,-1.375,False
instruct,-5.0,False,-1.9375,False
complex,-5.0,False,-0.4375,False
simple,-5.9375,False,-0.8125,False
instruct,-5.9375,False,-0.6875,False
complex,-5.9375,False,-0.125,False
simple,-3.3125,False,-0.875,False
instruct,-3.3125,False,-1.5625,False
complex,-3.3125,False,-0.5,False
simple,-5.3125,False,-0.6875,False
instruct,-5.3125,False,-1.0625,False
complex,-5.3125,False,-0.25,False
simple,-4.8125,False,-0.6875,False
instruct,-4.8125,False,-1.0625,False
complex,-4.8125,False,-0.5625,False
simple,-3.8125,False,-0.0625,False
instruct,-3.8125,False,-0.5625,False
complex,-3.8125,False,-0.25,False
simple,-3.8125,False,-1.0625,False
instruct,-3.8125,False,-1.75,False
complex,-3.8125,False,-0.375,False
simple,-2.5,False,-0.875,False
instruct,-2.5,False,-1.25,False
complex,-2.5,False,-0.4375,False
simple,-4.0625,False,-1.125,False
instruct,-4.0625,False,-1.1875,False
complex,-4.0625,False,-0.4375,False
simple,-6.0,False,-0.875,False
instruct,-6.0,False,-1.25,False
complex,-6.0,False,-0.4375,False
simple,-4.25,False,-1.5,False
instruct,-4.25,False,-2.25,False
complex,-4.25,False,-0.375,False
simple,-4.6875,False,-0.8125,False
instruct,-4.6875,False,-1.0,False
complex,-4.6875,False,-0.25,False
simple,-6.1875,False,-0.8125,False
instruct,-6.1875,False,-1.6875,False
complex,-6.1875,False,-0.4375,False
simple,-4.25,False,-0.75,False
instruct,-4.25,False,-0.9375,False
complex,-4.25,False,-0.3125,False
simple,-4.0,False,-0.875,False
instruct,-4.0,False,-1.3125,False
complex,-4.0,False,-0.375,False
simple,-4.6875,False,-1.0,False
instruct,-4.6875,False,-1.4375,False
complex,-4.6875,False,-0.5,False
simple,-3.3125,False,-0.8125,False
instruct,-3.3125,False,-1.5,False
complex,-3.3125,False,-0.4375,False
simple,-5.3125,False,-0.3125,False
instruct,-5.3125,False,-0.75,False
complex,-5.3125,False,-0.1875,False
simple,-5.6875,False,-0.6875,False
instruct,-5.6875,False,-1.0625,False
complex,-5.6875,False,-0.3125,False
simple,-4.8125,False,-1.0,False
instruct,-4.8125,False,-1.5625,False
complex,-4.8125,False,-0.25,False
simple,-3.6875,False,-0.75,False
instruct,-3.6875,False,-0.875,False
complex,-3.6875,False,-0.25,False
simple,-5.0625,False,-1.1875,False
instruct,-5.0625,False,-1.75,False
complex,-5.0625,False,-0.4375,False
simple,-5.5625,False,-0.625,False
instruct,-5.5625,False,-0.875,False
complex,-5.5625,False,-0.3125,False
simple,-5.6875,False,-0.8125,False
instruct,-5.6875,False,-0.875,False
complex,-5.6875,False,-0.4375,False
simple,-5.25,False,-0.8125,False
instruct,-5.25,False,-1.125,False
complex,-5.25,False,-0.4375,False
simple,-5.5,False,-0.625,False
instruct,-5.5,False,-0.625,False
complex,-5.5,False,-0.1875,False
simple,-4.5625,False,-0.5625,False
instruct,-4.5625,False,-0.8125,False
complex,-4.5625,False,-0.125,False
simple,-3.375,False,-1.1875,False
instruct,-3.375,False,-1.9375,False
complex,-3.375,False,-0.4375,False
simple,-5.3125,False,-0.375,False
instruct,-5.3125,False,-0.625,False
complex,-5.3125,False,-0.25,False
simple,-3.875,False,-0.5625,False
instruct,-3.875,False,-0.6875,False
complex,-3.875,False,-0.1875,False
simple,-4.8125,False,-0.625,False
instruct,-4.8125,False,-1.0,False
complex,-4.8125,False,-0.375,False
simple,-4.125,False,-1.1875,False
instruct,-4.125,False,-1.8125,False
complex,-4.125,False,-0.5,False
simple,-5.875,False,-0.9375,False
instruct,-5.875,False,-1.1875,False
complex,-5.875,False,-0.3125,False
simple,-4.1875,False,-1.1875,False
instruct,-4.1875,False,-2.125,False
complex,-4.1875,False,-0.5625,False
simple,-6.625,False,-0.8125,False
instruct,-6.625,False,-0.9375,False
complex,-6.625,False,-0.625,False
simple,-5.5625,False,-0.875,False
instruct,-5.5625,False,-1.375,False
complex,-5.5625,False,-0.25,False
simple,-7.3125,False,-0.6875,False
instruct,-7.3125,False,-0.9375,False
complex,-7.3125,False,-0.5625,False
simple,-4.6875,False,-1.3125,False
instruct,-4.6875,False,-2.125,False
complex,-4.6875,False,-0.3125,False
simple,-6.375,False,-0.25,False
instruct,-6.375,False,-0.3125,False
complex,-6.375,False,-0.3125,False
simple,-3.1875,False,-0.4375,False
instruct,-3.1875,False,-0.75,False
complex,-3.1875,False,-0.5625,False
simple,-6.3125,False,-0.3125,False
instruct,-6.3125,False,-0.9375,False
complex,-6.3125,False,-0.3125,False
simple,-4.3125,False,-0.8125,False
instruct,-4.3125,False,-1.0625,False
complex,-4.3125,False,-0.3125,False
simple,-4.8125,False,-1.0,False
instruct,-4.8125,False,-1.125,False
complex,-4.8125,False,-0.25,False
simple,-5.125,False,-1.1875,False
instruct,-5.125,False,-1.9375,False
complex,-5.125,False,-0.25,False
simple,-5.25,False,-0.5625,False
instruct,-5.25,False,-0.9375,False
complex,-5.25,False,-0.375,False
simple,-5.0625,False,-1.25,False
instruct,-5.0625,False,-1.4375,False
complex,-5.0625,False,-0.4375,False
simple,-4.9375,False,-0.5,False
instruct,-4.9375,False,-0.6875,False
complex,-4.9375,False,-0.375,False
simple,-4.0,False,-1.25,False
instruct,-4.0,False,-1.75,False
complex,-4.0,False,-0.6875,False
simple,-3.5625,False,-1.0,False
instruct,-3.5625,False,-1.0,False
complex,-3.5625,False,-0.4375,False
simple,-4.0,False,-1.0,False
instruct,-4.0,False,-1.5,False
complex,-4.0,False,-0.5625,False
simple,-7.125,False,-1.0,False
instruct,-7.125,False,-1.3125,False
complex,-7.125,False,-0.1875,False
simple,-5.5625,False,-0.8125,False
instruct,-5.5625,False,-1.0625,False
complex,-5.5625,False,-0.3125,False
simple,-4.3125,False,-1.5625,False
instruct,-4.3125,False,-2.5625,False
complex,-4.3125,False,-0.5625,False
simple,-6.0625,False,-0.75,False
instruct,-6.0625,False,-0.6875,False
complex,-6.0625,False,-0.3125,False
simple,-5.875,False,-1.1875,False
instruct,-5.875,False,-1.5,False
complex,-5.875,False,-0.375,False
simple,-6.3125,False,-0.625,False
instruct,-6.3125,False,-1.0,False
complex,-6.3125,False,-0.3125,False
simple,-5.6875,False,-1.375,False
instruct,-5.6875,False,-1.875,False
complex,-5.6875,False,-0.0625,False
simple,-5.0625,False,-0.6875,False
instruct,-5.0625,False,-1.0,False
complex,-5.0625,False,-0.25,False
simple,-5.0,False,-1.125,False
instruct,-5.0,False,-2.1875,False
complex,-5.0,False,-0.25,False
simple,-5.0,False,-1.125,False
instruct,-5.0,False,-1.3125,False
complex,-5.0,False,-0.5625,False
simple,-5.0,False,-1.1875,False
instruct,-5.0,False,-2.0625,False
complex,-5.0,False,-0.1875,False
simple,-4.9375,False,-0.9375,False
instruct,-4.9375,False,-1.0,False
complex,-4.9375,False,-0.375,False
simple,-4.875,False,-1.0625,False
instruct,-4.875,False,-1.9375,False
complex,-4.875,False,-0.3125,False
simple,-4.625,False,-0.875,False
instruct,-4.625,False,-1.125,False
complex,-4.625,False,-0.4375,False
simple,-5.0,False,-1.0625,False
instruct,-5.0,False,-1.75,False
complex,-5.0,False,-0.3125,False
simple,-5.125,False,-0.75,False
instruct,-5.125,False,-1.25,False
complex,-5.125,False,-0.3125,False
simple,-4.875,False,-1.375,False
instruct,-4.875,False,-2.1875,False
complex,-4.875,False,-0.4375,False
simple,-5.375,False,-0.625,False
instruct,-5.375,False,-0.5625,False
complex,-5.375,False,-0.4375,False
simple,-4.6875,False,-0.75,False
instruct,-4.6875,False,-1.75,False
complex,-4.6875,False,-0.125,False
simple,-5.9375,False,-0.375,False
instruct,-5.9375,False,-0.6875,False
complex,-5.9375,False,-0.3125,False
simple,-4.6875,False,-1.0,False
instruct,-4.6875,False,-1.8125,False
complex,-4.6875,False,-0.375,False
simple,-6.75,False,-0.5625,False
instruct,-6.75,False,-0.5625,False
complex,-6.75,False,-0.125,False
simple,-5.0625,False,-0.6875,False
instruct,-5.0625,False,-0.8125,False
complex,-5.0625,False,-0.3125,False
simple,-4.75,False,-1.0625,False
instruct,-4.75,False,-1.9375,False
complex,-4.75,False,-0.3125,False
simple,-5.875,False,-0.5,False
instruct,-5.875,False,-0.875,False
complex,-5.875,False,-0.375,False
simple,-4.6875,False,-1.375,False
instruct,-4.6875,False,-2.125,False
complex,-4.6875,False,-0.25,False
simple,-5.0,False,-1.0,False
instruct,-5.0,False,-1.375,False
complex,-5.0,False,-0.375,False
simple,-4.625,False,-1.375,False
instruct,-4.625,False,-2.0,False
complex,-4.625,False,-0.25,False
simple,-4.0,False,-1.0,False
instruct,-4.0,False,-1.75,False
complex,-4.0,False,-0.5,False
simple,-4.8125,False,-1.0,False
instruct,-4.8125,False,-1.6875,False
complex,-4.8125,False,-0.25,False
simple,-5.25,False,-1.0625,False
instruct,-5.25,False,-1.375,False
complex,-5.25,False,-0.625,False
simple,-4.5625,False,-1.3125,False
instruct,-4.5625,False,-1.875,False
complex,-4.5625,False,-0.375,False
simple,-6.6875,False,-0.625,False
instruct,-6.6875,False,-0.5625,False
complex,-6.6875,False,-0.375,False
simple,-4.5625,False,-1.5,False
instruct,-4.5625,False,-2.3125,False
complex,-4.5625,False,-0.3125,False
simple,-6.0625,False,-0.6875,False
instruct,-6.0625,False,-1.0625,False
complex,-6.0625,False,-0.3125,False
simple,-4.4375,False,-1.125,False
instruct,-4.4375,False,-1.9375,False
complex,-4.4375,False,-0.3125,False
simple,-4.5625,False,-0.625,False
instruct,-4.5625,False,-1.0625,False
complex,-4.5625,False,-0.3125,False
simple,-4.3125,False,-1.25,False
instruct,-4.3125,False,-2.1875,False
complex,-4.3125,False,-0.3125,False
simple,-6.5625,False,-0.6875,False
instruct,-6.5625,False,-0.9375,False
complex,-6.5625,False,-0.4375,False
simple,-4.6875,False,-1.125,False
instruct,-4.6875,False,-2.1875,False
complex,-4.6875,False,-0.25,False
simple,-4.75,False,-1.375,False
instruct,-4.75,False,-2.125,False
complex,-4.75,False,-0.5625,False
simple,-5.875,False,-0.0625,False
instruct,-5.875,False,-0.125,False
complex,-5.875,False,0.125,True
simple,-5.46875,False,-0.375,False
instruct,-5.46875,False,-0.6875,False
complex,-5.46875,False,0.0625,True
simple,-6.125,False,0.0,False
instruct,-6.125,False,-0.4375,False
complex,-6.125,False,0.1875,True
simple,-6.53125,False,0.0625,True
instruct,-6.53125,False,-0.3125,False
complex,-6.53125,False,0.3125,True
simple,-10.15625,False,-0.25,False
instruct,-10.15625,False,-0.125,False
complex,-10.15625,False,0.125,True
simple,-9.09375,False,-0.125,False
instruct,-9.09375,False,-0.0625,False
complex,-9.09375,False,0.3125,True
simple,-7.53125,False,-0.375,False
instruct,-7.53125,False,-0.3125,False
complex,-7.53125,False,0.5,True
simple,-5.8125,False,-0.125,False
instruct,-5.8125,False,-0.6875,False
complex,-5.8125,False,0.3125,True
simple,-5.3125,False,-0.1875,False
instruct,-5.3125,False,-0.0625,False
complex,-5.3125,False,0.375,True
simple,-8.4375,False,-0.25,False
instruct,-8.4375,False,-0.0625,False
complex,-8.4375,False,0.25,True
simple,-6.03125,False,0.0625,True
instruct,-6.03125,False,-0.0625,False
complex,-6.03125,False,0.4375,True
simple,-8.03125,False,0.1875,True
instruct,-8.03125,False,-0.0625,False
complex,-8.03125,False,0.25,True
simple,-8.21875,False,-0.3125,False
instruct,-8.21875,False,0.1875,True
complex,-8.21875,False,0.4375,True
simple,-5.4375,False,-0.3125,False
instruct,-5.4375,False,-0.5625,False
complex,-5.4375,False,0.4375,True
simple,-7.3125,False,0.0,False
instruct,-7.3125,False,-0.625,False
complex,-7.3125,False,0.375,True
simple,-6.21875,False,-0.6875,False
instruct,-6.21875,False,-1.0,False
complex,-6.21875,False,-0.0625,False
simple,-5.59375,False,0.1875,True
instruct,-5.59375,False,-0.25,False
complex,-5.59375,False,0.375,True
simple,-7.5,False,0.375,True
instruct,-7.5,False,-0.25,False
complex,-7.5,False,0.1875,True
simple,-4.5625,False,0.125,True
instruct,-4.5625,False,-0.375,False
complex,-4.5625,False,0.625,True
simple,-7.9375,False,0.625,True
instruct,-7.9375,False,0.3125,True
complex,-7.9375,False,0.3125,True
simple,-7.125,False,-0.0625,False
instruct,-7.125,False,0.25,True
complex,-7.125,False,0.3125,True
simple,-9.90625,False,-0.25,False
instruct,-9.90625,False,-0.5,False
complex,-9.90625,False,0.1875,True
simple,-5.8125,False,-0.125,False
instruct,-5.8125,False,-0.375,False
complex,-5.8125,False,0.25,True
simple,-9.46875,False,-0.0625,False
instruct,-9.46875,False,-0.1875,False
complex,-9.46875,False,0.25,True
simple,-7.0625,False,0.25,True
instruct,-7.0625,False,-0.125,False
complex,-7.0625,False,0.25,True
simple,-7.8125,False,-0.125,False
instruct,-7.8125,False,-0.1875,False
complex,-7.8125,False,0.1875,True
simple,-4.625,False,0.0,False
instruct,-4.625,False,-0.1875,False
complex,-4.625,False,0.125,True
simple,-6.375,False,0.0,False
instruct,-6.375,False,0.25,True
complex,-6.375,False,0.125,True
simple,-5.5,False,-0.0625,False
instruct,-5.5,False,0.0,False
complex,-5.5,False,0.375,True
simple,-16.84375,False,1.125,True
instruct,-16.84375,False,0.1875,True
complex,-16.84375,False,0.3125,True
simple,-13.6875,False,-0.3125,False
instruct,-13.6875,False,-0.3125,False
complex,-13.6875,False,0.4375,True
simple,-7.0625,False,0.1875,True
instruct,-7.0625,False,0.0625,True
complex,-7.0625,False,0.3125,True
simple,-7.53125,False,-0.25,False
instruct,-7.53125,False,-0.4375,False
complex,-7.53125,False,0.3125,True
simple,-5.1875,False,0.0,False
instruct,-5.1875,False,0.0,False
complex,-5.1875,False,0.375,True
simple,-7.109375,False,-0.0625,False
instruct,-7.109375,False,-0.125,False
complex,-7.109375,False,0.3125,True
simple,-7.3125,False,0.0,False
instruct,-7.3125,False,-0.6875,False
complex,-7.3125,False,0.3125,True
simple,-8.59375,False,0.0,False
instruct,-8.59375,False,0.125,True
complex,-8.59375,False,0.3125,True
simple,-4.1875,False,0.0625,True
instruct,-4.1875,False,-0.0625,False
complex,-4.1875,False,0.0625,True
simple,-8.875,False,-0.125,False
instruct,-8.875,False,0.375,True
complex,-8.875,False,0.1875,True
simple,-6.3125,False,0.0625,True
instruct,-6.3125,False,-0.125,False
complex,-6.3125,False,0.125,True
simple,-5.78125,False,-0.125,False
instruct,-5.78125,False,-0.625,False
complex,-5.78125,False,0.125,True
simple,-5.96875,False,-0.125,False
instruct,-5.96875,False,0.125,True
complex,-5.96875,False,0.125,True
simple,-7.15625,False,0.25,True
instruct,-7.15625,False,-0.5,False
complex,-7.15625,False,0.3125,True
simple,-5.0625,False,0.0,False
instruct,-5.0625,False,0.1875,True
complex,-5.0625,False,0.125,True
simple,-3.71875,False,-0.125,False
instruct,-3.71875,False,0.1875,True
complex,-3.71875,False,0.1875,True
simple,-6.53125,False,0.125,True
instruct,-6.53125,False,-0.5625,False
complex,-6.53125,False,0.375,True
simple,-6.53125,False,-0.3125,False
instruct,-6.53125,False,0.0625,True
complex,-6.53125,False,0.375,True
simple,-6.71875,False,-0.375,False
instruct,-6.71875,False,-0.375,False
complex,-6.71875,False,0.5,True
simple,-6.625,False,0.25,True
instruct,-6.625,False,-0.375,False
complex,-6.625,False,0.125,True
simple,-7.625,False,0.25,True
instruct,-7.625,False,-0.1875,False
complex,-7.625,False,0.625,True
simple,-9.25,False,-0.25,False
instruct,-9.25,False,-0.1875,False
complex,-9.25,False,0.25,True
simple,-7.0625,False,0.125,True
instruct,-7.0625,False,-0.5625,False
complex,-7.0625,False,0.375,True
simple,-8.125,False,-0.0625,False
instruct,-8.125,False,-0.1875,False
complex,-8.125,False,0.1875,True
simple,-7.21875,False,0.0625,True
instruct,-7.21875,False,-0.5625,False
complex,-7.21875,False,0.25,True
simple,-5.875,False,0.25,True
instruct,-5.875,False,-0.3125,False
complex,-5.875,False,0.5,True
simple,-10.03125,False,-0.4375,False
instruct,-10.03125,False,-0.375,False
complex,-10.03125,False,0.5625,True
simple,-7.96875,False,0.125,True
instruct,-7.96875,False,-0.0625,False
complex,-7.96875,False,0.4375,True
simple,-6.75,False,0.3125,True
instruct,-6.75,False,-0.4375,False
complex,-6.75,False,0.375,True
simple,-6.625,False,-0.0625,False
instruct,-6.625,False,-0.625,False
complex,-6.625,False,0.25,True
simple,-8.1875,False,0.1875,True
instruct,-8.1875,False,0.125,True
complex,-8.1875,False,0.0625,True
simple,-7.0625,False,0.125,True
instruct,-7.0625,False,-0.0625,False
complex,-7.0625,False,0.3125,True
simple,-8.1875,False,-0.4375,False
instruct,-8.1875,False,-0.4375,False
complex,-8.1875,False,0.0625,True
simple,-4.375,False,-0.0625,False
instruct,-4.375,False,0.0,False
complex,-4.375,False,0.25,True
simple,-5.5,False,-0.25,False
instruct,-5.5,False,-0.1875,False
complex,-5.5,False,0.375,True
simple,-8.34375,False,-0.1875,False
instruct,-8.34375,False,-0.375,False
complex,-8.34375,False,0.25,True
simple,-2.5625,False,-0.25,False
instruct,-2.5625,False,-0.1875,False
complex,-2.5625,False,0.25,True
simple,-7.40625,False,0.0,False
instruct,-7.40625,False,-0.125,False
complex,-7.40625,False,0.375,True
simple,-6.28125,False,0.1875,True
instruct,-6.28125,False,-0.125,False
complex,-6.28125,False,0.25,True
simple,-1.90625,False,0.25,True
instruct,-1.90625,False,0.0,False
complex,-1.90625,False,0.3125,True
simple,-4.5625,False,0.25,True
instruct,-4.5625,False,0.0,False
complex,-4.5625,False,-0.0625,False
simple,-4.390625,False,-0.1875,False
instruct,-4.390625,False,-0.25,False
complex,-4.390625,False,0.25,True
simple,-6.21875,False,-0.1875,False
instruct,-6.21875,False,-0.125,False
complex,-6.21875,False,0.125,True
simple,-5.71875,False,-0.4375,False
instruct,-5.71875,False,-0.375,False
complex,-5.71875,False,0.25,True
simple,-8.625,False,0.1875,True
instruct,-8.625,False,0.0625,True
complex,-8.625,False,0.375,True
simple,-7.3125,False,-0.0625,False
instruct,-7.3125,False,0.0,False
complex,-7.3125,False,0.125,True
simple,-5.90625,False,0.25,True
instruct,-5.90625,False,0.1875,True
complex,-5.90625,False,0.3125,True
simple,-4.0625,False,0.3125,True
instruct,-4.0625,False,0.25,True
complex,-4.0625,False,0.3125,True
simple,-6.6875,False,0.25,True
instruct,-6.6875,False,-0.5,False
complex,-6.6875,False,0.3125,True
simple,-5.5,False,0.4375,True
instruct,-5.5,False,-0.0625,False
complex,-5.5,False,0.5,True
simple,-7.40625,False,-0.4375,False
instruct,-7.40625,False,-0.4375,False
complex,-7.40625,False,0.1875,True
simple,-6.75,False,-0.125,False
instruct,-6.75,False,-0.375,False
complex,-6.75,False,0.125,True
simple,-6.0,False,0.625,True
instruct,-6.0,False,0.0625,True
complex,-6.0,False,0.3125,True
simple,-18.25,False,1.1875,True
instruct,-18.25,False,0.375,True
complex,-18.25,False,0.6875,True
simple,-13.0,False,0.0,False
instruct,-13.0,False,0.0625,True
complex,-13.0,False,0.25,True
simple,-6.21875,False,0.1875,True
instruct,-6.21875,False,0.1875,True
complex,-6.21875,False,0.375,True
simple,-13.125,False,0.375,True
instruct,-13.125,False,-0.3125,False
complex,-13.125,False,0.3125,True
simple,-8.9375,False,0.0625,True
instruct,-8.9375,False,-0.25,False
complex,-8.9375,False,0.25,True
simple,-7.625,False,0.0,False
instruct,-7.625,False,0.25,True
complex,-7.625,False,0.0625,True
simple,-5.71875,False,0.4375,True
instruct,-5.71875,False,0.0,False
complex,-5.71875,False,0.4375,True
simple,-6.65625,False,-0.3125,False
instruct,-6.65625,False,-0.75,False
complex,-6.65625,False,0.375,True
simple,-3.8125,False,-0.125,False
instruct,-3.8125,False,-0.3125,False
complex,-3.8125,False,0.3125,True
simple,-8.53125,False,0.25,True
instruct,-8.53125,False,-0.5,False
complex,-8.53125,False,0.3125,True
simple,-17.78125,False,0.125,True
instruct,-17.78125,False,-0.0625,False
complex,-17.78125,False,0.25,True
simple,-7.03125,False,0.25,True
instruct,-7.03125,False,-0.125,False
complex,-7.03125,False,0.3125,True
simple,-4.96875,False,0.25,True
instruct,-4.96875,False,0.125,True
complex,-4.96875,False,0.375,True
simple,-2.78125,False,0.375,True
instruct,-2.78125,False,0.0625,True
complex,-2.78125,False,0.1875,True
simple,-4.125,False,0.25,True
instruct,-4.125,False,0.0625,True
complex,-4.125,False,0.125,True
simple,-15.375,False,0.625,True
instruct,-15.375,False,-0.375,False
complex,-15.375,False,0.3125,True
simple,-3.875,False,0.625,True
instruct,-3.875,False,-0.0625,False
complex,-3.875,False,0.25,True
simple,-5.46875,False,0.25,True
instruct,-5.46875,False,-0.25,False
complex,-5.46875,False,0.4375,True
simple,-3.125,False,-1.0,False
instruct,-3.125,False,-1.6875,False
complex,-3.125,False,0.0625,True
simple,-6.0,False,-1.75,False
instruct,-6.0,False,-2.25,False
complex,-6.0,False,-0.0625,False
simple,-6.625,False,-1.1875,False
instruct,-6.625,False,-1.5,False
complex,-6.625,False,-0.0625,False
simple,-5.875,False,-1.875,False
instruct,-5.875,False,-2.5625,False
complex,-5.875,False,-0.0625,False
simple,-4.5,False,-0.875,False
instruct,-4.5,False,-1.6875,False
complex,-4.5,False,0.125,True
simple,-2.3125,False,-0.5625,False
instruct,-2.3125,False,-0.6875,False
complex,-2.3125,False,-0.0625,False
simple,-6.6875,False,-1.25,False
instruct,-6.6875,False,-1.625,False
complex,-6.6875,False,-0.0625,False
simple,-2.75,False,-1.375,False
instruct,-2.75,False,-2.0,False
complex,-2.75,False,-0.125,False
simple,-7.625,False,-1.375,False
instruct,-7.625,False,-2.0625,False
complex,-7.625,False,0.1875,True
simple,-7.625,False,-1.3125,False
instruct,-7.625,False,-1.1875,False
complex,-7.625,False,0.125,True
simple,-5.75,False,-1.1875,False
instruct,-5.75,False,-2.3125,False
complex,-5.75,False,-0.1875,False
simple,-3.9375,False,-1.75,False
instruct,-3.9375,False,-2.1875,False
complex,-3.9375,False,-0.1875,False
simple,-6.625,False,-1.5,False
instruct,-6.625,False,-2.0,False
complex,-6.625,False,0.0,False
simple,-5.3125,False,-2.125,False
instruct,-5.3125,False,-2.625,False
complex,-5.3125,False,0.0,False
simple,-5.5625,False,-1.5625,False
instruct,-5.5625,False,-1.8125,False
complex,-5.5625,False,-0.125,False
simple,-6.5,False,-0.75,False
instruct,-6.5,False,-1.875,False
complex,-6.5,False,-0.125,False
simple,-3.5,False,-0.8125,False
instruct,-3.5,False,-0.875,False
complex,-3.5,False,0.0,False
simple,-5.25,False,-0.9375,False
instruct,-5.25,False,-1.3125,False
complex,-5.25,False,0.3125,True
simple,-6.6875,False,-1.0,False
instruct,-6.6875,False,-1.75,False
complex,-6.6875,False,0.125,True
simple,-3.625,False,-1.5625,False
instruct,-3.625,False,-2.625,False
complex,-3.625,False,0.0625,True
simple,-2.5,False,-1.1875,False
instruct,-2.5,False,-1.5625,False
complex,-2.5,False,-0.0625,False
simple,-6.9375,False,-0.5,False
instruct,-6.9375,False,-1.1875,False
complex,-6.9375,False,-0.0625,False
simple,-5.875,False,-1.75,False
instruct,-5.875,False,-2.5,False
complex,-5.875,False,0.0,False
simple,-5.9375,False,-1.1875,False
instruct,-5.9375,False,-1.5625,False
complex,-5.9375,False,0.125,True
simple,-3.5625,False,-1.9375,False
instruct,-3.5625,False,-3.25,False
complex,-3.5625,False,-0.125,False
simple,-5.4375,False,-0.4375,False
instruct,-5.4375,False,-0.75,False
complex,-5.4375,False,-0.0625,False
simple,-7.25,False,-1.375,False
instruct,-7.25,False,-1.625,False
complex,-7.25,False,0.0625,True
simple,-5.625,False,-1.875,False
instruct,-5.625,False,-2.4375,False
complex,-5.625,False,-0.0625,False
simple,-5.5625,False,-1.5,False
instruct,-5.5625,False,-2.375,False
complex,-5.5625,False,0.0625,True
simple,-8.6875,False,-1.0625,False
instruct,-8.6875,False,-1.4375,False
complex,-8.6875,False,-0.25,False
simple,-4.9375,False,-2.0,False
instruct,-4.9375,False,-2.3125,False
complex,-4.9375,False,0.0,False
simple,-5.125,False,-2.0625,False
instruct,-5.125,False,-2.625,False
complex,-5.125,False,-0.125,False
simple,-4.625,False,-1.6875,False
instruct,-4.625,False,-2.25,False
complex,-4.625,False,-0.0625,False
simple,-6.4375,False,-1.0625,False
instruct,-6.4375,False,-2.5625,False
complex,-6.4375,False,-0.125,False
simple,-3.9375,False,-2.0,False
instruct,-3.9375,False,-2.5,False
complex,-3.9375,False,0.125,True
simple,-4.9375,False,-1.5625,False
instruct,-4.9375,False,-2.125,False
complex,-4.9375,False,-0.125,False
simple,-8.75,False,-1.625,False
instruct,-8.75,False,-2.0,False
complex,-8.75,False,-0.0625,False
simple,-1.1875,False,-1.75,False
instruct,-1.1875,False,-2.625,False
complex,-1.1875,False,0.0625,True
simple,-5.1875,False,-2.0625,False
instruct,-5.1875,False,-2.375,False
complex,-5.1875,False,0.25,True
simple,-3.0625,False,-1.3125,False
instruct,-3.0625,False,-2.125,False
complex,-3.0625,False,0.25,True
simple,-7.9375,False,-1.8125,False
instruct,-7.9375,False,-2.375,False
complex,-7.9375,False,0.125,True
simple,-3.875,False,-1.4375,False
instruct,-3.875,False,-2.125,False
complex,-3.875,False,-0.125,False
simple,-4.75,False,-2.0,False
instruct,-4.75,False,-2.75,False
complex,-4.75,False,0.125,True
simple,-4.6875,False,-2.0,False
instruct,-4.6875,False,-2.375,False
complex,-4.6875,False,0.0,False
simple,-6.125,False,-2.125,False
instruct,-6.125,False,-3.0625,False
complex,-6.125,False,0.0625,True
simple,-6.0,False,-2.0,False
instruct,-6.0,False,-2.8125,False
complex,-6.0,False,0.0,False
simple,-3.375,False,-1.5625,False
instruct,-3.375,False,-1.9375,False
complex,-3.375,False,0.25,True
simple,-7.4375,False,-1.1875,False
instruct,-7.4375,False,-2.375,False
complex,-7.4375,False,-0.0625,False
simple,-6.3125,False,-1.8125,False
instruct,-6.3125,False,-2.3125,False
complex,-6.3125,False,0.1875,True
simple,-4.3125,False,-1.6875,False
instruct,-4.3125,False,-2.75,False
complex,-4.3125,False,0.0,False
simple,-5.625,False,-1.75,False
instruct,-5.625,False,-2.3125,False
complex,-5.625,False,0.0625,True
simple,-5.875,False,-1.75,False
instruct,-5.875,False,-2.75,False
complex,-5.875,False,-0.25,False
simple,-9.375,False,-1.4375,False
instruct,-9.375,False,-2.25,False
complex,-9.375,False,0.125,True
simple,-3.125,False,-1.75,False
instruct,-3.125,False,-2.5625,False
complex,-3.125,False,0.0625,True
simple,-5.4375,False,-1.8125,False
instruct,-5.4375,False,-2.1875,False
complex,-5.4375,False,0.0625,True
simple,-4.1875,False,-2.0,False
instruct,-4.1875,False,-2.25,False
complex,-4.1875,False,0.1875,True
simple,-6.0625,False,-2.0,False
instruct,-6.0625,False,-2.5,False
complex,-6.0625,False,0.0625,True
simple,-7.625,False,-1.5625,False
instruct,-7.625,False,-2.25,False
complex,-7.625,False,-0.1875,False
simple,-7.6875,False,-1.4375,False
instruct,-7.6875,False,-1.875,False
complex,-7.6875,False,0.0625,True
simple,-5.1875,False,-1.8125,False
instruct,-5.1875,False,-2.4375,False
complex,-5.1875,False,-0.0625,False
simple,-2.625,False,-1.875,False
instruct,-2.625,False,-2.8125,False
complex,-2.625,False,-0.1875,False
simple,-5.6875,False,-2.125,False
instruct,-5.6875,False,-3.0625,False
complex,-5.6875,False,-0.0625,False
simple,-6.0,False,-1.4375,False
instruct,-6.0,False,-1.75,False
complex,-6.0,False,0.25,True
simple,-7.9375,False,-2.125,False
instruct,-7.9375,False,-2.8125,False
complex,-7.9375,False,0.1875,True
simple,-5.3125,False,-1.5,False
instruct,-5.3125,False,-2.5625,False
complex,-5.3125,False,-0.125,False
simple,-5.9375,False,-1.9375,False
instruct,-5.9375,False,-2.25,False
complex,-5.9375,False,0.125,True
simple,-4.8125,False,-1.5625,False
instruct,-4.8125,False,-2.0,False
complex,-4.8125,False,-0.0625,False
simple,-3.9375,False,-1.9375,False
instruct,-3.9375,False,-2.4375,False
complex,-3.9375,False,0.0,False
simple,-6.5,False,-2.0625,False
instruct,-6.5,False,-2.5,False
complex,-6.5,False,-0.125,False
simple,-6.375,False,-1.6875,False
instruct,-6.375,False,-2.1875,False
complex,-6.375,False,-0.25,False
simple,-6.5625,False,-2.125,False
instruct,-6.5625,False,-2.8125,False
complex,-6.5625,False,-0.125,False
simple,-3.25,False,-1.6875,False
instruct,-3.25,False,-2.5,False
complex,-3.25,False,0.0,False
simple,-6.3125,False,-2.0,False
instruct,-6.3125,False,-2.8125,False
complex,-6.3125,False,0.125,True
simple,-4.3125,False,-1.125,False
instruct,-4.3125,False,-2.1875,False
complex,-4.3125,False,-0.375,False
simple,-4.5625,False,-1.125,False
instruct,-4.5625,False,-1.5625,False
complex,-4.5625,False,0.0,False
simple,-6.3125,False,-1.875,False
instruct,-6.3125,False,-2.1875,False
complex,-6.3125,False,0.125,True
simple,-5.125,False,-1.625,False
instruct,-5.125,False,-2.25,False
complex,-5.125,False,0.25,True
simple,-5.625,False,-1.5,False
instruct,-5.625,False,-2.6875,False
complex,-5.625,False,-0.0625,False
simple,-5.0,False,-2.1875,False
instruct,-5.0,False,-2.75,False
complex,-5.0,False,0.0,False
simple,-5.875,False,-1.9375,False
instruct,-5.875,False,-2.3125,False
complex,-5.875,False,0.0625,True
simple,-5.625,False,-1.6875,False
instruct,-5.625,False,-2.6875,False
complex,-5.625,False,0.0,False
simple,-4.3125,False,-1.875,False
instruct,-4.3125,False,-2.5625,False
complex,-4.3125,False,-0.0625,False
simple,-4.25,False,-1.1875,False
instruct,-4.25,False,-1.9375,False
complex,-4.25,False,0.0625,True
simple,-6.125,False,-1.6875,False
instruct,-6.125,False,-2.0,False
complex,-6.125,False,0.0,False
simple,-6.8125,False,-1.3125,False
instruct,-6.8125,False,-2.1875,False
complex,-6.8125,False,0.0,False
simple,-4.6875,False,-1.1875,False
instruct,-4.6875,False,-2.125,False
complex,-4.6875,False,-0.125,False
simple,-2.9375,False,-1.875,False
instruct,-2.9375,False,-2.375,False
complex,-2.9375,False,0.0625,True
simple,-4.6875,False,-1.25,False
instruct,-4.6875,False,-1.875,False
complex,-4.6875,False,-0.0625,False
simple,-6.3125,False,-1.625,False
instruct,-6.3125,False,-2.3125,False
complex,-6.3125,False,0.125,True
simple,-2.3125,False,-1.25,False
instruct,-2.3125,False,-1.8125,False
complex,-2.3125,False,-0.1875,False
simple,-5.3125,False,-1.875,False
instruct,-5.3125,False,-2.375,False
complex,-5.3125,False,-0.125,False
simple,-4.75,False,-2.375,False
instruct,-4.75,False,-2.625,False
complex,-4.75,False,0.0625,True
simple,-7.0625,False,-1.9375,False
instruct,-7.0625,False,-2.625,False
complex,-7.0625,False,-0.0625,False
simple,-2.375,False,-1.625,False
instruct,-2.375,False,-2.0,False
complex,-2.375,False,-0.0625,False
simple,-7.375,False,-1.0625,False
instruct,-7.375,False,-1.9375,False
complex,-7.375,False,-0.0625,False
simple,-6.875,False,-1.1875,False
instruct,-6.875,False,-1.25,False
complex,-6.875,False,-0.125,False
simple,-6.4375,False,-1.9375,False
instruct,-6.4375,False,-2.4375,False
complex,-6.4375,False,0.0,False
simple,-5.6875,False,-1.4375,False
instruct,-5.6875,False,-2.3125,False
complex,-5.6875,False,0.0,False
simple,-4.9375,False,-1.875,False
instruct,-4.9375,False,-2.375,False
complex,-4.9375,False,0.1875,True
simple,-5.25,False,-1.5,False
instruct,-5.25,False,-2.125,False
complex,-5.25,False,-0.1875,False
simple,-3.125,False,-0.0625,False
instruct,-3.125,False,-0.375,False
complex,-3.125,False,-0.25,False
simple,-3.25,False,0.0,False
instruct,-3.25,False,-0.3125,False
complex,-3.25,False,-0.125,False
simple,-3.9375,False,-0.375,False
instruct,-3.9375,False,-0.625,False
complex,-3.9375,False,-0.1875,False
simple,-4.875,False,-0.75,False
instruct,-4.875,False,-1.25,False
complex,-4.875,False,-0.25,False
simple,-3.8125,False,0.0,False
instruct,-3.8125,False,-0.4375,False
complex,-3.8125,False,-0.125,False
simple,-3.0,False,-0.125,False
instruct,-3.0,False,-0.5625,False
complex,-3.0,False,-0.125,False
simple,-2.8125,False,-0.1875,False
instruct,-2.8125,False,-0.25,False
complex,-2.8125,False,-0.1875,False
simple,-3.5,False,-0.125,False
instruct,-3.5,False,-0.5,False
complex,-3.5,False,-0.25,False
simple,-4.25,False,-0.25,False
instruct,-4.25,False,-0.5,False
complex,-4.25,False,-0.25,False
simple,-3.3125,False,-0.375,False
instruct,-3.3125,False,-0.375,False
complex,-3.3125,False,-0.3125,False
simple,-3.8125,False,-0.0625,False
instruct,-3.8125,False,-0.4375,False
complex,-3.8125,False,-0.25,False
simple,-2.25,False,-0.125,False
instruct,-2.25,False,-0.5625,False
complex,-2.25,False,-0.25,False
simple,-2.6875,False,-0.3125,False
instruct,-2.6875,False,-0.6875,False
complex,-2.6875,False,-0.125,False
simple,-3.6875,False,-0.0625,False
instruct,-3.6875,False,-0.4375,False
complex,-3.6875,False,-0.1875,False
simple,-4.0625,False,-0.4375,False
instruct,-4.0625,False,-0.625,False
complex,-4.0625,False,-0.25,False
simple,-3.875,False,-0.25,False
instruct,-3.875,False,-0.5,False
complex,-3.875,False,-0.3125,False
simple,-3.3125,False,-0.25,False
instruct,-3.3125,False,-0.5625,False
complex,-3.3125,False,-0.25,False
simple,-3.1875,False,-0.3125,False
instruct,-3.1875,False,-0.6875,False
complex,-3.1875,False,-0.1875,False
simple,-3.6875,False,-0.1875,False
instruct,-3.6875,False,-0.5,False
complex,-3.6875,False,-0.1875,False
simple,-2.4375,False,-0.1875,False
instruct,-2.4375,False,-0.5625,False
complex,-2.4375,False,-0.25,False
simple,-2.9375,False,-0.1875,False
instruct,-2.9375,False,-0.625,False
complex,-2.9375,False,-0.0625,False
simple,-5.3125,False,0.0625,True
instruct,-5.3125,False,-0.4375,False
complex,-5.3125,False,-0.125,False
simple,-3.125,False,-0.25,False
instruct,-3.125,False,-0.375,False
complex,-3.125,False,-0.25,False
simple,-2.6875,False,-0.25,False
instruct,-2.6875,False,-0.6875,False
complex,-2.6875,False,-0.25,False
simple,-3.5625,False,-0.3125,False
instruct,-3.5625,False,-0.625,False
complex,-3.5625,False,-0.3125,False
simple,-4.3125,False,-0.3125,False
instruct,-4.3125,False,-0.625,False
complex,-4.3125,False,-0.0625,False
simple,-4.1875,False,-0.0625,False
instruct,-4.1875,False,-0.375,False
complex,-4.1875,False,-0.25,False
simple,-2.375,False,-0.125,False
instruct,-2.375,False,-0.4375,False
complex,-2.375,False,-0.25,False
simple,-3.9375,False,0.0625,True
instruct,-3.9375,False,-0.6875,False
complex,-3.9375,False,-0.125,False
simple,-2.625,False,-0.0625,False
instruct,-2.625,False,-0.1875,False
complex,-2.625,False,-0.25,False
simple,-2.3125,False,0.125,True
instruct,-2.3125,False,-0.125,False
complex,-2.3125,False,-0.375,False
simple,-2.8125,False,0.0,False
instruct,-2.8125,False,-0.375,False
complex,-2.8125,False,-0.1875,False
simple,-4.1875,False,0.0,False
instruct,-4.1875,False,-0.3125,False
complex,-4.1875,False,-0.0625,False
simple,-2.3125,False,0.5625,True
instruct,-2.3125,False,0.0,False
complex,-2.3125,False,-0.0625,False
simple,-2.75,False,-0.1875,False
instruct,-2.75,False,-0.5,False
complex,-2.75,False,-0.125,False
simple,-4.125,False,-0.1875,False
instruct,-4.125,False,-0.375,False
complex,-4.125,False,0.0,False
simple,-2.625,False,-0.1875,False
instruct,-2.625,False,-0.3125,False
complex,-2.625,False,-0.125,False
simple,-2.6875,False,-0.3125,False
instruct,-2.6875,False,-0.5,False
complex,-2.6875,False,-0.0625,False
simple,-2.875,False,-0.125,False
instruct,-2.875,False,-0.5,False
complex,-2.875,False,-0.125,False
simple,-2.625,False,-0.3125,False
instruct,-2.625,False,-0.8125,False
complex,-2.625,False,-0.375,False
simple,-2.8125,False,-0.25,False
instruct,-2.8125,False,-0.375,False
complex,-2.8125,False,-0.1875,False
simple,-3.5,False,-0.1875,False
instruct,-3.5,False,-0.5,False
complex,-3.5,False,-0.1875,False
simple,-3.0,False,-0.4375,False
instruct,-3.0,False,-0.6875,False
complex,-3.0,False,-0.375,False
simple,-4.0625,False,0.0,False
instruct,-4.0625,False,-0.5,False
complex,-4.0625,False,-0.3125,False
simple,-3.875,False,-0.3125,False
instruct,-3.875,False,-0.6875,False
complex,-3.875,False,-0.25,False
simple,-3.5625,False,-0.125,False
instruct,-3.5625,False,-0.5625,False
complex,-3.5625,False,-0.4375,False
simple,-3.625,False,-0.1875,False
instruct,-3.625,False,-0.8125,False
complex,-3.625,False,-0.4375,False
simple,-2.875,False,-0.1875,False
instruct,-2.875,False,-0.625,False
complex,-2.875,False,-0.4375,False
simple,-3.75,False,0.0,False
instruct,-3.75,False,-0.375,False
complex,-3.75,False,-0.25,False
simple,-2.625,False,0.1875,True
instruct,-2.625,False,-0.25,False
complex,-2.625,False,-0.1875,False
simple,-5.5,False,-0.5,False
instruct,-5.5,False,-1.125,False
complex,-5.5,False,-0.25,False
simple,-4.4375,False,-0.0625,False
instruct,-4.4375,False,-0.5,False
complex,-4.4375,False,-0.1875,False
simple,-4.625,False,-0.5,False
instruct,-4.625,False,-0.625,False
complex,-4.625,False,-0.3125,False
simple,-2.25,False,-0.0625,False
instruct,-2.25,False,0.0,False
complex,-2.25,False,-0.125,False
simple,-3.8125,False,-0.125,False
instruct,-3.8125,False,-0.3125,False
complex,-3.8125,False,-0.3125,False
simple,-2.875,False,0.0625,True
instruct,-2.875,False,-0.4375,False
complex,-2.875,False,-0.3125,False
simple,-2.875,False,-0.125,False
instruct,-2.875,False,-0.4375,False
complex,-2.875,False,-0.0625,False
simple,-3.875,False,-0.25,False
instruct,-3.875,False,-0.375,False
complex,-3.875,False,-0.375,False
simple,-2.375,False,0.125,True
instruct,-2.375,False,-0.1875,False
complex,-2.375,False,-0.3125,False
simple,-3.0,False,-0.0625,False
instruct,-3.0,False,-0.5625,False
complex,-3.0,False,-0.1875,False
simple,-2.125,False,-0.1875,False
instruct,-2.125,False,-0.625,False
complex,-2.125,False,-0.1875,False
simple,-2.0625,False,-0.1875,False
instruct,-2.0625,False,-0.625,False
complex,-2.0625,False,0.0,False
simple,-2.6875,False,-0.25,False
instruct,-2.6875,False,-0.4375,False
complex,-2.6875,False,-0.125,False
simple,-3.75,False,0.0,False
instruct,-3.75,False,-0.375,False
complex,-3.75,False,0.0,False
simple,-2.5625,False,-0.0625,False
instruct,-2.5625,False,-0.6875,False
complex,-2.5625,False,-0.1875,False
simple,-3.25,False,-0.25,False
instruct,-3.25,False,-0.375,False
complex,-3.25,False,-0.3125,False
simple,-2.875,False,-0.125,False
instruct,-2.875,False,-0.5625,False
complex,-2.875,False,-0.1875,False
simple,-3.0,False,-0.0625,False
instruct,-3.0,False,-0.375,False
complex,-3.0,False,-0.125,False
simple,-5.6875,False,-0.1875,False
instruct,-5.6875,False,-0.6875,False
complex,-5.6875,False,-0.1875,False
simple,-2.4375,False,-0.125,False
instruct,-2.4375,False,-0.375,False
complex,-2.4375,False,-0.125,False
simple,-3.5625,False,-0.1875,False
instruct,-3.5625,False,-0.625,False
complex,-3.5625,False,-0.125,False
simple,-1.9375,False,-0.3125,False
instruct,-1.9375,False,-0.5625,False
complex,-1.9375,False,-0.25,False
simple,-4.1875,False,-0.1875,False
instruct,-4.1875,False,-0.5625,False
complex,-4.1875,False,-0.25,False
simple,-3.8125,False,-0.625,False
instruct,-3.8125,False,-0.8125,False
complex,-3.8125,False,-0.0625,False
simple,-2.8125,False,-0.125,False
instruct,-2.8125,False,-0.5,False
complex,-2.8125,False,-0.375,False
simple,-3.1875,False,-0.125,False
instruct,-3.1875,False,-0.75,False
complex,-3.1875,False,-0.1875,False
simple,-4.1875,False,0.0,False
instruct,-4.1875,False,-0.375,False
complex,-4.1875,False,-0.0625,False
simple,-4.75,False,-0.125,False
instruct,-4.75,False,-0.4375,False
complex,-4.75,False,-0.1875,False
simple,-1.5,False,0.0,False
instruct,-1.5,False,-0.5,False
complex,-1.5,False,-0.1875,False
simple,-3.0625,False,-0.125,False
instruct,-3.0625,False,-0.375,False
complex,-3.0625,False,-0.125,False
simple,-2.5,False,-0.25,False
instruct,-2.5,False,-0.5,False
complex,-2.5,False,-0.25,False
simple,-3.0,False,-0.0625,False
instruct,-3.0,False,-0.3125,False
complex,-3.0,False,-0.125,False
simple,-2.9375,False,-0.375,False
instruct,-2.9375,False,-0.8125,False
complex,-2.9375,False,0.0,False
simple,-2.125,False,-0.25,False
instruct,-2.125,False,-0.125,False
complex,-2.125,False,-0.1875,False
simple,-2.1875,False,-0.25,False
instruct,-2.1875,False,-0.375,False
complex,-2.1875,False,-0.125,False
simple,-2.6875,False,-0.0625,False
instruct,-2.6875,False,-0.125,False
complex,-2.6875,False,-0.0625,False
simple,-1.375,False,-0.125,False
instruct,-1.375,False,-0.625,False
complex,-1.375,False,-0.375,False
simple,-3.625,False,-0.3125,False
instruct,-3.625,False,-0.6875,False
complex,-3.625,False,-0.1875,False
simple,-3.0625,False,-0.4375,False
instruct,-3.0625,False,-0.4375,False
complex,-3.0625,False,-0.1875,False
simple,-3.1875,False,-0.3125,False
instruct,-3.1875,False,-0.75,False
complex,-3.1875,False,-0.25,False
simple,-2.9375,False,-0.375,False
instruct,-2.9375,False,-0.875,False
complex,-2.9375,False,-0.3125,False
simple,-4.3125,False,-0.5625,False
instruct,-4.3125,False,-0.4375,False
complex,-4.3125,False,0.0,False
simple,-3.125,False,-0.25,False
instruct,-3.125,False,-0.9375,False
complex,-3.125,False,-0.125,False
simple,-4.125,False,-0.1875,False
instruct,-4.125,False,-0.625,False
complex,-4.125,False,-0.25,False
simple,-3.0625,False,-0.3125,False
instruct,-3.0625,False,-0.6875,False
complex,-3.0625,False,-0.3125,False
simple,-5.375,False,0.0625,True
instruct,-5.375,False,-0.4375,False
complex,-5.375,False,-0.3125,False
simple,-2.125,False,-0.25,False
instruct,-2.125,False,-0.75,False
complex,-2.125,False,-0.1875,False
simple,-2.65625,False,-0.5,False
instruct,-2.65625,False,-0.5625,False
complex,-2.65625,False,-0.375,False
simple,-3.125,False,-0.375,False
instruct,-3.125,False,-0.6875,False
complex,-3.125,False,-0.125,False
simple,-4.25,False,-0.375,False
instruct,-4.25,False,-0.5625,False
complex,-4.25,False,-0.25,False
simple,-3.8125,False,-0.9375,False
instruct,-3.8125,False,-0.875,False
complex,-3.8125,False,-0.5625,False
simple,-5.1875,False,-0.1875,False
instruct,-5.1875,False,-0.5,False
complex,-5.1875,False,-0.0625,False
simple,-3.5,False,-0.625,False
instruct,-3.5,False,-0.4375,False
complex,-3.5,False,-0.375,False
simple,-3.8125,False,-0.75,False
instruct,-3.8125,False,-0.9375,False
complex,-3.8125,False,-0.625,False
simple,-4.9375,False,0.375,True
instruct,-4.9375,False,0.1875,True
complex,-4.9375,False,-0.3125,False
simple,-6.875,False,0.0,False
instruct,-6.875,False,-0.8125,False
complex,-6.875,False,-0.375,False
simple,-7.0625,False,-0.0625,False
instruct,-7.0625,False,-0.3125,False
complex,-7.0625,False,-0.0625,False
simple,-2.375,False,-0.8125,False
instruct,-2.375,False,-1.375,False
complex,-2.375,False,-0.5,False
simple,-5.25,False,-0.75,False
instruct,-5.25,False,-0.9375,False
complex,-5.25,False,-0.1875,False
simple,-1.75,False,-0.25,False
instruct,-1.75,False,-0.25,False
complex,-1.75,False,-0.25,False
simple,-4.0,False,-0.1875,False
instruct,-4.0,False,-1.125,False
complex,-4.0,False,-0.1875,False
simple,-5.875,False,-0.6875,False
instruct,-5.875,False,-0.375,False
complex,-5.875,False,-0.3125,False
simple,-3.0625,False,-0.3125,False
instruct,-3.0625,False,-0.6875,False
complex,-3.0625,False,-0.5625,False
simple,-3.0,False,-1.1875,False
instruct,-3.0,False,-1.375,False
complex,-3.0,False,-0.6875,False
simple,-4.0625,False,-1.0,False
instruct,-4.0625,False,-1.0,False
complex,-4.0625,False,-0.5625,False
simple,-4.3125,False,-0.5625,False
instruct,-4.3125,False,-1.25,False
complex,-4.3125,False,-0.4375,False
simple,-3.25,False,-0.3125,False
instruct,-3.25,False,-1.0625,False
complex,-3.25,False,-0.375,False
simple,-7.375,False,-0.875,False
instruct,-7.375,False,-1.0625,False
complex,-7.375,False,-0.5625,False
simple,-5.6875,False,-0.25,False
instruct,-5.6875,False,0.0625,True
complex,-5.6875,False,-0.3125,False
simple,-5.75,False,0.0,False
instruct,-5.75,False,-0.1875,False
complex,-5.75,False,-0.25,False
simple,-5.4375,False,-0.8125,False
instruct,-5.4375,False,-1.25,False
complex,-5.4375,False,-0.375,False
simple,-7.75,False,-0.625,False
instruct,-7.75,False,-0.5625,False
complex,-7.75,False,-0.4375,False
simple,-5.4375,False,-0.875,False
instruct,-5.4375,False,-1.0,False
complex,-5.4375,False,-0.5625,False
simple,-5.125,False,-0.5,False
instruct,-5.125,False,-0.25,False
complex,-5.125,False,-0.625,False
simple,-3.5,False,-1.0625,False
instruct,-3.5,False,-1.0,False
complex,-3.5,False,-0.375,False
simple,-9.4375,False,-0.0625,False
instruct,-9.4375,False,0.3125,True
complex,-9.4375,False,-0.375,False
simple,-6.5,False,-0.4375,False
instruct,-6.5,False,-0.9375,False
complex,-6.5,False,-0.4375,False
simple,-2.625,False,-0.375,False
instruct,-2.625,False,-0.4375,False
complex,-2.625,False,-0.5625,False
simple,-3.375,False,-0.5625,False
instruct,-3.375,False,-0.75,False
complex,-3.375,False,-0.5,False
simple,-5.375,False,-0.75,False
instruct,-5.375,False,-1.125,False
complex,-5.375,False,-0.375,False
simple,-5.25,False,-0.6875,False
instruct,-5.25,False,-0.9375,False
complex,-5.25,False,-0.375,False
simple,-3.3125,False,-0.8125,False
instruct,-3.3125,False,-0.75,False
complex,-3.3125,False,-0.5,False
simple,-4.25,False,-0.375,False
instruct,-4.25,False,0.0,False
complex,-4.25,False,-0.375,False
simple,-4.625,False,-0.1875,False
instruct,-4.625,False,-0.125,False
complex,-4.625,False,-0.3125,False
simple,-4.625,False,0.3125,True
instruct,-4.625,False,0.125,True
complex,-4.625,False,-0.125,False
simple,-5.6875,False,-0.3125,False
instruct,-5.6875,False,-0.75,False
complex,-5.6875,False,-0.5,False
simple,-4.1875,False,-1.0,False
instruct,-4.1875,False,-1.375,False
complex,-4.1875,False,-0.3125,False
simple,-4.75,False,-0.3125,False
instruct,-4.75,False,-1.125,False
complex,-4.75,False,-0.5,False
simple,-3.75,False,-1.1875,False
instruct,-3.75,False,-1.5625,False
complex,-3.75,False,-0.125,False
simple,-4.125,False,-0.4375,False
instruct,-4.125,False,-0.1875,False
complex,-4.125,False,-0.5,False
simple,-5.1875,False,0.375,True
instruct,-5.1875,False,-0.4375,False
complex,-5.1875,False,-0.25,False
simple,-5.875,False,-0.6875,False
instruct,-5.875,False,-1.0,False
complex,-5.875,False,-0.3125,False
simple,-4.125,False,-0.375,False
instruct,-4.125,False,0.0,False
complex,-4.125,False,-0.25,False
simple,-7.375,False,-0.9375,False
instruct,-7.375,False,-1.25,False
complex,-7.375,False,-0.25,False
simple,-3.5625,False,-0.8125,False
instruct,-3.5625,False,-0.9375,False
complex,-3.5625,False,-0.75,False
simple,-4.5625,False,-0.5625,False
instruct,-4.5625,False,-0.5,False
complex,-4.5625,False,-0.3125,False
simple,-4.0625,False,-0.8125,False
instruct,-4.0625,False,-1.1875,False
complex,-4.0625,False,-0.875,False
simple,-3.8125,False,-0.9375,False
instruct,-3.8125,False,-1.1875,False
complex,-3.8125,False,-0.625,False
simple,-5.8125,False,-0.875,False
instruct,-5.8125,False,-1.125,False
complex,-5.8125,False,-0.375,False
simple,-6.4375,False,-0.5,False
instruct,-6.4375,False,-0.0625,False
complex,-6.4375,False,-0.25,False
simple,-5.6875,False,-0.875,False
instruct,-5.6875,False,-0.875,False
complex,-5.6875,False,-0.5625,False
simple,-4.0625,False,-1.125,False
instruct,-4.0625,False,-1.0625,False
complex,-4.0625,False,-0.5,False
simple,-5.0625,False,-0.4375,False
instruct,-5.0625,False,-1.0,False
complex,-5.0625,False,-0.625,False
simple,-3.0,False,-0.375,False
instruct,-3.0,False,-0.375,False
complex,-3.0,False,-0.4375,False
simple,-3.5,False,-0.9375,False
instruct,-3.5,False,-0.9375,False
complex,-3.5,False,-0.5,False
simple,-5.25,False,-0.875,False
instruct,-5.25,False,-1.0625,False
complex,-5.25,False,-0.4375,False
simple,-6.3125,False,-0.9375,False
instruct,-6.3125,False,-1.375,False
complex,-6.3125,False,-0.4375,False
simple,-3.5,False,-0.8125,False
instruct,-3.5,False,-0.75,False
complex,-3.5,False,-0.3125,False
simple,-3.0,False,-0.375,False
instruct,-3.0,False,-0.375,False
complex,-3.0,False,-0.25,False
simple,-3.5625,False,-0.8125,False
instruct,-3.5625,False,-0.6875,False
complex,-3.5625,False,-0.3125,False
simple,-5.75,False,-0.8125,False
instruct,-5.75,False,-1.0,False
complex,-5.75,False,-0.3125,False
simple,-4.5625,False,-1.125,False
instruct,-4.5625,False,-0.9375,False
complex,-4.5625,False,-0.125,False
simple,-5.625,False,-0.4375,False
instruct,-5.625,False,-0.625,False
complex,-5.625,False,-0.0625,False
simple,-6.875,False,-0.125,False
instruct,-6.875,False,-0.5625,False
complex,-6.875,False,-0.6875,False
simple,-4.75,False,-1.0,False
instruct,-4.75,False,-0.875,False
complex,-4.75,False,-0.25,False
simple,-8.25,False,-1.1875,False
instruct,-8.25,False,-1.625,False
complex,-8.25,False,-0.3125,False
simple,-6.5,False,-0.375,False
instruct,-6.5,False,-0.6875,False
complex,-6.5,False,-0.1875,False
simple,-4.75,False,-0.125,False
instruct,-4.75,False,-0.6875,False
complex,-4.75,False,0.0625,True
simple,-5.4375,False,-1.375,False
instruct,-5.4375,False,-1.5625,False
complex,-5.4375,False,-0.5625,False
simple,-5.625,False,0.125,True
instruct,-5.625,False,-0.5,False
complex,-5.625,False,-0.375,False
simple,-1.875,False,-0.25,False
instruct,-1.875,False,-0.25,False
complex,-1.875,False,-0.625,False
simple,-3.4375,False,-0.4375,False
instruct,-3.4375,False,-1.125,False
complex,-3.4375,False,-0.3125,False
simple,-4.5625,False,-0.75,False
instruct,-4.5625,False,-0.75,False
complex,-4.5625,False,-0.5,False
simple,-2.0,False,-0.4375,False
instruct,-2.0,False,-0.4375,False
complex,-2.0,False,-0.375,False
simple,-3.125,False,-0.75,False
instruct,-3.125,False,-1.0625,False
complex,-3.125,False,-0.4375,False
simple,-4.5625,False,-0.6875,False
instruct,-4.5625,False,-0.875,False
complex,-4.5625,False,-0.4375,False
simple,-1.5,False,-0.3125,False
instruct,-1.5,False,-0.375,False
complex,-1.5,False,-0.3125,False
simple,-3.6875,False,-1.1875,False
instruct,-3.6875,False,-1.25,False
complex,-3.6875,False,-0.5625,False
simple,-3.9375,False,-1.0,False
instruct,-3.9375,False,-0.9375,False
complex,-3.9375,False,-0.5625,False
simple,-4.1875,False,-0.0625,False
instruct,-4.1875,False,-0.625,False
complex,-4.1875,False,0.0625,True
simple,-4.0,False,-0.625,False
instruct,-4.0,False,-1.125,False
complex,-4.0,False,-0.4375,False
simple,-2.875,False,-0.875,False
instruct,-2.875,False,-0.8125,False
complex,-2.875,False,-0.5625,False
simple,-9.0625,False,-1.25,False
instruct,-9.0625,False,-1.3125,False
complex,-9.0625,False,-0.5625,False
simple,-2.625,False,-1.0,False
instruct,-2.625,False,-0.6875,False
complex,-2.625,False,-0.3125,False
simple,-4.5625,False,-0.375,False
instruct,-4.5625,False,-0.5,False
complex,-4.5625,False,-0.3125,False
simple,-4.3125,False,-1.125,False
instruct,-4.3125,False,-1.0,False
complex,-4.3125,False,-0.375,False
simple,-4.1875,False,-0.5,False
instruct,-4.1875,False,-0.625,False
complex,-4.1875,False,0.0,False
simple,-4.4375,False,-0.875,False
instruct,-4.4375,False,-0.625,False
complex,-4.4375,False,-0.3125,False
simple,-5.8125,False,-0.0625,False
instruct,-5.8125,False,-0.5625,False
complex,-5.8125,False,-0.3125,False
simple,-3.0625,False,-0.6875,False
instruct,-3.0625,False,-0.625,False
complex,-3.0625,False,-0.375,False
simple,-6.375,False,-0.6875,False
instruct,-6.375,False,-0.9375,False
complex,-6.375,False,-0.25,False
simple,-4.6875,False,-1.125,False
instruct,-4.6875,False,-1.4375,False
complex,-4.6875,False,-0.375,False
simple,-7.125,False,0.0625,True
instruct,-7.125,False,0.25,True
complex,-7.125,False,-0.125,False
simple,-3.5625,False,-0.875,False
instruct,-3.5625,False,-1.0,False
complex,-3.5625,False,-0.4375,False
simple,-4.0,False,-0.4375,False
instruct,-4.0,False,-0.1875,False
complex,-4.0,False,-0.4375,False
simple,-8.25,False,-0.4375,False
instruct,-8.25,False,-0.625,False
complex,-8.25,False,-0.25,False
simple,-7.1875,False,-1.375,False
instruct,-7.1875,False,-1.5625,False
complex,-7.1875,False,-0.5,False
simple,-5.375,False,-0.875,False
instruct,-5.375,False,-0.875,False
complex,-5.375,False,-0.5625,False
simple,-5.125,False,-1.0,False
instruct,-5.125,False,-1.125,False
complex,-5.125,False,-0.375,False
simple,-4.875,False,-0.1875,False
instruct,-4.875,False,-0.125,False
complex,-4.875,False,-0.4375,False
simple,-4.3125,False,0.0625,True
instruct,-4.3125,False,-0.3125,False
complex,-4.3125,False,-0.125,False
simple,-4.0,False,-0.0625,False
instruct,-4.0,False,-0.3125,False
complex,-4.0,False,0.0,False
simple,-4.3125,False,-0.0625,False
instruct,-4.3125,False,-0.5,False
complex,-4.3125,False,-0.1875,False
simple,-4.5,False,-0.1875,False
instruct,-4.5,False,-0.1875,False
complex,-4.5,False,-0.0625,False
simple,-4.25,False,-0.125,False
instruct,-4.25,False,-0.375,False
complex,-4.25,False,0.0,False
simple,-4.5625,False,-0.125,False
instruct,-4.5625,False,-0.4375,False
complex,-4.5625,False,-0.125,False
simple,-4.375,False,0.0625,True
instruct,-4.375,False,-0.5,False
complex,-4.375,False,-0.1875,False
simple,-3.6875,False,0.1875,True
instruct,-3.6875,False,-0.1875,False
complex,-3.6875,False,0.0625,True
simple,-5.4375,False,-0.1875,False
instruct,-5.4375,False,-0.5,False
complex,-5.4375,False,-0.125,False
simple,-4.5625,False,0.0,False
instruct,-4.5625,False,-0.4375,False
complex,-4.5625,False,-0.0625,False
simple,-4.875,False,-0.125,False
instruct,-4.875,False,-0.125,False
complex,-4.875,False,-0.125,False
simple,-5.9375,False,-0.375,False
instruct,-5.9375,False,-0.6875,False
complex,-5.9375,False,-0.25,False
simple,-5.8125,False,-0.25,False
instruct,-5.8125,False,-0.4375,False
complex,-5.8125,False,-0.1875,False
simple,-5.75,False,-0.3125,False
instruct,-5.75,False,-0.3125,False
complex,-5.75,False,-0.125,False
simple,-4.875,False,-0.0625,False
instruct,-4.875,False,-0.25,False
complex,-4.875,False,-0.25,False
simple,-4.3125,False,-0.1875,False
instruct,-4.3125,False,-0.5,False
complex,-4.3125,False,-0.0625,False
simple,-4.25,False,-0.125,False
instruct,-4.25,False,-0.1875,False
complex,-4.25,False,-0.25,False
simple,-4.8125,False,0.0,False
instruct,-4.8125,False,-0.3125,False
complex,-4.8125,False,-0.1875,False
simple,-4.1875,False,-0.125,False
instruct,-4.1875,False,-0.0625,False
complex,-4.1875,False,-0.125,False
simple,-4.375,False,0.0,False
instruct,-4.375,False,-0.375,False
complex,-4.375,False,-0.25,False
simple,-4.5,False,-0.0625,False
instruct,-4.5,False,-0.1875,False
complex,-4.5,False,-0.125,False
simple,-6.1875,False,-0.5,False
instruct,-6.1875,False,-0.5,False
complex,-6.1875,False,-0.25,False
simple,-4.34375,False,-0.4375,False
instruct,-4.34375,False,-0.5,False
complex,-4.34375,False,-0.125,False
simple,-4.5625,False,-0.25,False
instruct,-4.5625,False,-0.5,False
complex,-4.5625,False,-0.0625,False
simple,-4.5,False,0.125,True
instruct,-4.5,False,-0.25,False
complex,-4.5,False,-0.0625,False
simple,-3.9375,False,-0.0625,False
instruct,-3.9375,False,-0.3125,False
complex,-3.9375,False,-0.0625,False
simple,-4.5625,False,-0.1875,False
instruct,-4.5625,False,-0.4375,False
complex,-4.5625,False,-0.0625,False
simple,-3.875,False,0.0,False
instruct,-3.875,False,-0.25,False
complex,-3.875,False,-0.0625,False
simple,-3.875,False,0.25,True
instruct,-3.875,False,0.0,False
complex,-3.875,False,-0.125,False
simple,-5.5625,False,-0.1875,False
instruct,-5.5625,False,-0.0625,False
complex,-5.5625,False,-0.1875,False
simple,-6.0625,False,-0.375,False
instruct,-6.0625,False,-0.5,False
complex,-6.0625,False,-0.375,False
simple,-4.9375,False,-0.3125,False
instruct,-4.9375,False,-0.375,False
complex,-4.9375,False,-0.25,False
simple,-4.0625,False,-0.125,False
instruct,-4.0625,False,-0.375,False
complex,-4.0625,False,-0.125,False
simple,-4.125,False,-0.1875,False
instruct,-4.125,False,0.0,False
complex,-4.125,False,-0.0625,False
simple,-4.5,False,0.0,False
instruct,-4.5,False,-0.1875,False
complex,-4.5,False,-0.125,False
simple,-4.8125,False,-0.375,False
instruct,-4.8125,False,-0.8125,False
complex,-4.8125,False,-0.0625,False
simple,-5.875,False,-0.375,False
instruct,-5.875,False,-0.5625,False
complex,-5.875,False,-0.1875,False
simple,-4.1875,False,0.0,False
instruct,-4.1875,False,0.0,False
complex,-4.1875,False,0.0,False
simple,-4.6875,False,-0.0625,False
instruct,-4.6875,False,-0.1875,False
complex,-4.6875,False,0.0,False
simple,-4.3125,False,-0.125,False
instruct,-4.3125,False,-0.4375,False
complex,-4.3125,False,-0.25,False
simple,-5.28125,False,-0.3125,False
instruct,-5.28125,False,-0.5625,False
complex,-5.28125,False,-0.125,False
simple,-4.75,False,0.0625,True
instruct,-4.75,False,-0.25,False
complex,-4.75,False,0.0,False
simple,-4.125,False,0.0,False
instruct,-4.125,False,-0.5,False
complex,-4.125,False,-0.1875,False
simple,-4.8125,False,0.0625,True
instruct,-4.8125,False,-0.5,False
complex,-4.8125,False,-0.1875,False
simple,-4.4375,False,-0.125,False
instruct,-4.4375,False,-0.25,False
complex,-4.4375,False,-0.25,False
simple,-5.5,False,-0.375,False
instruct,-5.5,False,-0.4375,False
complex,-5.5,False,-0.3125,False
simple,-4.8125,False,-0.1875,False
instruct,-4.8125,False,-0.1875,False
complex,-4.8125,False,0.0,False
simple,-4.3125,False,0.0,False
instruct,-4.3125,False,0.0625,True
complex,-4.3125,False,-0.125,False
simple,-4.375,False,-0.3125,False
instruct,-4.375,False,-0.5625,False
complex,-4.375,False,-0.0625,False
simple,-5.9375,False,-0.3125,False
instruct,-5.9375,False,-0.125,False
complex,-5.9375,False,0.0,False
simple,-5.0625,False,-0.125,False
instruct,-5.0625,False,-0.0625,False
complex,-5.0625,False,-0.25,False
simple,-6.5,False,-0.3125,False
instruct,-6.5,False,-0.625,False
complex,-6.5,False,-0.1875,False
simple,-5.8125,False,-0.3125,False
instruct,-5.8125,False,-0.5,False
complex,-5.8125,False,-0.375,False
simple,-5.0625,False,-0.0625,False
instruct,-5.0625,False,-0.375,False
complex,-5.0625,False,-0.25,False
simple,-4.9375,False,-0.3125,False
instruct,-4.9375,False,-0.5625,False
complex,-4.9375,False,-0.1875,False
simple,-4.25,False,-0.0625,False
instruct,-4.25,False,-0.4375,False
complex,-4.25,False,-0.125,False
simple,-5.75,False,-0.75,False
instruct,-5.75,False,-1.125,False
complex,-5.75,False,-0.3125,False
simple,-4.25,False,-0.1875,False
instruct,-4.25,False,-0.3125,False
complex,-4.25,False,-0.1875,False
simple,-4.8125,False,-0.3125,False
instruct,-4.8125,False,-0.3125,False
complex,-4.8125,False,-0.1875,False
simple,-6.375,False,-0.6875,False
instruct,-6.375,False,-0.875,False
complex,-6.375,False,-0.375,False
simple,-5.0625,False,-0.0625,False
instruct,-5.0625,False,-0.0625,False
complex,-5.0625,False,-0.125,False
simple,-3.4375,False,0.0,False
instruct,-3.4375,False,-0.5,False
complex,-3.4375,False,-0.125,False
simple,-4.0625,False,-0.0625,False
instruct,-4.0625,False,-0.5,False
complex,-4.0625,False,0.0,False
simple,-4.4375,False,-0.375,False
instruct,-4.4375,False,-0.375,False
complex,-4.4375,False,-0.1875,False
simple,-5.5,False,-0.4375,False
instruct,-5.5,False,-0.5625,False
complex,-5.5,False,-0.0625,False
simple,-4.5,False,-0.0625,False
instruct,-4.5,False,-0.25,False
complex,-4.5,False,-0.25,False
simple,-4.5,False,-0.1875,False
instruct,-4.5,False,-0.125,False
complex,-4.5,False,-0.0625,False
simple,-4.6875,False,-0.125,False
instruct,-4.6875,False,-0.625,False
complex,-4.6875,False,-0.125,False
simple,-3.3125,False,-0.25,False
instruct,-3.3125,False,-0.3125,False
complex,-3.3125,False,-0.125,False
simple,-4.875,False,-0.1875,False
instruct,-4.875,False,-0.5625,False
complex,-4.875,False,-0.25,False
simple,-4.8125,False,-0.25,False
instruct,-4.8125,False,-0.375,False
complex,-4.8125,False,0.0,False
simple,-5.5,False,-0.125,False
instruct,-5.5,False,-0.4375,False
complex,-5.5,False,0.0,False
simple,-4.375,False,-0.1875,False
instruct,-4.375,False,-0.5,False
complex,-4.375,False,-0.125,False
simple,-4.625,False,-0.5,False
instruct,-4.625,False,-0.625,False
complex,-4.625,False,-0.0625,False
simple,-5.6875,False,-0.25,False
instruct,-5.6875,False,-0.875,False
complex,-5.6875,False,-0.1875,False
simple,-7.0,False,-0.5,False
instruct,-7.0,False,-0.6875,False
complex,-7.0,False,-0.3125,False
simple,-4.6875,False,-0.5,False
instruct,-4.6875,False,-0.625,False
complex,-4.6875,False,-0.25,False
simple,-4.875,False,-0.1875,False
instruct,-4.875,False,-0.375,False
complex,-4.875,False,-0.0625,False
simple,-5.5,False,-0.0625,False
instruct,-5.5,False,-0.1875,False
complex,-5.5,False,-0.125,False
simple,-4.625,False,-0.0625,False
instruct,-4.625,False,-0.1875,False
complex,-4.625,False,-0.1875,False
simple,-5.9375,False,-0.3125,False
instruct,-5.9375,False,-0.5625,False
complex,-5.9375,False,-0.1875,False
simple,-5.0625,False,-0.125,False
instruct,-5.0625,False,-0.4375,False
complex,-5.0625,False,-0.375,False
simple,-4.53125,False,-0.125,False
instruct,-4.53125,False,-0.375,False
complex,-4.53125,False,-0.125,False
simple,-4.5,False,-0.1875,False
instruct,-4.5,False,-0.125,False
complex,-4.5,False,-0.125,False
simple,-4.875,False,-0.125,False
instruct,-4.875,False,-0.0625,False
complex,-4.875,False,-0.0625,False
simple,-4.875,False,-0.125,False
instruct,-4.875,False,-0.6875,False
complex,-4.875,False,-0.25,False
simple,-5.5,False,-0.4375,False
instruct,-5.5,False,-0.75,False
complex,-5.5,False,-0.25,False
simple,-4.1875,False,0.0,False
instruct,-4.1875,False,-0.3125,False
complex,-4.1875,False,-0.1875,False
simple,-5.3125,False,-0.3125,False
instruct,-5.3125,False,-0.625,False
complex,-5.3125,False,-0.1875,False
simple,-4.875,False,-0.1875,False
instruct,-4.875,False,-0.375,False
complex,-4.875,False,-0.25,False
simple,-5.625,False,-0.4375,False
instruct,-5.625,False,-0.8125,False
complex,-5.625,False,-0.125,False
simple,-5.0625,False,-0.5,False
instruct,-5.0625,False,-0.4375,False
complex,-5.0625,False,-0.125,False
simple,-4.5625,False,0.0625,True
instruct,-4.5625,False,0.0,False
complex,-4.5625,False,-0.1875,False
simple,-5.9375,False,-0.25,False
instruct,-5.9375,False,-0.5625,False
complex,-5.9375,False,-0.375,False
simple,-4.1875,False,-0.0625,False
instruct,-4.1875,False,-0.1875,False
complex,-4.1875,False,-0.0625,False
simple,-4.6875,False,-0.125,False
instruct,-4.6875,False,-0.4375,False
complex,-4.6875,False,-0.25,False
simple,-4.4375,False,-0.0625,False
instruct,-4.4375,False,-0.1875,False
complex,-4.4375,False,-0.0625,False
simple,-4.6875,False,-0.1875,False
instruct,-4.6875,False,-0.5,False
complex,-4.6875,False,0.0,False
simple,-4.1875,False,-0.125,False
instruct,-4.1875,False,-0.1875,False
complex,-4.1875,False,-0.125,False
simple,-4.125,False,0.0625,True
instruct,-4.125,False,0.0625,True
complex,-4.125,False,-0.0625,False
simple,2.625,True,0.5625,True
instruct,2.625,True,0.375,True
complex,2.625,True,0.4375,True
simple,0.3125,True,0.8125,True
instruct,0.3125,True,1.3125,True
complex,0.3125,True,0.625,True
simple,0.0625,True,0.25,True
instruct,0.0625,True,0.0,False
complex,0.0625,True,0.4375,True
simple,-2.0,False,0.375,True
instruct,-2.0,False,0.4375,True
complex,-2.0,False,0.4375,True
simple,-0.875,False,0.8125,True
instruct,-0.875,False,0.75,True
complex,-0.875,False,0.3125,True
simple,1.1875,True,0.625,True
instruct,1.1875,True,0.75,True
complex,1.1875,True,0.375,True
simple,-2.3125,False,0.75,True
instruct,-2.3125,False,0.4375,True
complex,-2.3125,False,0.5,True
simple,3.4375,True,0.3125,True
instruct,3.4375,True,0.0625,True
complex,3.4375,True,0.3125,True
simple,-0.9375,False,0.6875,True
instruct,-0.9375,False,0.75,True
complex,-0.9375,False,0.5,True
simple,-0.75,False,0.0625,True
instruct,-0.75,False,0.0,False
complex,-0.75,False,0.4375,True
simple,-0.875,False,0.125,True
instruct,-0.875,False,-0.125,False
complex,-0.875,False,0.375,True
simple,-0.1875,False,0.5,True
instruct,-0.1875,False,0.4375,True
complex,-0.1875,False,0.5625,True
simple,-1.4375,False,0.3125,True
instruct,-1.4375,False,0.25,True
complex,-1.4375,False,0.4375,True
simple,-1.4375,False,0.3125,True
instruct,-1.4375,False,0.25,True
complex,-1.4375,False,0.375,True
simple,-0.4375,False,0.6875,True
instruct,-0.4375,False,0.75,True
complex,-0.4375,False,0.4375,True
simple,-2.625,False,0.125,True
instruct,-2.625,False,0.125,True
complex,-2.625,False,0.375,True
simple,-1.25,False,0.3125,True
instruct,-1.25,False,0.5625,True
complex,-1.25,False,0.375,True
simple,-0.125,False,0.625,True
instruct,-0.125,False,0.3125,True
complex,-0.125,False,0.4375,True
simple,-0.75,False,0.375,True
instruct,-0.75,False,0.3125,True
complex,-0.75,False,0.25,True
simple,-2.1875,False,0.8125,True
instruct,-2.1875,False,1.0,True
complex,-2.1875,False,0.1875,True
simple,-1.5625,False,0.5625,True
instruct,-1.5625,False,0.75,True
complex,-1.5625,False,0.25,True
simple,-1.625,False,0.4375,True
instruct,-1.625,False,0.4375,True
complex,-1.625,False,0.25,True
simple,1.09375,True,0.5625,True
instruct,1.09375,True,0.6875,True
complex,1.09375,True,0.3125,True
simple,0.75,True,0.625,True
instruct,0.75,True,0.5625,True
complex,0.75,True,0.375,True
simple,-2.0625,False,0.875,True
instruct,-2.0625,False,0.9375,True
complex,-2.0625,False,0.3125,True
simple,-0.75,False,0.75,True
instruct,-0.75,False,0.6875,True
complex,-0.75,False,0.375,True
simple,-1.5625,False,0.25,True
instruct,-1.5625,False,0.25,True
complex,-1.5625,False,0.375,True
simple,-1.3125,False,0.1875,True
instruct,-1.3125,False,0.3125,True
complex,-1.3125,False,0.1875,True
simple,-0.375,False,0.125,True
instruct,-0.375,False,-0.125,False
complex,-0.375,False,0.3125,True
simple,-14.625,False,0.375,True
instruct,-14.625,False,0.25,True
complex,-14.625,False,0.125,True
simple,-0.4375,False,0.125,True
instruct,-0.4375,False,0.4375,True
complex,-0.4375,False,0.3125,True
simple,-0.8125,False,0.4375,True
instruct,-0.8125,False,0.625,True
complex,-0.8125,False,0.4375,True
simple,0.0625,True,0.0625,True
instruct,0.0625,True,0.25,True
complex,0.0625,True,0.125,True
simple,-0.75,False,0.5625,True
instruct,-0.75,False,0.8125,True
complex,-0.75,False,0.3125,True
simple,-0.4375,False,0.0625,True
instruct,-0.4375,False,0.125,True
complex,-0.4375,False,0.25,True
simple,-2.0625,False,0.6875,True
instruct,-2.0625,False,0.5625,True
complex,-2.0625,False,0.25,True
simple,-2.6875,False,0.25,True
instruct,-2.6875,False,0.25,True
complex,-2.6875,False,0.4375,True
simple,-0.5625,False,0.125,True
instruct,-0.5625,False,0.3125,True
complex,-0.5625,False,0.375,True
simple,-0.0625,False,0.4375,True
instruct,-0.0625,False,0.25,True
complex,-0.0625,False,0.375,True
simple,-1.1875,False,0.5,True
instruct,-1.1875,False,0.375,True
complex,-1.1875,False,0.375,True
simple,-1.375,False,0.75,True
instruct,-1.375,False,1.0,True
complex,-1.375,False,0.4375,True
simple,-0.5625,False,0.375,True
instruct,-0.5625,False,0.1875,True
complex,-0.5625,False,0.25,True
simple,-1.3125,False,-0.3125,False
instruct,-1.3125,False,0.0,False
complex,-1.3125,False,0.25,True
simple,-0.5,False,0.5,True
instruct,-0.5,False,0.4375,True
complex,-0.5,False,0.375,True
simple,-1.3125,False,0.875,True
instruct,-1.3125,False,0.9375,True
complex,-1.3125,False,0.1875,True
simple,-1.5,False,-0.125,False
instruct,-1.5,False,0.125,True
complex,-1.5,False,0.3125,True
simple,-0.125,False,0.3125,True
instruct,-0.125,False,0.125,True
complex,-0.125,False,0.3125,True
simple,0.0625,True,0.25,True
instruct,0.0625,True,0.375,True
complex,0.0625,True,0.4375,True
simple,-1.0,False,0.8125,True
instruct,-1.0,False,0.8125,True
complex,-1.0,False,0.25,True
simple,-1.8125,False,0.25,True
instruct,-1.8125,False,-0.0625,False
complex,-1.8125,False,0.375,True
simple,-2.6875,False,0.3125,True
instruct,-2.6875,False,0.4375,True
complex,-2.6875,False,0.375,True
simple,-0.125,False,0.5,True
instruct,-0.125,False,0.0625,True
complex,-0.125,False,0.4375,True
simple,-0.5625,False,0.4375,True
instruct,-0.5625,False,0.5625,True
complex,-0.5625,False,0.625,True
simple,2.125,True,0.1875,True
instruct,2.125,True,0.25,True
complex,2.125,True,0.375,True
simple,-0.1875,False,0.5,True
instruct,-0.1875,False,0.375,True
complex,-0.1875,False,0.3125,True
simple,-1.5,False,0.0,False
instruct,-1.5,False,0.1875,True
complex,-1.5,False,0.3125,True
simple,1.1875,True,0.5,True
instruct,1.1875,True,0.1875,True
complex,1.1875,True,0.4375,True
simple,-2.0,False,0.1875,True
instruct,-2.0,False,0.0,False
complex,-2.0,False,0.4375,True
simple,0.25,True,0.375,True
instruct,0.25,True,0.625,True
complex,0.25,True,0.4375,True
simple,-2.25,False,-0.25,False
instruct,-2.25,False,-0.3125,False
complex,-2.25,False,0.5,True
simple,-1.9375,False,0.3125,True
instruct,-1.9375,False,-0.0625,False
complex,-1.9375,False,0.5625,True
simple,-0.25,False,0.3125,True
instruct,-0.25,False,0.4375,True
complex,-0.25,False,0.4375,True
simple,0.25,True,0.4375,True
instruct,0.25,True,0.4375,True
complex,0.25,True,0.3125,True
simple,-1.5625,False,0.0625,True
instruct,-1.5625,False,0.25,True
complex,-1.5625,False,0.3125,True
simple,-1.125,False,0.4375,True
instruct,-1.125,False,0.3125,True
complex,-1.125,False,0.5,True
simple,-1.1875,False,0.6875,True
instruct,-1.1875,False,0.6875,True
complex,-1.1875,False,0.5,True
simple,-1.375,False,0.125,True
instruct,-1.375,False,0.3125,True
complex,-1.375,False,0.125,True
simple,-0.8125,False,0.75,True
instruct,-0.8125,False,0.6875,True
complex,-0.8125,False,0.25,True
simple,-0.5625,False,0.5625,True
instruct,-0.5625,False,0.625,True
complex,-0.5625,False,0.3125,True
simple,0.4375,True,0.5,True
instruct,0.4375,True,0.3125,True
complex,0.4375,True,0.4375,True
simple,-0.6875,False,0.0625,True
instruct,-0.6875,False,0.0625,True
complex,-0.6875,False,0.375,True
simple,-1.5625,False,0.0625,True
instruct,-1.5625,False,0.3125,True
complex,-1.5625,False,0.4375,True
simple,-0.5625,False,0.875,True
instruct,-0.5625,False,0.875,True
complex,-0.5625,False,0.4375,True
simple,-1.375,False,0.375,True
instruct,-1.375,False,0.25,True
complex,-1.375,False,0.4375,True
simple,-3.6875,False,0.75,True
instruct,-3.6875,False,1.0625,True
complex,-3.6875,False,0.5,True
simple,-1.125,False,0.0,False
instruct,-1.125,False,-0.3125,False
complex,-1.125,False,0.3125,True
simple,-1.375,False,0.375,True
instruct,-1.375,False,0.5625,True
complex,-1.375,False,0.375,True
simple,-1.5625,False,0.0625,True
instruct,-1.5625,False,0.125,True
complex,-1.5625,False,0.3125,True
simple,-1.9375,False,0.6875,True
instruct,-1.9375,False,0.5625,True
complex,-1.9375,False,0.25,True
simple,-1.0625,False,0.6875,True
instruct,-1.0625,False,0.5625,True
complex,-1.0625,False,0.25,True
simple,0.5625,True,0.1875,True
instruct,0.5625,True,0.5,True
complex,0.5625,True,0.1875,True
simple,-0.875,False,0.3125,True
instruct,-0.875,False,0.1875,True
complex,-0.875,False,0.125,True
simple,-0.875,False,0.625,True
instruct,-0.875,False,0.5625,True
complex,-0.875,False,0.5,True
simple,-0.8125,False,0.1875,True
instruct,-0.8125,False,0.5,True
complex,-0.8125,False,0.375,True
simple,-1.75,False,0.3125,True
instruct,-1.75,False,0.6875,True
complex,-1.75,False,0.3125,True
simple,-1.8125,False,0.875,True
instruct,-1.8125,False,0.5625,True
complex,-1.8125,False,0.375,True
simple,-0.5625,False,0.5,True
instruct,-0.5625,False,0.8125,True
complex,-0.5625,False,0.375,True
simple,-0.9375,False,0.5625,True
instruct,-0.9375,False,0.6875,True
complex,-0.9375,False,0.4375,True
simple,0.25,True,0.9375,True
instruct,0.25,True,1.125,True
complex,0.25,True,0.5,True
simple,-0.0625,False,0.625,True
instruct,-0.0625,False,0.375,True
complex,-0.0625,False,0.25,True
simple,-2.25,False,0.5625,True
instruct,-2.25,False,0.3125,True
complex,-2.25,False,0.4375,True
simple,-2.8125,False,0.4375,True
instruct,-2.8125,False,0.1875,True
complex,-2.8125,False,0.25,True
simple,1.5,True,0.5,True
instruct,1.5,True,0.375,True
complex,1.5,True,0.375,True
simple,-0.5625,False,0.4375,True
instruct,-0.5625,False,1.0,True
complex,-0.5625,False,0.375,True
simple,-1.125,False,0.5,True
instruct,-1.125,False,0.5625,True
complex,-1.125,False,0.375,True
simple,-3.3125,False,0.8125,True
instruct,-3.3125,False,1.125,True
complex,-3.3125,False,0.5,True
simple,-0.6875,False,0.0625,True
instruct,-0.6875,False,0.125,True
complex,-0.6875,False,0.375,True
simple,-0.625,False,0.0625,True
instruct,-0.625,False,0.4375,True
complex,-0.625,False,0.4375,True
simple,-1.875,False,0.3125,True
instruct,-1.875,False,0.0625,True
complex,-1.875,False,0.25,True
simple,0.9375,True,0.25,True
instruct,0.9375,True,0.25,True
complex,0.9375,True,0.4375,True
simple,-3.3125,False,-0.625,False
instruct,-3.3125,False,-1.25,False
complex,-3.3125,False,-0.0625,False
simple,-0.4375,False,-0.6875,False
instruct,-0.4375,False,-0.9375,False
complex,-0.4375,False,0.125,True
simple,7.25,True,-0.4375,False
instruct,7.25,True,-0.6875,False
complex,7.25,True,-0.25,False
simple,-1.5,False,-0.8125,False
instruct,-1.5,False,-1.1875,False
complex,-1.5,False,0.1875,True
simple,-2.125,False,-0.375,False
instruct,-2.125,False,-0.875,False
complex,-2.125,False,-0.3125,False
simple,-1.4375,False,-0.6875,False
instruct,-1.4375,False,-1.1875,False
complex,-1.4375,False,-0.0625,False
simple,-3.375,False,-0.5,False
instruct,-3.375,False,-0.375,False
complex,-3.375,False,-0.1875,False
simple,0.3125,True,-0.4375,False
instruct,0.3125,True,-0.6875,False
complex,0.3125,True,0.0,False
simple,-6.875,False,-0.375,False
instruct,-6.875,False,-1.125,False
complex,-6.875,False,0.125,True
simple,-1.4375,False,-0.8125,False
instruct,-1.4375,False,-1.25,False
complex,-1.4375,False,-0.0625,False
simple,-4.375,False,-0.5625,False
instruct,-4.375,False,-0.6875,False
complex,-4.375,False,0.0625,True
simple,-0.5,False,-0.9375,False
instruct,-0.5,False,-1.4375,False
complex,-0.5,False,-0.0625,False
simple,-4.0625,False,-1.4375,False
instruct,-4.0625,False,-1.4375,False
complex,-4.0625,False,-0.1875,False
simple,-3.375,False,-1.4375,False
instruct,-3.375,False,-2.0,False
complex,-3.375,False,-0.4375,False
simple,-2.75,False,-1.0,False
instruct,-2.75,False,-1.375,False
complex,-2.75,False,-0.25,False
simple,-0.125,False,-1.0,False
instruct,-0.125,False,-1.25,False
complex,-0.125,False,0.1875,True
simple,-3.8125,False,-0.375,False
instruct,-3.8125,False,-0.375,False
complex,-3.8125,False,0.0,False
simple,-5.1875,False,-1.8125,False
instruct,-5.1875,False,-1.9375,False
complex,-5.1875,False,-0.0625,False
simple,-2.3125,False,-1.0625,False
instruct,-2.3125,False,-1.0625,False
complex,-2.3125,False,-0.125,False
simple,-0.6875,False,-1.0625,False
instruct,-0.6875,False,-1.0,False
complex,-0.6875,False,-0.125,False
simple,-3.1875,False,-0.5625,False
instruct,-3.1875,False,-0.9375,False
complex,-3.1875,False,-0.1875,False
simple,-0.5625,False,-1.3125,False
instruct,-0.5625,False,-1.0,False
complex,-0.5625,False,0.0625,True
simple,-4.4375,False,-0.4375,False
instruct,-4.4375,False,-0.625,False
complex,-4.4375,False,-0.125,False
simple,-4.4375,False,-1.25,False
instruct,-4.4375,False,-1.75,False
complex,-4.4375,False,-0.1875,False
simple,-4.0,False,-0.9375,False
instruct,-4.0,False,-1.25,False
complex,-4.0,False,0.1875,True
simple,-1.25,False,-1.1875,False
instruct,-1.25,False,-1.25,False
complex,-1.25,False,0.0,False
simple,-8.0,False,-1.0625,False
instruct,-8.0,False,-0.8125,False
complex,-8.0,False,-0.1875,False
simple,-3.3125,False,-1.1875,False
instruct,-3.3125,False,-1.4375,False
complex,-3.3125,False,-0.0625,False
simple,-0.5,False,-0.1875,False
instruct,-0.5,False,-0.5625,False
complex,-0.5,False,-0.1875,False
simple,-1.375,False,-0.6875,False
instruct,-1.375,False,-1.6875,False
complex,-1.375,False,0.0,False
simple,-3.125,False,-0.875,False
instruct,-3.125,False,-1.125,False
complex,-3.125,False,0.0625,True
simple,-2.6875,False,-0.8125,False
instruct,-2.6875,False,-1.6875,False
complex,-2.6875,False,0.125,True
simple,4.0,True,-0.1875,False
instruct,4.0,True,0.125,True
complex,4.0,True,0.0625,True
simple,-3.25,False,-1.4375,False
instruct,-3.25,False,-2.3125,False
complex,-3.25,False,-0.25,False
simple,-1.625,False,-0.625,False
instruct,-1.625,False,-1.125,False
complex,-1.625,False,-0.125,False
simple,-1.75,False,-1.1875,False
instruct,-1.75,False,-1.75,False
complex,-1.75,False,0.0,False
simple,-3.625,False,-0.6875,False
instruct,-3.625,False,-0.5,False
complex,-3.625,False,-0.0625,False
simple,-0.25,False,-0.4375,False
instruct,-0.25,False,-1.5,False
complex,-0.25,False,0.0625,True
simple,-8.5,False,0.0625,True
instruct,-8.5,False,-0.0625,False
complex,-8.5,False,0.0625,True
simple,-1.25,False,-1.0625,False
instruct,-1.25,False,-1.1875,False
complex,-1.25,False,0.25,True
simple,-0.875,False,-0.875,False
instruct,-0.875,False,-0.9375,False
complex,-0.875,False,-0.125,False
simple,-4.1875,False,-1.0,False
instruct,-4.1875,False,-1.625,False
complex,-4.1875,False,-0.25,False
simple,-0.875,False,-1.375,False
instruct,-0.875,False,-1.25,False
complex,-0.875,False,-0.25,False
simple,-4.1875,False,-1.6875,False
instruct,-4.1875,False,-2.25,False
complex,-4.1875,False,-0.3125,False
simple,0.25,True,-0.625,False
instruct,0.25,True,-0.625,False
complex,0.25,True,-0.0625,False
simple,-1.125,False,-0.5,False
instruct,-1.125,False,-0.9375,False
complex,-1.125,False,-0.1875,False
simple,-1.75,False,-1.3125,False
instruct,-1.75,False,-1.375,False
complex,-1.75,False,-0.125,False
simple,-2.1875,False,-0.875,False
instruct,-2.1875,False,-1.25,False
complex,-2.1875,False,0.0,False
simple,-3.875,False,-0.3125,False
instruct,-3.875,False,-0.5,False
complex,-3.875,False,0.0625,True
simple,-2.5,False,-0.8125,False
instruct,-2.5,False,-1.25,False
complex,-2.5,False,0.0,False
simple,-1.25,False,-0.875,False
instruct,-1.25,False,-0.625,False
complex,-1.25,False,0.0625,True
simple,1.1875,True,-1.125,False
instruct,1.1875,True,-1.1875,False
complex,1.1875,True,0.0625,True
simple,-1.75,False,-0.1875,False
instruct,-1.75,False,-0.4375,False
complex,-1.75,False,-0.1875,False
simple,-3.125,False,-0.8125,False
instruct,-3.125,False,-0.875,False
complex,-3.125,False,-0.0625,False
simple,-2.9375,False,-1.0,False
instruct,-2.9375,False,-1.6875,False
complex,-2.9375,False,0.1875,True
simple,-4.25,False,-0.25,False
instruct,-4.25,False,-0.875,False
complex,-4.25,False,-0.0625,False
simple,-2.3125,False,-0.875,False
instruct,-2.3125,False,-0.9375,False
complex,-2.3125,False,-0.0625,False
simple,0.1875,True,-1.0,False
instruct,0.1875,True,-0.75,False
complex,0.1875,True,-0.125,False
simple,0.0,False,-0.375,False
instruct,0.0,False,-0.4375,False
complex,0.0,False,-0.125,False
simple,-0.9375,False,-1.6875,False
instruct,-0.9375,False,-1.375,False
complex,-0.9375,False,0.125,True
simple,-3.6875,False,-0.75,False
instruct,-3.6875,False,-1.25,False
complex,-3.6875,False,0.0,False
simple,-8.1875,False,-0.625,False
instruct,-8.1875,False,-0.8125,False
complex,-8.1875,False,0.0,False
simple,-1.8125,False,-0.625,False
instruct,-1.8125,False,-1.3125,False
complex,-1.8125,False,-0.0625,False
simple,-2.625,False,-0.6875,False
instruct,-2.625,False,-0.9375,False
complex,-2.625,False,-0.25,False
simple,-8.875,False,-0.9375,False
instruct,-8.875,False,-1.125,False
complex,-8.875,False,0.0,False
simple,-2.125,False,-0.75,False
instruct,-2.125,False,-1.375,False
complex,-2.125,False,-0.25,False
simple,-1.4375,False,-1.5625,False
instruct,-1.4375,False,-1.875,False
complex,-1.4375,False,-0.1875,False
simple,-1.3125,False,-0.8125,False
instruct,-1.3125,False,-1.125,False
complex,-1.3125,False,-0.0625,False
simple,-3.1875,False,-1.5625,False
instruct,-3.1875,False,-2.375,False
complex,-3.1875,False,-0.25,False
simple,-4.4375,False,-1.1875,False
instruct,-4.4375,False,-1.75,False
complex,-4.4375,False,0.0625,True
simple,2.25,True,-0.875,False
instruct,2.25,True,-1.0,False
complex,2.25,True,0.0,False
simple,-1.125,False,-0.875,False
instruct,-1.125,False,-1.0625,False
complex,-1.125,False,0.0625,True
simple,1.5,True,-0.9375,False
instruct,1.5,True,-1.4375,False
complex,1.5,True,-0.1875,False
simple,0.625,True,-0.25,False
instruct,0.625,True,-0.1875,False
complex,0.625,True,-0.1875,False
simple,-2.9375,False,-1.5,False
instruct,-2.9375,False,-2.4375,False
complex,-2.9375,False,-0.3125,False
simple,-1.0,False,-0.9375,False
instruct,-1.0,False,-0.9375,False
complex,-1.0,False,0.0,False
simple,-7.0,False,-1.375,False
instruct,-7.0,False,-1.75,False
complex,-7.0,False,-0.1875,False
simple,-1.75,False,-1.125,False
instruct,-1.75,False,-1.0,False
complex,-1.75,False,-0.0625,False
simple,1.75,True,-0.75,False
instruct,1.75,True,-1.125,False
complex,1.75,True,0.1875,True
simple,-2.5,False,-1.125,False
instruct,-2.5,False,-1.375,False
complex,-2.5,False,0.375,True
simple,-1.125,False,-0.625,False
instruct,-1.125,False,-0.625,False
complex,-1.125,False,-0.25,False
simple,0.125,True,-0.5,False
instruct,0.125,True,0.0,False
complex,0.125,True,-0.0625,False
simple,0.875,True,-0.625,False
instruct,0.875,True,-0.9375,False
complex,0.875,True,0.0,False
simple,0.0,False,-0.6875,False
instruct,0.0,False,-1.625,False
complex,0.0,False,-0.25,False
simple,-6.5,False,-2.0,False
instruct,-6.5,False,-2.4375,False
complex,-6.5,False,-0.125,False
simple,1.125,True,-0.6875,False
instruct,1.125,True,-0.8125,False
complex,1.125,True,0.0625,True
simple,0.9375,True,-1.0625,False
instruct,0.9375,True,-0.9375,False
complex,0.9375,True,-0.1875,False
simple,-1.5625,False,-0.6875,False
instruct,-1.5625,False,-0.3125,False
complex,-1.5625,False,0.0,False
simple,-1.6875,False,-0.4375,False
instruct,-1.6875,False,-1.375,False
complex,-1.6875,False,0.0625,True
simple,-10.0,False,-0.875,False
instruct,-10.0,False,-1.1875,False
complex,-10.0,False,-0.25,False
simple,-5.5,False,-1.0625,False
instruct,-5.5,False,-1.125,False
complex,-5.5,False,-0.0625,False
simple,-2.6875,False,-1.5,False
instruct,-2.6875,False,-1.6875,False
complex,-2.6875,False,0.0,False
simple,-3.5,False,-0.5625,False
instruct,-3.5,False,-1.0,False
complex,-3.5,False,-0.375,False
simple,1.1875,True,-0.875,False
instruct,1.1875,True,-1.75,False
complex,1.1875,True,-0.0625,False
simple,-7.125,False,-1.1875,False
instruct,-7.125,False,-1.5625,False
complex,-7.125,False,0.0,False
simple,-16.5,False,-1.0,False
instruct,-16.5,False,-1.3125,False
complex,-16.5,False,-0.1875,False
simple,-1.75,False,-0.9375,False
instruct,-1.75,False,-1.3125,False
complex,-1.75,False,-0.1875,False
simple,-1.1875,False,-1.125,False
instruct,-1.1875,False,-1.5,False
complex,-1.1875,False,0.125,True
simple,-0.1875,False,-0.75,False
instruct,-0.1875,False,-0.5625,False
complex,-0.1875,False,-0.375,False
simple,-3.5,False,-0.5625,False
instruct,-3.5,False,-1.0625,False
complex,-3.5,False,-0.3125,False
simple,-6.0625,False,-0.8125,False
instruct,-6.0625,False,-1.1875,False
complex,-6.0625,False,-0.1875,False
simple,-6.0625,False,-0.875,False
instruct,-6.0625,False,-1.25,False
complex,-6.0625,False,-0.375,False
simple,-5.875,False,-1.0,False
instruct,-5.875,False,-1.375,False
complex,-5.875,False,-0.25,False
simple,-5.6875,False,-0.6875,False
instruct,-5.6875,False,-0.875,False
complex,-5.6875,False,-0.25,False
simple,-4.75,False,-0.6875,False
instruct,-4.75,False,-0.75,False
complex,-4.75,False,-0.1875,False
simple,-6.3125,False,-0.875,False
instruct,-6.3125,False,-1.5625,False
complex,-6.3125,False,-0.125,False
simple,-2.375,False,-0.8125,False
instruct,-2.375,False,-1.4375,False
complex,-2.375,False,-0.375,False
simple,-5.375,False,-0.625,False
instruct,-5.375,False,-0.8125,False
complex,-5.375,False,-0.1875,False
simple,-6.125,False,-0.6875,False
instruct,-6.125,False,-1.125,False
complex,-6.125,False,-0.25,False
simple,-4.125,False,-0.75,False
instruct,-4.125,False,-1.375,False
complex,-4.125,False,-0.25,False
simple,-6.3125,False,-0.9375,False
instruct,-6.3125,False,-1.625,False
complex,-6.3125,False,-0.125,False
simple,-4.9375,False,-0.625,False
instruct,-4.9375,False,-0.75,False
complex,-4.9375,False,-0.125,False
simple,-7.3125,False,-0.875,False
instruct,-7.3125,False,-1.125,False
complex,-7.3125,False,-0.25,False
simple,-5.875,False,-0.625,False
instruct,-5.875,False,-0.6875,False
complex,-5.875,False,-0.0625,False
simple,-6.6875,False,-1.0625,False
instruct,-6.6875,False,-1.5625,False
complex,-6.6875,False,-0.0625,False
simple,-5.6875,False,-0.5625,False
instruct,-5.6875,False,-0.875,False
complex,-5.6875,False,-0.1875,False
simple,-6.4375,False,-1.125,False
instruct,-6.4375,False,-1.5,False
complex,-6.4375,False,-0.1875,False
simple,-4.9375,False,-0.6875,False
instruct,-4.9375,False,-1.125,False
complex,-4.9375,False,-0.4375,False
simple,-5.875,False,-0.5625,False
instruct,-5.875,False,-0.5625,False
complex,-5.875,False,0.0,False
simple,-5.6875,False,-0.625,False
instruct,-5.6875,False,-0.875,False
complex,-5.6875,False,0.0,False
simple,-6.0,False,-0.8125,False
instruct,-6.0,False,-1.5,False
complex,-6.0,False,-0.3125,False
simple,-5.5,False,-0.75,False
instruct,-5.5,False,-0.625,False
complex,-5.5,False,-0.0625,False
simple,-6.4375,False,-0.875,False
instruct,-6.4375,False,-1.25,False
complex,-6.4375,False,-0.1875,False
simple,-4.875,False,-0.8125,False
instruct,-4.875,False,-1.1875,False
complex,-4.875,False,-0.3125,False
simple,-6.0625,False,-0.625,False
instruct,-6.0625,False,-1.25,False
complex,-6.0625,False,-0.125,False
simple,-6.6875,False,-1.0,False
instruct,-6.6875,False,-1.5,False
complex,-6.6875,False,-0.1875,False
simple,-5.5,False,-0.875,False
instruct,-5.5,False,-1.125,False
complex,-5.5,False,-0.1875,False
simple,-4.625,False,-0.5,False
instruct,-4.625,False,-0.5625,False
complex,-4.625,False,0.0,False
simple,-6.375,False,-1.0,False
instruct,-6.375,False,-1.5625,False
complex,-6.375,False,-0.375,False
simple,-4.125,False,-0.375,False
instruct,-4.125,False,-0.1875,False
complex,-4.125,False,-0.25,False
simple,-7.625,False,-0.8125,False
instruct,-7.625,False,-0.9375,False
complex,-7.625,False,-0.125,False
simple,-5.0,False,-0.4375,False
instruct,-5.0,False,-0.625,False
complex,-5.0,False,-0.125,False
simple,-4.75,False,-0.3125,False
instruct,-4.75,False,-0.5625,False
complex,-4.75,False,-0.1875,False
simple,-7.5,False,-0.625,False
instruct,-7.5,False,-0.875,False
complex,-7.5,False,-0.25,False
simple,-6.0625,False,-0.875,False
instruct,-6.0625,False,-1.25,False
complex,-6.0625,False,-0.1875,False
simple,-7.4375,False,-0.6875,False
instruct,-7.4375,False,-1.1875,False
complex,-7.4375,False,-0.375,False
simple,-6.5625,False,-0.875,False
instruct,-6.5625,False,-1.3125,False
complex,-6.5625,False,-0.125,False
simple,-6.75,False,-1.25,False
instruct,-6.75,False,-1.8125,False
complex,-6.75,False,-0.25,False
simple,-5.1875,False,-0.4375,False
instruct,-5.1875,False,-0.8125,False
complex,-5.1875,False,-0.1875,False
simple,-6.1875,False,-0.75,False
instruct,-6.1875,False,-1.125,False
complex,-6.1875,False,-0.0625,False
simple,-7.0,False,-0.875,False
instruct,-7.0,False,-1.375,False
complex,-7.0,False,-0.125,False
simple,-4.375,False,-0.4375,False
instruct,-4.375,False,-1.0,False
complex,-4.375,False,-0.25,False
simple,-5.6875,False,-0.5,False
instruct,-5.6875,False,-1.0625,False
complex,-5.6875,False,-0.125,False
simple,-6.25,False,-1.0,False
instruct,-6.25,False,-1.25,False
complex,-6.25,False,0.0625,True
simple,-6.0,False,-0.875,False
instruct,-6.0,False,-1.5625,False
complex,-6.0,False,-0.0625,False
simple,-5.0,False,-0.6875,False
instruct,-5.0,False,-1.25,False
complex,-5.0,False,-0.0625,False
simple,-6.75,False,-0.375,False
instruct,-6.75,False,-0.875,False
complex,-6.75,False,-0.0625,False
simple,-3.375,False,-0.6875,False
instruct,-3.375,False,-1.0625,False
complex,-3.375,False,0.0,False
simple,-6.375,False,-0.4375,False
instruct,-6.375,False,-0.4375,False
complex,-6.375,False,0.0625,True
simple,-4.9375,False,-0.6875,False
instruct,-4.9375,False,-1.1875,False
complex,-4.9375,False,-0.125,False
simple,-5.75,False,-0.5625,False
instruct,-5.75,False,-0.9375,False
complex,-5.75,False,-0.1875,False
simple,-6.25,False,-0.875,False
instruct,-6.25,False,-1.375,False
complex,-6.25,False,-0.1875,False
simple,-7.0625,False,-0.6875,False
instruct,-7.0625,False,-0.9375,False
complex,-7.0625,False,-0.25,False
simple,-4.375,False,-0.875,False
instruct,-4.375,False,-0.875,False
complex,-4.375,False,-0.125,False
simple,-6.3125,False,-0.6875,False
instruct,-6.3125,False,-1.4375,False
complex,-6.3125,False,-0.125,False
simple,-6.125,False,-0.75,False
instruct,-6.125,False,-0.875,False
complex,-6.125,False,-0.1875,False
simple,-3.0625,False,-0.75,False
instruct,-3.0625,False,-0.6875,False
complex,-3.0625,False,-0.25,False
simple,-2.875,False,-0.8125,False
instruct,-2.875,False,-0.875,False
complex,-2.875,False,-0.3125,False
simple,-5.875,False,-0.1875,False
instruct,-5.875,False,-0.3125,False
complex,-5.875,False,0.125,True
simple,-8.0625,False,-0.9375,False
instruct,-8.0625,False,-1.625,False
complex,-8.0625,False,-0.25,False
simple,-6.25,False,-0.9375,False
instruct,-6.25,False,-1.3125,False
complex,-6.25,False,-0.1875,False
simple,-4.1875,False,-0.6875,False
instruct,-4.1875,False,-1.125,False
complex,-4.1875,False,-0.3125,False
simple,-7.75,False,-1.0,False
instruct,-7.75,False,-1.5,False
complex,-7.75,False,-0.1875,False
simple,-6.3125,False,-1.125,False
instruct,-6.3125,False,-1.5625,False
complex,-6.3125,False,-0.1875,False
simple,-6.875,False,-0.8125,False
instruct,-6.875,False,-1.1875,False
complex,-6.875,False,0.0,False
simple,-4.5,False,-0.4375,False
instruct,-4.5,False,-0.75,False
complex,-4.5,False,-0.375,False
simple,-5.4375,False,-0.875,False
instruct,-5.4375,False,-0.9375,False
complex,-5.4375,False,-0.125,False
simple,-8.0625,False,-0.875,False
instruct,-8.0625,False,-1.0,False
complex,-8.0625,False,-0.125,False
simple,-6.625,False,-0.5625,False
instruct,-6.625,False,-1.0,False
complex,-6.625,False,-0.25,False
simple,-6.6875,False,-1.0625,False
instruct,-6.6875,False,-1.4375,False
complex,-6.6875,False,-0.3125,False
simple,-7.8125,False,-1.0625,False
instruct,-7.8125,False,-1.625,False
complex,-7.8125,False,0.0,False
simple,-6.25,False,-0.8125,False
instruct,-6.25,False,-1.1875,False
complex,-6.25,False,-0.1875,False
simple,-5.25,False,-0.625,False
instruct,-5.25,False,-0.8125,False
complex,-5.25,False,-0.125,False
simple,-3.5,False,-0.375,False
instruct,-3.5,False,-1.0,False
complex,-3.5,False,-0.3125,False
simple,-5.6875,False,-0.6875,False
instruct,-5.6875,False,-1.0625,False
complex,-5.6875,False,0.0,False
simple,-6.3125,False,-0.9375,False
instruct,-6.3125,False,-1.5,False
complex,-6.3125,False,-0.375,False
simple,-6.5,False,-0.75,False
instruct,-6.5,False,-1.0,False
complex,-6.5,False,-0.125,False
simple,-5.5,False,-0.875,False
instruct,-5.5,False,-1.3125,False
complex,-5.5,False,-0.4375,False
simple,-6.9375,False,-0.75,False
instruct,-6.9375,False,-1.5,False
complex,-6.9375,False,-0.1875,False
simple,-6.875,False,-0.5,False
instruct,-6.875,False,-0.75,False
complex,-6.875,False,0.0,False
simple,-6.125,False,-1.0625,False
instruct,-6.125,False,-1.375,False
complex,-6.125,False,-0.125,False
simple,-6.625,False,-1.25,False
instruct,-6.625,False,-1.875,False
complex,-6.625,False,-0.25,False
simple,-6.0625,False,-1.0625,False
instruct,-6.0625,False,-1.625,False
complex,-6.0625,False,-0.0625,False
simple,-6.0,False,-0.75,False
instruct,-6.0,False,-0.8125,False
complex,-6.0,False,-0.1875,False
simple,-5.5,False,-0.5625,False
instruct,-5.5,False,-1.0,False
complex,-5.5,False,-0.25,False
simple,-5.5625,False,-0.6875,False
instruct,-5.5625,False,-0.875,False
complex,-5.5625,False,-0.125,False
simple,-4.25,False,-0.75,False
instruct,-4.25,False,-1.25,False
complex,-4.25,False,-0.1875,False
simple,-4.6875,False,-0.25,False
instruct,-4.6875,False,-0.0625,False
complex,-4.6875,False,-0.125,False
simple,-4.8125,False,-0.75,False
instruct,-4.8125,False,-0.9375,False
complex,-4.8125,False,-0.3125,False
simple,-4.9375,False,-0.625,False
instruct,-4.9375,False,-0.625,False
complex,-4.9375,False,-0.1875,False
simple,-7.125,False,-0.5625,False
instruct,-7.125,False,-0.9375,False
complex,-7.125,False,-0.125,False
simple,-6.125,False,-0.625,False
instruct,-6.125,False,-1.0625,False
complex,-6.125,False,-0.0625,False
simple,-6.25,False,-0.9375,False
instruct,-6.25,False,-1.0,False
complex,-6.25,False,-0.1875,False
simple,-4.125,False,-0.75,False
instruct,-4.125,False,-0.75,False
complex,-4.125,False,-0.125,False
simple,-4.875,False,-0.8125,False
instruct,-4.875,False,-0.625,False
complex,-4.875,False,-0.0625,False
simple,-6.3125,False,-0.5,False
instruct,-6.3125,False,-0.6875,False
complex,-6.3125,False,-0.125,False
simple,-7.3125,False,-0.6875,False
instruct,-7.3125,False,-1.0,False
complex,-7.3125,False,-0.3125,False
simple,-6.25,False,-1.1875,False
instruct,-6.25,False,-1.4375,False
complex,-6.25,False,-0.25,False
simple,-3.25,False,-0.375,False
instruct,-3.25,False,-0.25,False
complex,-3.25,False,-0.125,False
simple,-6.75,False,-0.9375,False
instruct,-6.75,False,-1.4375,False
complex,-6.75,False,-0.125,False
simple,-2.125,False,0.125,True
instruct,-2.125,False,0.4375,True
complex,-2.125,False,0.0,False
simple,-1.375,False,1.25,True
instruct,-1.375,False,1.1875,True
complex,-1.375,False,0.125,True
simple,-1.5625,False,0.0625,True
instruct,-1.5625,False,-0.0625,False
complex,-1.5625,False,0.0,False
simple,-2.1875,False,0.25,True
instruct,-2.1875,False,0.75,True
complex,-2.1875,False,0.25,True
simple,-3.1875,False,0.3125,True
instruct,-3.1875,False,0.5,True
complex,-3.1875,False,0.25,True
simple,-0.75,False,1.0,True
instruct,-0.75,False,1.0,True
complex,-0.75,False,0.0625,True
simple,-3.5625,False,-0.25,False
instruct,-3.5625,False,0.125,True
complex,-3.5625,False,0.0625,True
simple,-2.0625,False,-0.25,False
instruct,-2.0625,False,0.0,False
complex,-2.0625,False,0.1875,True
simple,-1.125,False,-0.1875,False
instruct,-1.125,False,0.25,True
complex,-1.125,False,0.3125,True
simple,-2.6875,False,0.125,True
instruct,-2.6875,False,0.25,True
complex,-2.6875,False,0.0,False
simple,-2.3125,False,-0.125,False
instruct,-2.3125,False,0.1875,True
complex,-2.3125,False,0.1875,True
simple,-2.6875,False,-0.0625,False
instruct,-2.6875,False,0.0625,True
complex,-2.6875,False,0.125,True
simple,-2.75,False,0.375,True
instruct,-2.75,False,0.9375,True
complex,-2.75,False,0.25,True
simple,-2.1875,False,0.0,False
instruct,-2.1875,False,0.5625,True
complex,-2.1875,False,0.0,False
simple,-2.6875,False,-0.3125,False
instruct,-2.6875,False,0.1875,True
complex,-2.6875,False,0.4375,True
simple,-1.25,False,0.0625,True
instruct,-1.25,False,0.375,True
complex,-1.25,False,0.25,True
simple,-1.625,False,-0.125,False
instruct,-1.625,False,0.3125,True
complex,-1.625,False,0.0,False
simple,-1.5625,False,-0.3125,False
instruct,-1.5625,False,0.3125,True
complex,-1.5625,False,0.1875,True
simple,-2.75,False,0.3125,True
instruct,-2.75,False,0.6875,True
complex,-2.75,False,0.0625,True
simple,-2.5,False,0.25,True
instruct,-2.5,False,0.375,True
complex,-2.5,False,0.1875,True
simple,-1.3125,False,-0.4375,False
instruct,-1.3125,False,-0.4375,False
complex,-1.3125,False,0.25,True
simple,-2.875,False,-0.3125,False
instruct,-2.875,False,-0.5625,False
complex,-2.875,False,0.0625,True
simple,-1.5,False,-0.125,False
instruct,-1.5,False,-0.4375,False
complex,-1.5,False,-0.0625,False
simple,-2.9375,False,0.0625,True
instruct,-2.9375,False,0.3125,True
complex,-2.9375,False,0.1875,True
simple,-2.25,False,-0.1875,False
instruct,-2.25,False,0.0,False
complex,-2.25,False,0.0625,True
simple,-3.3125,False,0.0625,True
instruct,-3.3125,False,0.6875,True
complex,-3.3125,False,0.0,False
simple,-0.8125,False,0.25,True
instruct,-0.8125,False,0.875,True
complex,-0.8125,False,0.0625,True
simple,-1.125,False,0.4375,True
instruct,-1.125,False,0.75,True
complex,-1.125,False,0.0,False
simple,-4.3125,False,-0.375,False
instruct,-4.3125,False,-0.3125,False
complex,-4.3125,False,0.25,True
simple,-2.9375,False,-0.1875,False
instruct,-2.9375,False,-0.25,False
complex,-2.9375,False,0.0625,True
simple,-2.8125,False,-0.125,False
instruct,-2.8125,False,0.0,False
complex,-2.8125,False,0.125,True
simple,-3.0625,False,-0.9375,False
instruct,-3.0625,False,-1.0,False
complex,-3.0625,False,-0.1875,False
simple,-2.6875,False,-0.5,False
instruct,-2.6875,False,-0.5,False
complex,-2.6875,False,-0.125,False
simple,-1.9375,False,0.125,True
instruct,-1.9375,False,0.3125,True
complex,-1.9375,False,0.0625,True
simple,-0.125,False,0.1875,True
instruct,-0.125,False,0.375,True
complex,-0.125,False,-0.0625,False
simple,-2.25,False,-0.375,False
instruct,-2.25,False,0.0,False
complex,-2.25,False,0.25,True
simple,-2.4375,False,0.1875,True
instruct,-2.4375,False,0.375,True
complex,-2.4375,False,0.125,True
simple,-4.0625,False,-0.25,False
instruct,-4.0625,False,0.0625,True
complex,-4.0625,False,0.0,False
simple,-3.1875,False,-0.125,False
instruct,-3.1875,False,-0.5625,False
complex,-3.1875,False,0.0625,True
simple,-3.375,False,-0.125,False
instruct,-3.375,False,-0.25,False
complex,-3.375,False,0.0625,True
simple,-0.125,False,0.125,True
instruct,-0.125,False,0.9375,True
complex,-0.125,False,0.3125,True
simple,-2.125,False,-0.0625,False
instruct,-2.125,False,-0.0625,False
complex,-2.125,False,0.1875,True
simple,-3.75,False,-0.0625,False
instruct,-3.75,False,0.875,True
complex,-3.75,False,0.125,True
simple,-1.75,False,-0.3125,False
instruct,-1.75,False,-0.25,False
complex,-1.75,False,0.1875,True
simple,-2.25,False,0.0625,True
instruct,-2.25,False,0.125,True
complex,-2.25,False,0.1875,True
simple,-2.9375,False,-0.3125,False
instruct,-2.9375,False,-0.25,False
complex,-2.9375,False,-0.25,False
simple,-1.875,False,0.0,False
instruct,-1.875,False,0.1875,True
complex,-1.875,False,0.0,False
simple,-5.1875,False,0.25,True
instruct,-5.1875,False,0.25,True
complex,-5.1875,False,0.0,False
simple,-1.8125,False,-0.125,False
instruct,-1.8125,False,0.1875,True
complex,-1.8125,False,0.25,True
simple,-3.4375,False,0.0,False
instruct,-3.4375,False,0.3125,True
complex,-3.4375,False,0.1875,True
simple,-1.25,False,0.0,False
instruct,-1.25,False,0.1875,True
complex,-1.25,False,0.0625,True
simple,-2.9375,False,-0.125,False
instruct,-2.9375,False,-0.0625,False
complex,-2.9375,False,0.0,False
simple,-2.3125,False,-0.375,False
instruct,-2.3125,False,-0.1875,False
complex,-2.3125,False,-0.0625,False
simple,-2.125,False,-0.375,False
instruct,-2.125,False,-0.3125,False
complex,-2.125,False,-0.3125,False
simple,-2.5625,False,-0.1875,False
instruct,-2.5625,False,0.25,True
complex,-2.5625,False,-0.0625,False
simple,-1.9375,False,-0.3125,False
instruct,-1.9375,False,-0.375,False
complex,-1.9375,False,-0.25,False
simple,-2.25,False,-0.0625,False
instruct,-2.25,False,0.5,True
complex,-2.25,False,0.125,True
simple,-2.375,False,0.0625,True
instruct,-2.375,False,0.125,True
complex,-2.375,False,0.0,False
simple,-3.1875,False,0.0625,True
instruct,-3.1875,False,0.5,True
complex,-3.1875,False,0.0625,True
simple,-2.0625,False,-0.0625,False
instruct,-2.0625,False,0.3125,True
complex,-2.0625,False,0.1875,True
simple,-2.875,False,-0.25,False
instruct,-2.875,False,-0.125,False
complex,-2.875,False,-0.0625,False
simple,-2.8125,False,-0.0625,False
instruct,-2.8125,False,0.25,True
complex,-2.8125,False,0.125,True
simple,-3.0,False,-0.25,False
instruct,-3.0,False,-0.1875,False
complex,-3.0,False,-0.3125,False
simple,-1.9375,False,-0.125,False
instruct,-1.9375,False,0.0625,True
complex,-1.9375,False,0.0,False
simple,-3.3125,False,0.0,False
instruct,-3.3125,False,-0.25,False
complex,-3.3125,False,0.125,True
simple,-2.625,False,0.1875,True
instruct,-2.625,False,0.4375,True
complex,-2.625,False,0.0,False
simple,-3.375,False,-0.125,False
instruct,-3.375,False,0.375,True
complex,-3.375,False,0.1875,True
simple,-4.125,False,0.3125,True
instruct,-4.125,False,0.4375,True
complex,-4.125,False,0.25,True
simple,-3.0,False,0.0,False
instruct,-3.0,False,-0.0625,False
complex,-3.0,False,-0.0625,False
simple,-0.75,False,0.0625,True
instruct,-0.75,False,0.1875,True
complex,-0.75,False,0.0,False
simple,-3.0625,False,0.125,True
instruct,-3.0625,False,0.4375,True
complex,-3.0625,False,0.125,True
simple,-3.375,False,-0.1875,False
instruct,-3.375,False,-0.125,False
complex,-3.375,False,0.125,True
simple,-3.1875,False,-0.3125,False
instruct,-3.1875,False,-0.25,False
complex,-3.1875,False,0.0625,True
simple,-2.5625,False,0.25,True
instruct,-2.5625,False,0.625,True
complex,-2.5625,False,0.3125,True
simple,-2.125,False,-0.0625,False
instruct,-2.125,False,-0.0625,False
complex,-2.125,False,0.0625,True
simple,-2.5625,False,-0.5,False
instruct,-2.5625,False,-0.4375,False
complex,-2.5625,False,-0.25,False
simple,-0.75,False,0.125,True
instruct,-0.75,False,0.4375,True
complex,-0.75,False,0.0,False
simple,-3.375,False,-0.1875,False
instruct,-3.375,False,-0.0625,False
complex,-3.375,False,-0.125,False
simple,-2.8125,False,-0.25,False
instruct,-2.8125,False,-0.125,False
complex,-2.8125,False,-0.0625,False
simple,-3.0625,False,-0.0625,False
instruct,-3.0625,False,-0.1875,False
complex,-3.0625,False,-0.0625,False
simple,-3.25,False,-0.125,False
instruct,-3.25,False,-0.125,False
complex,-3.25,False,0.125,True
simple,-2.5625,False,0.125,True
instruct,-2.5625,False,0.5,True
complex,-2.5625,False,0.25,True
simple,-2.125,False,0.0,False
instruct,-2.125,False,0.0625,True
complex,-2.125,False,0.1875,True
simple,-3.5,False,-0.125,False
instruct,-3.5,False,0.0,False
complex,-3.5,False,-0.0625,False
simple,-2.75,False,-0.125,False
instruct,-2.75,False,0.4375,True
complex,-2.75,False,0.25,True
simple,-2.3125,False,-0.0625,False
instruct,-2.3125,False,0.1875,True
complex,-2.3125,False,0.1875,True
simple,-3.0,False,-0.125,False
instruct,-3.0,False,-0.0625,False
complex,-3.0,False,0.25,True
simple,-2.5,False,0.125,True
instruct,-2.5,False,0.25,True
complex,-2.5,False,-0.125,False
simple,-2.875,False,0.1875,True
instruct,-2.875,False,0.6875,True
complex,-2.875,False,0.1875,True
simple,-1.875,False,-0.4375,False
instruct,-1.875,False,-0.3125,False
complex,-1.875,False,-0.0625,False
simple,-3.0,False,0.125,True
instruct,-3.0,False,0.0625,True
complex,-3.0,False,-0.125,False
simple,-2.125,False,0.0,False
instruct,-2.125,False,0.0625,True
complex,-2.125,False,0.1875,True
simple,-2.25,False,-0.125,False
instruct,-2.25,False,-0.125,False
complex,-2.25,False,0.0,False
simple,-0.25,False,0.125,True
instruct,-0.25,False,0.3125,True
complex,-0.25,False,-0.0625,False
simple,-3.25,False,-0.3125,False
instruct,-3.25,False,-0.1875,False
complex,-3.25,False,-0.125,False
simple,-3.375,False,-0.1875,False
instruct,-3.375,False,0.375,True
complex,-3.375,False,-0.1875,False
simple,-2.25,False,-0.25,False
instruct,-2.25,False,-0.1875,False
complex,-2.25,False,-0.125,False
simple,-2.9375,False,-0.375,False
instruct,-2.9375,False,-0.25,False
complex,-2.9375,False,0.0,False
simple,-3.4375,False,-0.4375,False
instruct,-3.4375,False,-0.125,False
complex,-3.4375,False,0.0625,True
simple,-2.25,False,-0.4375,False
instruct,-2.25,False,-0.375,False
complex,-2.25,False,-0.1875,False
simple,-4.3125,False,-1.4375,False
instruct,-4.3125,False,-1.875,False
complex,-4.3125,False,-0.5,False
simple,-4.8125,False,-1.3125,False
instruct,-4.8125,False,-1.75,False
complex,-4.8125,False,-0.5625,False
simple,-5.625,False,-1.375,False
instruct,-5.625,False,-1.6875,False
complex,-5.625,False,-0.375,False
simple,-4.8125,False,-1.375,False
instruct,-4.8125,False,-1.5,False
complex,-4.8125,False,-0.5,False
simple,-5.6875,False,-1.4375,False
instruct,-5.6875,False,-2.125,False
complex,-5.6875,False,-0.5,False
simple,-4.4375,False,-1.25,False
instruct,-4.4375,False,-1.125,False
complex,-4.4375,False,-0.1875,False
simple,-6.125,False,-1.25,False
instruct,-6.125,False,-1.875,False
complex,-6.125,False,-0.5,False
simple,-6.375,False,-1.3125,False
instruct,-6.375,False,-1.4375,False
complex,-6.375,False,-0.5625,False
simple,-5.5,False,-1.125,False
instruct,-5.5,False,-1.875,False
complex,-5.5,False,-0.5,False
simple,-6.0,False,-1.25,False
instruct,-6.0,False,-1.625,False
complex,-6.0,False,-0.375,False
simple,-5.125,False,-1.125,False
instruct,-5.125,False,-1.4375,False
complex,-5.125,False,-0.4375,False
simple,-5.4375,False,-1.0625,False
instruct,-5.4375,False,-1.1875,False
complex,-5.4375,False,-0.125,False
simple,-5.25,False,-1.375,False
instruct,-5.25,False,-1.875,False
complex,-5.25,False,-0.5625,False
simple,-4.8125,False,-1.3125,False
instruct,-4.8125,False,-1.3125,False
complex,-4.8125,False,-0.375,False
simple,-5.4375,False,-1.0,False
instruct,-5.4375,False,-1.75,False
complex,-5.4375,False,-0.5,False
simple,-5.1875,False,-1.4375,False
instruct,-5.1875,False,-2.25,False
complex,-5.1875,False,-0.5625,False
simple,-4.5,False,-1.3125,False
instruct,-4.5,False,-1.9375,False
complex,-4.5,False,-0.3125,False
simple,-4.6875,False,-1.3125,False
instruct,-4.6875,False,-1.75,False
complex,-4.6875,False,-0.375,False
simple,-3.6875,False,-1.0625,False
instruct,-3.6875,False,-1.25,False
complex,-3.6875,False,-0.4375,False
simple,-5.4375,False,-1.25,False
instruct,-5.4375,False,-1.5625,False
complex,-5.4375,False,-0.375,False
simple,-5.75,False,-1.375,False
instruct,-5.75,False,-2.0,False
complex,-5.75,False,-0.5625,False
simple,-5.5,False,-1.25,False
instruct,-5.5,False,-2.0,False
complex,-5.5,False,-0.5625,False
simple,-5.375,False,-1.4375,False
instruct,-5.375,False,-1.8125,False
complex,-5.375,False,-0.5,False
simple,-4.1875,False,-1.4375,False
instruct,-4.1875,False,-2.0625,False
complex,-4.1875,False,-0.5,False
simple,-5.0,False,-1.125,False
instruct,-5.0,False,-1.5625,False
complex,-5.0,False,-0.5,False
simple,-6.25,False,-1.375,False
instruct,-6.25,False,-1.9375,False
complex,-6.25,False,-0.4375,False
simple,-5.5,False,-1.1875,False
instruct,-5.5,False,-1.8125,False
complex,-5.5,False,-0.5625,False
simple,-5.5,False,-1.125,False
instruct,-5.5,False,-1.6875,False
complex,-5.5,False,-0.375,False
simple,-5.5,False,-1.375,False
instruct,-5.5,False,-2.0,False
complex,-5.5,False,-0.5,False
simple,-5.0625,False,-1.5625,False
instruct,-5.0625,False,-2.3125,False
complex,-5.0625,False,-0.5,False
simple,-4.5,False,-1.25,False
instruct,-4.5,False,-1.3125,False
complex,-4.5,False,-0.375,False
simple,-4.9375,False,-1.3125,False
instruct,-4.9375,False,-1.875,False
complex,-4.9375,False,-0.5,False
simple,-4.875,False,-1.0,False
instruct,-4.875,False,-1.625,False
complex,-4.875,False,-0.1875,False
simple,-6.625,False,-1.0625,False
instruct,-6.625,False,-1.9375,False
complex,-6.625,False,-0.5,False
simple,-6.3125,False,-1.25,False
instruct,-6.3125,False,-2.0625,False
complex,-6.3125,False,-0.625,False
simple,-6.125,False,-1.3125,False
instruct,-6.125,False,-1.5,False
complex,-6.125,False,-0.5625,False
simple,-4.75,False,-1.125,False
instruct,-4.75,False,-1.5625,False
complex,-4.75,False,-0.4375,False
simple,-6.25,False,-1.125,False
instruct,-6.25,False,-1.5625,False
complex,-6.25,False,-0.5625,False
simple,-4.9375,False,-1.5,False
instruct,-4.9375,False,-1.9375,False
complex,-4.9375,False,-0.5625,False
simple,-6.0625,False,-1.1875,False
instruct,-6.0625,False,-1.75,False
complex,-6.0625,False,-0.4375,False
simple,-5.25,False,-1.3125,False
instruct,-5.25,False,-2.0625,False
complex,-5.25,False,-0.4375,False
simple,-4.8125,False,-0.9375,False
instruct,-4.8125,False,-2.0625,False
complex,-4.8125,False,-0.3125,False
simple,-6.5625,False,-1.125,False
instruct,-6.5625,False,-1.6875,False
complex,-6.5625,False,-0.375,False
simple,-4.9375,False,-1.375,False
instruct,-4.9375,False,-2.0625,False
complex,-4.9375,False,-0.5,False
simple,-5.0,False,-1.1875,False
instruct,-5.0,False,-2.0,False
complex,-5.0,False,-0.5,False
simple,-4.9375,False,-0.875,False
instruct,-4.9375,False,-1.3125,False
complex,-4.9375,False,-0.3125,False
simple,-5.75,False,-1.4375,False
instruct,-5.75,False,-1.9375,False
complex,-5.75,False,-0.5625,False
simple,-5.5,False,-1.375,False
instruct,-5.5,False,-2.0625,False
complex,-5.5,False,-0.375,False
simple,-5.0,False,-0.625,False
instruct,-5.0,False,-1.5625,False
complex,-5.0,False,-0.4375,False
simple,-4.375,False,-1.0,False
instruct,-4.375,False,-1.5,False
complex,-4.375,False,-0.625,False
simple,-5.8125,False,-1.8125,False
instruct,-5.8125,False,-2.5625,False
complex,-5.8125,False,-0.6875,False
simple,-5.0625,False,-1.1875,False
instruct,-5.0625,False,-1.75,False
complex,-5.0625,False,-0.25,False
simple,-6.0,False,-1.3125,False
instruct,-6.0,False,-1.875,False
complex,-6.0,False,-0.4375,False
simple,-4.3125,False,-0.8125,False
instruct,-4.3125,False,-1.125,False
complex,-4.3125,False,-0.375,False
simple,-5.8125,False,-1.375,False
instruct,-5.8125,False,-2.0625,False
complex,-5.8125,False,-0.3125,False
simple,-6.5625,False,-1.625,False
instruct,-6.5625,False,-2.3125,False
complex,-6.5625,False,-0.5,False
simple,-6.375,False,-1.625,False
instruct,-6.375,False,-2.0,False
complex,-6.375,False,-0.4375,False
simple,-4.4375,False,-1.625,False
instruct,-4.4375,False,-2.1875,False
complex,-4.4375,False,-0.375,False
simple,-5.375,False,-1.875,False
instruct,-5.375,False,-2.75,False
complex,-5.375,False,-0.375,False
simple,-6.0625,False,-1.6875,False
instruct,-6.0625,False,-2.4375,False
complex,-6.0625,False,-0.4375,False
simple,-5.625,False,-1.6875,False
instruct,-5.625,False,-2.625,False
complex,-5.625,False,-0.625,False
simple,-6.75,False,-1.5,False
instruct,-6.75,False,-1.8125,False
complex,-6.75,False,-0.3125,False
simple,-4.75,False,-1.375,False
instruct,-4.75,False,-2.0625,False
complex,-4.75,False,-0.4375,False
simple,-5.0,False,-1.25,False
instruct,-5.0,False,-2.0625,False
complex,-5.0,False,-0.25,False
simple,-4.75,False,-1.625,False
instruct,-4.75,False,-2.0625,False
complex,-4.75,False,-0.5,False
simple,-5.25,False,-1.625,False
instruct,-5.25,False,-2.75,False
complex,-5.25,False,-0.6875,False
simple,-5.3125,False,-1.5,False
instruct,-5.3125,False,-2.4375,False
complex,-5.3125,False,-0.4375,False
simple,-6.0,False,-1.5625,False
instruct,-6.0,False,-2.125,False
complex,-6.0,False,-0.5,False
simple,-5.0625,False,-1.25,False
instruct,-5.0625,False,-2.0,False
complex,-5.0625,False,-0.5625,False
simple,-5.6875,False,-1.75,False
instruct,-5.6875,False,-2.25,False
complex,-5.6875,False,-0.375,False
simple,-5.875,False,-1.4375,False
instruct,-5.875,False,-2.125,False
complex,-5.875,False,-0.8125,False
simple,-5.75,False,-1.5,False
instruct,-5.75,False,-2.3125,False
complex,-5.75,False,-0.5625,False
simple,-5.625,False,-1.5625,False
instruct,-5.625,False,-2.5,False
complex,-5.625,False,-0.4375,False
simple,-5.25,False,-1.3125,False
instruct,-5.25,False,-2.0625,False
complex,-5.25,False,-0.3125,False
simple,-5.6875,False,-1.5625,False
instruct,-5.6875,False,-2.125,False
complex,-5.6875,False,-0.6875,False
simple,-6.1875,False,-1.8125,False
instruct,-6.1875,False,-2.125,False
complex,-6.1875,False,-0.3125,False
simple,-5.875,False,-2.125,False
instruct,-5.875,False,-2.75,False
complex,-5.875,False,-0.5,False
simple,-5.8125,False,-1.625,False
instruct,-5.8125,False,-2.1875,False
complex,-5.8125,False,-0.625,False
simple,-5.25,False,-1.4375,False
instruct,-5.25,False,-2.0,False
complex,-5.25,False,-0.5,False
simple,-5.0625,False,-1.5,False
instruct,-5.0625,False,-2.375,False
complex,-5.0625,False,-0.375,False
simple,-5.1875,False,-1.4375,False
instruct,-5.1875,False,-2.25,False
complex,-5.1875,False,-0.5625,False
simple,-6.625,False,-2.0,False
instruct,-6.625,False,-2.4375,False
complex,-6.625,False,-0.5625,False
simple,-5.5,False,-1.8125,False
instruct,-5.5,False,-2.375,False
complex,-5.5,False,-0.375,False
simple,-4.25,False,-1.625,False
instruct,-4.25,False,-2.25,False
complex,-4.25,False,-0.3125,False
simple,-6.125,False,-1.5,False
instruct,-6.125,False,-2.3125,False
complex,-6.125,False,-0.3125,False
simple,-5.5,False,-1.5625,False
instruct,-5.5,False,-2.25,False
complex,-5.5,False,-0.5625,False
simple,-4.75,False,-1.5,False
instruct,-4.75,False,-2.125,False
complex,-4.75,False,-0.4375,False
simple,-5.5,False,-1.3125,False
instruct,-5.5,False,-2.1875,False
complex,-5.5,False,-0.4375,False
simple,-6.0625,False,-1.5625,False
instruct,-6.0625,False,-2.1875,False
complex,-6.0625,False,-0.4375,False
simple,-4.25,False,-1.0,False
instruct,-4.25,False,-2.375,False
complex,-4.25,False,-0.3125,False
simple,-6.0625,False,-1.875,False
instruct,-6.0625,False,-2.5625,False
complex,-6.0625,False,-0.3125,False
simple,-5.625,False,-1.5,False
instruct,-5.625,False,-2.4375,False
complex,-5.625,False,-0.4375,False
simple,-5.75,False,-1.625,False
instruct,-5.75,False,-2.4375,False
complex,-5.75,False,-0.375,False
simple,-5.5,False,-1.8125,False
instruct,-5.5,False,-2.3125,False
complex,-5.5,False,-0.4375,False
simple,-5.25,False,-1.75,False
instruct,-5.25,False,-2.25,False
complex,-5.25,False,-0.5,False
simple,-5.6875,False,-1.75,False
instruct,-5.6875,False,-2.25,False
complex,-5.6875,False,-0.4375,False
simple,-5.75,False,-1.5625,False
instruct,-5.75,False,-2.1875,False
complex,-5.75,False,-0.4375,False
simple,-5.375,False,-1.375,False
instruct,-5.375,False,-1.875,False
complex,-5.375,False,-0.5625,False
simple,-6.0625,False,-1.625,False
instruct,-6.0625,False,-2.4375,False
complex,-6.0625,False,-0.375,False
simple,-6.0625,False,-1.8125,False
instruct,-6.0625,False,-2.3125,False
complex,-6.0625,False,-0.5,False
simple,-2.125,False,-0.125,False
instruct,-2.125,False,0.125,True
complex,-2.125,False,-0.125,False
simple,-1.0,False,-0.5,False
instruct,-1.0,False,-0.1875,False
complex,-1.0,False,-0.0625,False
simple,-0.0625,False,0.0,False
instruct,-0.0625,False,0.0625,True
complex,-0.0625,False,-0.25,False
simple,-3.375,False,0.0625,True
instruct,-3.375,False,0.5,True
complex,-3.375,False,-0.0625,False
simple,-3.875,False,0.0625,True
instruct,-3.875,False,0.6875,True
complex,-3.875,False,0.0625,True
simple,-2.125,False,0.4375,True
instruct,-2.125,False,0.0625,True
complex,-2.125,False,-0.1875,False
simple,-1.75,False,0.25,True
instruct,-1.75,False,0.375,True
complex,-1.75,False,-0.0625,False
simple,-0.8125,False,-0.75,False
instruct,-0.8125,False,-0.6875,False
complex,-0.8125,False,-0.0625,False
simple,-0.75,False,-0.0625,False
instruct,-0.75,False,-0.25,False
complex,-0.75,False,-0.25,False
simple,-1.0,False,-0.0625,False
instruct,-1.0,False,-0.125,False
complex,-1.0,False,-0.125,False
simple,-2.75,False,-0.5625,False
instruct,-2.75,False,0.0,False
complex,-2.75,False,0.1875,True
simple,-1.8125,False,-0.25,False
instruct,-1.8125,False,-0.1875,False
complex,-1.8125,False,-0.1875,False
simple,-3.375,False,-0.25,False
instruct,-3.375,False,0.0625,True
complex,-3.375,False,-0.0625,False
simple,-1.625,False,-0.3125,False
instruct,-1.625,False,0.1875,True
complex,-1.625,False,-0.125,False
simple,-0.8125,False,-0.25,False
instruct,-0.8125,False,0.125,True
complex,-0.8125,False,-0.125,False
simple,-2.625,False,0.125,True
instruct,-2.625,False,0.0625,True
complex,-2.625,False,-0.4375,False
simple,-2.5625,False,-0.0625,False
instruct,-2.5625,False,0.5,True
complex,-2.5625,False,-0.0625,False
simple,-0.625,False,-0.3125,False
instruct,-0.625,False,-0.4375,False
complex,-0.625,False,-0.1875,False
simple,-0.125,False,-0.5,False
instruct,-0.125,False,-0.5,False
complex,-0.125,False,-0.25,False
simple,-1.125,False,-0.3125,False
instruct,-1.125,False,0.1875,True
complex,-1.125,False,-0.0625,False
simple,-1.3125,False,-0.375,False
instruct,-1.3125,False,0.125,True
complex,-1.3125,False,0.0,False
simple,1.625,True,0.1875,True
instruct,1.625,True,0.625,True
complex,1.625,True,0.0,False
simple,-2.0,False,-0.3125,False
instruct,-2.0,False,0.0,False
complex,-2.0,False,-0.0625,False
simple,-1.25,False,-0.0625,False
instruct,-1.25,False,0.375,True
complex,-1.25,False,-0.1875,False
simple,-3.125,False,-0.3125,False
instruct,-3.125,False,0.3125,True
complex,-3.125,False,-0.125,False
simple,-1.625,False,-0.375,False
instruct,-1.625,False,-0.1875,False
complex,-1.625,False,0.0,False
simple,0.125,True,-0.125,False
instruct,0.125,True,-0.375,False
complex,0.125,True,-0.0625,False
simple,-0.5,False,0.375,True
instruct,-0.5,False,0.5,True
complex,-0.5,False,-0.0625,False
simple,-1.375,False,-0.125,False
instruct,-1.375,False,0.125,True
complex,-1.375,False,-0.1875,False
simple,-2.25,False,0.1875,True
instruct,-2.25,False,0.0625,True
complex,-2.25,False,-0.3125,False
simple,-2.1875,False,0.0,False
instruct,-2.1875,False,0.4375,True
complex,-2.1875,False,0.0625,True
simple,-1.5625,False,0.0,False
instruct,-1.5625,False,0.25,True
complex,-1.5625,False,0.0,False
simple,0.0,False,-0.125,False
instruct,0.0,False,0.125,True
complex,0.0,False,-0.25,False
simple,-1.625,False,-0.0625,False
instruct,-1.625,False,0.25,True
complex,-1.625,False,-0.1875,False
simple,-1.375,False,-0.125,False
instruct,-1.375,False,0.1875,True
complex,-1.375,False,-0.3125,False
simple,-2.6875,False,-0.125,False
instruct,-2.6875,False,-0.25,False
complex,-2.6875,False,0.0625,True
simple,-2.25,False,-0.1875,False
instruct,-2.25,False,0.5625,True
complex,-2.25,False,-0.125,False
simple,-1.375,False,-0.25,False
instruct,-1.375,False,0.125,True
complex,-1.375,False,-0.3125,False
simple,-1.375,False,-0.1875,False
instruct,-1.375,False,0.125,True
complex,-1.375,False,-0.0625,False
simple,-1.875,False,-0.125,False
instruct,-1.875,False,0.0625,True
complex,-1.875,False,-0.0625,False
simple,-1.125,False,-0.0625,False
instruct,-1.125,False,-0.125,False
complex,-1.125,False,-0.25,False
simple,-2.625,False,-0.0625,False
instruct,-2.625,False,-0.4375,False
complex,-2.625,False,-0.125,False
simple,-2.1875,False,-0.0625,False
instruct,-2.1875,False,-0.0625,False
complex,-2.1875,False,-0.125,False
simple,-0.625,False,-0.0625,False
instruct,-0.625,False,0.375,True
complex,-0.625,False,-0.3125,False
simple,-0.75,False,-0.5625,False
instruct,-0.75,False,-0.5,False
complex,-0.75,False,0.0,False
simple,-2.25,False,-0.5,False
instruct,-2.25,False,-0.25,False
complex,-2.25,False,-0.3125,False
simple,-0.75,False,0.0,False
instruct,-0.75,False,0.1875,True
complex,-0.75,False,-0.25,False
simple,-2.0,False,-0.3125,False
instruct,-2.0,False,0.0625,True
complex,-2.0,False,-0.0625,False
simple,-0.8125,False,-0.8125,False
instruct,-0.8125,False,-0.5625,False
complex,-0.8125,False,-0.125,False
simple,-1.625,False,-0.0625,False
instruct,-1.625,False,-0.125,False
complex,-1.625,False,-0.125,False
simple,-3.375,False,-0.3125,False
instruct,-3.375,False,-0.125,False
complex,-3.375,False,-0.0625,False
simple,-0.75,False,-0.5,False
instruct,-0.75,False,-0.6875,False
complex,-0.75,False,-0.1875,False
simple,-1.5625,False,-0.25,False
instruct,-1.5625,False,0.25,True
complex,-1.5625,False,-0.125,False
simple,-2.0,False,0.0625,True
instruct,-2.0,False,0.1875,True
complex,-2.0,False,-0.25,False
simple,-2.125,False,-0.125,False
instruct,-2.125,False,0.0625,True
complex,-2.125,False,-0.0625,False
simple,-1.875,False,-0.1875,False
instruct,-1.875,False,0.0,False
complex,-1.875,False,0.0625,True
simple,-0.125,False,0.375,True
instruct,-0.125,False,0.5,True
complex,-0.125,False,-0.3125,False
simple,-1.375,False,0.1875,True
instruct,-1.375,False,0.625,True
complex,-1.375,False,0.0,False
simple,-3.375,False,-0.0625,False
instruct,-3.375,False,0.375,True
complex,-3.375,False,0.0625,True
simple,-2.5,False,0.0625,True
instruct,-2.5,False,0.25,True
complex,-2.5,False,-0.0625,False
simple,-3.75,False,-0.0625,False
instruct,-3.75,False,0.125,True
complex,-3.75,False,-0.0625,False
simple,-0.6875,False,-0.1875,False
instruct,-0.6875,False,0.1875,True
complex,-0.6875,False,-0.125,False
simple,-2.25,False,-0.3125,False
instruct,-2.25,False,-0.375,False
complex,-2.25,False,-0.125,False
simple,-0.75,False,-0.0625,False
instruct,-0.75,False,0.3125,True
complex,-0.75,False,-0.125,False
simple,-1.5,False,-0.5625,False
instruct,-1.5,False,-0.125,False
complex,-1.5,False,-0.1875,False
simple,-2.5,False,0.25,True
instruct,-2.5,False,0.4375,True
complex,-2.5,False,-0.1875,False
simple,-1.0625,False,-0.25,False
instruct,-1.0625,False,0.0625,True
complex,-1.0625,False,-0.1875,False
simple,-2.375,False,0.0,False
instruct,-2.375,False,0.0625,True
complex,-2.375,False,-0.1875,False
simple,-3.0,False,0.125,True
instruct,-3.0,False,0.4375,True
complex,-3.0,False,-0.125,False
simple,-1.5,False,-0.25,False
instruct,-1.5,False,-0.1875,False
complex,-1.5,False,-0.1875,False
simple,-1.5,False,-0.25,False
instruct,-1.5,False,-0.1875,False
complex,-1.5,False,-0.3125,False
simple,-2.0,False,0.0,False
instruct,-2.0,False,0.5,True
complex,-2.0,False,-0.125,False
simple,-2.25,False,-0.375,False
instruct,-2.25,False,-0.1875,False
complex,-2.25,False,-0.0625,False
simple,-2.375,False,-0.3125,False
instruct,-2.375,False,0.25,True
complex,-2.375,False,0.0,False
simple,-1.6875,False,0.125,True
instruct,-1.6875,False,0.5,True
complex,-1.6875,False,-0.3125,False
simple,-1.375,False,0.0625,True
instruct,-1.375,False,0.0625,True
complex,-1.375,False,-0.25,False
simple,-2.0,False,-0.1875,False
instruct,-2.0,False,-0.1875,False
complex,-2.0,False,-0.4375,False
simple,-1.8125,False,-0.5625,False
instruct,-1.8125,False,0.0,False
complex,-1.8125,False,0.0625,True
simple,-1.375,False,-0.375,False
instruct,-1.375,False,-0.25,False
complex,-1.375,False,-0.0625,False
simple,0.25,True,0.0625,True
instruct,0.25,True,0.375,True
complex,0.25,True,-0.125,False
simple,-3.6875,False,-0.0625,False
instruct,-3.6875,False,-0.3125,False
complex,-3.6875,False,-0.125,False
simple,0.0,False,-0.375,False
instruct,0.0,False,-0.375,False
complex,0.0,False,-0.0625,False
simple,-1.375,False,-0.1875,False
instruct,-1.375,False,-0.1875,False
complex,-1.375,False,-0.1875,False
simple,-1.625,False,-0.0625,False
instruct,-1.625,False,0.3125,True
complex,-1.625,False,-0.4375,False
simple,0.0,False,-0.25,False
instruct,0.0,False,-0.25,False
complex,0.0,False,-0.1875,False
simple,-1.5,False,-0.4375,False
instruct,-1.5,False,-0.375,False
complex,-1.5,False,0.0,False
simple,-2.4375,False,-0.4375,False
instruct,-2.4375,False,-0.25,False
complex,-2.4375,False,-0.25,False
simple,-1.5,False,-0.5,False
instruct,-1.5,False,-0.6875,False
complex,-1.5,False,-0.5,False
simple,-0.5,False,-0.4375,False
instruct,-0.5,False,0.25,True
complex,-0.5,False,-0.1875,False
simple,-1.375,False,-0.3125,False
instruct,-1.375,False,-0.125,False
complex,-1.375,False,-0.0625,False
simple,-0.875,False,-0.375,False
instruct,-0.875,False,-0.375,False
complex,-0.875,False,-0.125,False
simple,-0.75,False,-0.3125,False
instruct,-0.75,False,-0.125,False
complex,-0.75,False,-0.125,False
simple,-1.875,False,-0.25,False
instruct,-1.875,False,-0.1875,False
complex,-1.875,False,-0.1875,False
simple,-1.875,False,-0.1875,False
instruct,-1.875,False,0.3125,True
complex,-1.875,False,-0.125,False
simple,-2.125,False,0.0625,True
instruct,-2.125,False,0.5,True
complex,-2.125,False,-0.1875,False
simple,-2.375,False,-0.3125,False
instruct,-2.375,False,-0.0625,False
complex,-2.375,False,0.0625,True
simple,-2.1875,False,-0.1875,False
instruct,-2.1875,False,-0.3125,False
complex,-2.1875,False,-0.0625,False
simple,-1.1875,False,0.1875,True
instruct,-1.1875,False,0.4375,True
complex,-1.1875,False,-0.375,False
simple,-2.4375,False,-0.4375,False
instruct,-2.4375,False,-0.0625,False
complex,-2.4375,False,0.0,False
simple,-1.25,False,0.0,False
instruct,-1.25,False,0.0625,True
complex,-1.25,False,-0.25,False
simple,0.8125,True,-0.125,False
instruct,0.8125,True,-0.375,False
complex,0.8125,True,0.125,True
simple,-0.375,False,-0.125,False
instruct,-0.375,False,-0.0625,False
complex,-0.375,False,0.0625,True
simple,-0.125,False,0.0,False
instruct,-0.125,False,-0.1875,False
complex,-0.125,False,0.3125,True
simple,-1.5,False,-0.375,False
instruct,-1.5,False,-0.4375,False
complex,-1.5,False,0.3125,True
simple,1.125,True,-0.25,False
instruct,1.125,True,-0.3125,False
complex,1.125,True,0.0,False
simple,-1.125,False,-0.375,False
instruct,-1.125,False,-0.25,False
complex,-1.125,False,0.1875,True
simple,1.75,True,0.4375,True
instruct,1.75,True,0.125,True
complex,1.75,True,-0.0625,False
simple,-0.625,False,-0.4375,False
instruct,-0.625,False,-0.4375,False
complex,-0.625,False,-0.0625,False
simple,-2.0,False,-0.3125,False
instruct,-2.0,False,-0.5,False
complex,-2.0,False,0.1875,True
simple,0.25,True,-0.6875,False
instruct,0.25,True,-0.9375,False
complex,0.25,True,-0.0625,False
simple,-0.75,False,-0.75,False
instruct,-0.75,False,-0.5625,False
complex,-0.75,False,0.25,True
simple,0.125,True,-0.25,False
instruct,0.125,True,-0.8125,False
complex,0.125,True,-0.125,False
simple,-0.625,False,-0.6875,False
instruct,-0.625,False,-1.3125,False
complex,-0.625,False,0.0,False
simple,0.8125,True,-0.3125,False
instruct,0.8125,True,-0.5625,False
complex,0.8125,True,0.0,False
simple,0.9375,True,0.0,False
instruct,0.9375,True,-0.1875,False
complex,0.9375,True,0.125,True
simple,0.625,True,-0.5625,False
instruct,0.625,True,-0.8125,False
complex,0.625,True,0.0,False
simple,-0.75,False,-0.25,False
instruct,-0.75,False,-0.0625,False
complex,-0.75,False,-0.0625,False
simple,1.4375,True,-0.0625,False
instruct,1.4375,True,-0.375,False
complex,1.4375,True,-0.125,False
simple,1.5625,True,-0.125,False
instruct,1.5625,True,-0.5625,False
complex,1.5625,True,-0.0625,False
simple,1.375,True,-0.125,False
instruct,1.375,True,-0.4375,False
complex,1.375,True,0.1875,True
simple,-0.25,False,-0.1875,False
instruct,-0.25,False,-0.5,False
complex,-0.25,False,0.0625,True
simple,1.5625,True,-0.3125,False
instruct,1.5625,True,-0.4375,False
complex,1.5625,True,-0.0625,False
simple,0.25,True,-0.1875,False
instruct,0.25,True,-0.25,False
complex,0.25,True,0.0625,True
simple,-1.875,False,-0.25,False
instruct,-1.875,False,-0.625,False
complex,-1.875,False,0.1875,True
simple,-2.0,False,0.1875,True
instruct,-2.0,False,0.5,True
complex,-2.0,False,0.0625,True
simple,2.75,True,0.1875,True
instruct,2.75,True,0.375,True
complex,2.75,True,0.125,True
simple,1.5,True,-0.4375,False
instruct,1.5,True,-0.5,False
complex,1.5,True,-0.125,False
simple,0.9375,True,-0.375,False
instruct,0.9375,True,-1.375,False
complex,0.9375,True,0.125,True
simple,-0.25,False,-0.25,False
instruct,-0.25,False,-0.5,False
complex,-0.25,False,-0.125,False
simple,-0.8125,False,-0.625,False
instruct,-0.8125,False,-0.75,False
complex,-0.8125,False,-0.125,False
simple,0.625,True,-0.4375,False
instruct,0.625,True,-0.8125,False
complex,0.625,True,0.0,False
simple,0.5,True,-0.25,False
instruct,0.5,True,-0.25,False
complex,0.5,True,-0.125,False
simple,2.5,True,-0.375,False
instruct,2.5,True,-0.5,False
complex,2.5,True,0.0,False
simple,1.0,True,-0.375,False
instruct,1.0,True,-1.1875,False
complex,1.0,True,-0.1875,False
simple,1.5,True,0.0,False
instruct,1.5,True,-0.0625,False
complex,1.5,True,0.0625,True
simple,1.5,True,-0.5625,False
instruct,1.5,True,-0.8125,False
complex,1.5,True,-0.1875,False
simple,0.125,True,-0.0625,False
instruct,0.125,True,-0.3125,False
complex,0.125,True,0.0,False
simple,-1.125,False,0.125,True
instruct,-1.125,False,0.125,True
complex,-1.125,False,0.0,False
simple,0.75,True,-0.6875,False
instruct,0.75,True,-1.0625,False
complex,0.75,True,0.0,False
simple,1.75,True,-0.375,False
instruct,1.75,True,-0.4375,False
complex,1.75,True,-0.125,False
simple,-0.125,False,0.0625,True
instruct,-0.125,False,-0.25,False
complex,-0.125,False,0.1875,True
simple,1.375,True,-0.5625,False
instruct,1.375,True,-0.8125,False
complex,1.375,True,-0.1875,False
simple,1.1875,True,-0.3125,False
instruct,1.1875,True,-0.6875,False
complex,1.1875,True,-0.25,False
simple,0.3125,True,-0.625,False
instruct,0.3125,True,-0.6875,False
complex,0.3125,True,-0.0625,False
simple,0.375,True,-0.1875,False
instruct,0.375,True,-0.0625,False
complex,0.375,True,-0.0625,False
simple,0.75,True,-0.5,False
instruct,0.75,True,-0.5625,False
complex,0.75,True,0.0,False
simple,-0.875,False,0.125,True
instruct,-0.875,False,0.1875,True
complex,-0.875,False,0.0625,True
simple,0.75,True,-0.75,False
instruct,0.75,True,-0.6875,False
complex,0.75,True,-0.0625,False
simple,1.0,True,-0.625,False
instruct,1.0,True,-0.75,False
complex,1.0,True,0.1875,True
simple,1.0625,True,-0.1875,False
instruct,1.0625,True,-0.4375,False
complex,1.0625,True,0.0,False
simple,0.25,True,0.0,False
instruct,0.25,True,-0.625,False
complex,0.25,True,-0.1875,False
simple,1.6875,True,-0.125,False
instruct,1.6875,True,-0.1875,False
complex,1.6875,True,0.0625,True
simple,2.375,True,-0.1875,False
instruct,2.375,True,-0.875,False
complex,2.375,True,-0.25,False
simple,1.5,True,-0.375,False
instruct,1.5,True,-0.1875,False
complex,1.5,True,-0.3125,False
simple,1.875,True,-0.25,False
instruct,1.875,True,-0.375,False
complex,1.875,True,-0.25,False
simple,0.875,True,-0.4375,False
instruct,0.875,True,-0.8125,False
complex,0.875,True,0.0,False
simple,2.5,True,-0.0625,False
instruct,2.5,True,-0.375,False
complex,2.5,True,0.0625,True
simple,0.25,True,-0.75,False
instruct,0.25,True,-1.4375,False
complex,0.25,True,-0.25,False
simple,0.125,True,-0.1875,False
instruct,0.125,True,-0.75,False
complex,0.125,True,0.125,True
simple,0.0,False,-0.75,False
instruct,0.0,False,-0.625,False
complex,0.0,False,0.125,True
simple,1.8125,True,-0.125,False
instruct,1.8125,True,-0.375,False
complex,1.8125,True,0.0,False
simple,0.0,False,-0.75,False
instruct,0.0,False,-0.4375,False
complex,0.0,False,0.0625,True
simple,1.75,True,-0.4375,False
instruct,1.75,True,-0.5625,False
complex,1.75,True,-0.0625,False
simple,2.875,True,-0.75,False
instruct,2.875,True,-0.9375,False
complex,2.875,True,-0.125,False
simple,-0.375,False,-0.25,False
instruct,-0.375,False,-0.1875,False
complex,-0.375,False,-0.0625,False
simple,1.0,True,-0.6875,False
instruct,1.0,True,-0.375,False
complex,1.0,True,0.0625,True
simple,0.625,True,0.1875,True
instruct,0.625,True,0.125,True
complex,0.625,True,0.25,True
simple,0.875,True,-0.0625,False
instruct,0.875,True,0.5,True
complex,0.875,True,-0.0625,False
simple,0.25,True,-0.4375,False
instruct,0.25,True,-0.8125,False
complex,0.25,True,0.0625,True
simple,-0.375,False,-0.625,False
instruct,-0.375,False,-1.0625,False
complex,-0.375,False,0.0,False
simple,1.5625,True,-0.125,False
instruct,1.5625,True,-0.375,False
complex,1.5625,True,0.125,True
simple,-0.75,False,-0.625,False
instruct,-0.75,False,-1.0625,False
complex,-0.75,False,-0.0625,False
simple,-14.125,False,-0.6875,False
instruct,-14.125,False,-1.1875,False
complex,-14.125,False,-0.1875,False
simple,0.3125,True,-0.6875,False
instruct,0.3125,True,-0.625,False
complex,0.3125,True,0.0,False
simple,-0.875,False,-0.375,False
instruct,-0.875,False,-0.5625,False
complex,-0.875,False,0.0625,True
simple,-0.25,False,0.5,True
instruct,-0.25,False,0.1875,True
complex,-0.25,False,-0.0625,False
simple,0.125,True,-0.6875,False
instruct,0.125,True,-0.5,False
complex,0.125,True,-0.0625,False
simple,0.875,True,-0.25,False
instruct,0.875,True,-0.75,False
complex,0.875,True,-0.0625,False
simple,0.25,True,0.125,True
instruct,0.25,True,-0.25,False
complex,0.25,True,0.0625,True
simple,-0.25,False,-0.875,False
instruct,-0.25,False,-0.8125,False
complex,-0.25,False,0.0625,True
simple,1.0,True,-0.625,False
instruct,1.0,True,-0.875,False
complex,1.0,True,-0.125,False
simple,1.5,True,-0.875,False
instruct,1.5,True,-0.875,False
complex,1.5,True,0.125,True
simple,1.1875,True,-0.375,False
instruct,1.1875,True,-0.5625,False
complex,1.1875,True,-0.1875,False
simple,1.125,True,-0.5625,False
instruct,1.125,True,-0.8125,False
complex,1.125,True,-0.25,False
simple,0.8125,True,-0.5,False
instruct,0.8125,True,-0.6875,False
complex,0.8125,True,-0.1875,False
simple,1.125,True,-0.125,False
instruct,1.125,True,-0.5625,False
complex,1.125,True,-0.1875,False
simple,-1.0,False,-0.625,False
instruct,-1.0,False,-1.25,False
complex,-1.0,False,-0.125,False
simple,0.375,True,-0.875,False
instruct,0.375,True,-1.125,False
complex,0.375,True,0.125,True
simple,2.8125,True,-0.3125,False
instruct,2.8125,True,-0.4375,False
complex,2.8125,True,0.0625,True
simple,0.375,True,-0.375,False
instruct,0.375,True,-0.5,False
complex,0.375,True,0.125,True
simple,1.25,True,-0.5625,False
instruct,1.25,True,-0.625,False
complex,1.25,True,0.125,True
simple,-0.625,False,-0.375,False
instruct,-0.625,False,-0.4375,False
complex,-0.625,False,0.1875,True
simple,-12.375,False,-0.8125,False
instruct,-12.375,False,-1.875,False
complex,-12.375,False,-0.1875,False
simple,0.0,False,-0.4375,False
instruct,0.0,False,-0.375,False
complex,0.0,False,-0.125,False
simple,0.25,True,-0.1875,False
instruct,0.25,True,-0.4375,False
complex,0.25,True,0.25,True
simple,2.375,True,-0.4375,False
instruct,2.375,True,-0.5,False
complex,2.375,True,-0.0625,False
simple,1.6875,True,-0.3125,False
instruct,1.6875,True,-0.5625,False
complex,1.6875,True,-0.0625,False
simple,0.875,True,-0.4375,False
instruct,0.875,True,-0.875,False
complex,0.875,True,-0.125,False
simple,1.625,True,-0.4375,False
instruct,1.625,True,-0.875,False
complex,1.625,True,-0.125,False
simple,1.125,True,-0.25,False
instruct,1.125,True,-0.9375,False
complex,1.125,True,0.0,False
simple,-3.375,False,-0.6875,False
instruct,-3.375,False,-0.5,False
complex,-3.375,False,-0.125,False
simple,-2.375,False,-0.4375,False
instruct,-2.375,False,-0.875,False
complex,-2.375,False,-0.0625,False
simple,-0.375,False,-0.1875,False
instruct,-0.375,False,-0.1875,False
complex,-0.375,False,0.0,False
simple,1.125,True,-0.25,False
instruct,1.125,True,-0.625,False
complex,1.125,True,-0.25,False
simple,-3.5625,False,0.0,False
instruct,-3.5625,False,-0.1875,False
complex,-3.5625,False,-0.3125,False
simple,-6.625,False,-0.375,False
instruct,-6.625,False,0.125,True
complex,-6.625,False,-0.1875,False
simple,-3.625,False,-0.1875,False
instruct,-3.625,False,-0.375,False
complex,-3.625,False,-0.0625,False
simple,-3.4375,False,-0.3125,False
instruct,-3.4375,False,-1.25,False
complex,-3.4375,False,0.0,False
simple,-1.375,False,-0.375,False
instruct,-1.375,False,-0.5,False
complex,-1.375,False,-0.0625,False
simple,-3.5625,False,0.4375,True
instruct,-3.5625,False,0.1875,True
complex,-3.5625,False,-0.0625,False
simple,-0.5,False,0.0,False
instruct,-0.5,False,-0.625,False
complex,-0.5,False,-0.125,False
simple,-3.875,False,-0.9375,False
instruct,-3.875,False,-1.625,False
complex,-3.875,False,-0.25,False
simple,-4.875,False,-0.0625,False
instruct,-4.875,False,-0.25,False
complex,-4.875,False,-0.1875,False
simple,-3.25,False,-0.3125,False
instruct,-3.25,False,-0.1875,False
complex,-3.25,False,-0.0625,False
simple,-2.625,False,-0.5625,False
instruct,-2.625,False,-0.625,False
complex,-2.625,False,-0.125,False
simple,-1.625,False,0.0,False
instruct,-1.625,False,-0.1875,False
complex,-1.625,False,-0.125,False
simple,-4.4375,False,-0.25,False
instruct,-4.4375,False,-0.4375,False
complex,-4.4375,False,-0.1875,False
simple,0.125,True,-0.1875,False
instruct,0.125,True,-0.5,False
complex,0.125,True,-0.25,False
simple,0.75,True,-0.25,False
instruct,0.75,True,-0.5,False
complex,0.75,True,0.0625,True
simple,-3.8125,False,-0.5,False
instruct,-3.8125,False,-0.9375,False
complex,-3.8125,False,-0.125,False
simple,-1.0,False,-0.4375,False
instruct,-1.0,False,-0.5625,False
complex,-1.0,False,-0.125,False
simple,-2.5,False,0.375,True
instruct,-2.5,False,-0.4375,False
complex,-2.5,False,-0.1875,False
simple,-2.625,False,-1.0,False
instruct,-2.625,False,-1.0625,False
complex,-2.625,False,-0.1875,False
simple,-3.875,False,-0.625,False
instruct,-3.875,False,-1.1875,False
complex,-3.875,False,-0.1875,False
simple,-0.75,False,0.0,False
instruct,-0.75,False,-0.375,False
complex,-0.75,False,-0.1875,False
simple,-3.25,False,0.0625,True
instruct,-3.25,False,0.1875,True
complex,-3.25,False,-0.3125,False
simple,-2.875,False,-0.5,False
instruct,-2.875,False,-0.5625,False
complex,-2.875,False,0.0625,True
simple,-3.75,False,-0.375,False
instruct,-3.75,False,-0.625,False
complex,-3.75,False,-0.1875,False
simple,-5.8125,False,-0.375,False
instruct,-5.8125,False,-0.5625,False
complex,-5.8125,False,0.0625,True
simple,-0.25,False,0.125,True
instruct,-0.25,False,-0.4375,False
complex,-0.25,False,-0.375,False
simple,-1.75,False,-0.5,False
instruct,-1.75,False,-0.1875,False
complex,-1.75,False,-0.0625,False
simple,-2.625,False,0.25,True
instruct,-2.625,False,0.125,True
complex,-2.625,False,-0.375,False
simple,-2.0,False,-0.6875,False
instruct,-2.0,False,-0.75,False
complex,-2.0,False,-0.125,False
simple,-2.5,False,-0.5,False
instruct,-2.5,False,-0.5,False
complex,-2.5,False,-0.0625,False
simple,-1.625,False,-0.4375,False
instruct,-1.625,False,-0.375,False
complex,-1.625,False,-0.3125,False
simple,-3.125,False,-0.25,False
instruct,-3.125,False,-0.25,False
complex,-3.125,False,-0.0625,False
simple,-5.375,False,-0.1875,False
instruct,-5.375,False,-0.75,False
complex,-5.375,False,-0.1875,False
simple,-2.1875,False,-0.125,False
instruct,-2.1875,False,0.0625,True
complex,-2.1875,False,0.0,False
simple,-4.5,False,-0.4375,False
instruct,-4.5,False,-0.75,False
complex,-4.5,False,-0.125,False
simple,-1.25,False,0.0625,True
instruct,-1.25,False,0.1875,True
complex,-1.25,False,0.0,False
simple,-3.0,False,-1.0625,False
instruct,-3.0,False,-1.3125,False
complex,-3.0,False,-0.125,False
simple,-2.25,False,-0.125,False
instruct,-2.25,False,-0.125,False
complex,-2.25,False,0.0,False
simple,0.125,True,-0.375,False
instruct,0.125,True,-0.75,False
complex,0.125,True,-0.25,False
simple,-3.5,False,-0.25,False
instruct,-3.5,False,0.0,False
complex,-3.5,False,0.0,False
simple,-4.0,False,0.0625,True
instruct,-4.0,False,-0.25,False
complex,-4.0,False,-0.0625,False
simple,-3.375,False,-0.1875,False
instruct,-3.375,False,-0.625,False
complex,-3.375,False,-0.125,False
simple,-6.625,False,-0.125,False
instruct,-6.625,False,0.25,True
complex,-6.625,False,0.0625,True
simple,-2.25,False,-0.6875,False
instruct,-2.25,False,-1.1875,False
complex,-2.25,False,-0.0625,False
simple,0.625,True,0.0,False
instruct,0.625,True,-0.625,False
complex,0.625,True,-0.125,False
simple,-5.125,False,-0.6875,False
instruct,-5.125,False,-0.875,False
complex,-5.125,False,-0.125,False
simple,-2.9375,False,-0.3125,False
instruct,-2.9375,False,-0.75,False
complex,-2.9375,False,-0.1875,False
simple,-2.5625,False,-0.0625,False
instruct,-2.5625,False,-0.3125,False
complex,-2.5625,False,-0.125,False
simple,-5.375,False,-0.4375,False
instruct,-5.375,False,-0.75,False
complex,-5.375,False,-0.125,False
simple,-2.75,False,0.0,False
instruct,-2.75,False,-0.0625,False
complex,-2.75,False,-0.125,False
simple,-3.125,False,-0.25,False
instruct,-3.125,False,-0.875,False
complex,-3.125,False,-0.125,False
simple,-4.0,False,-0.25,False
instruct,-4.0,False,-0.25,False
complex,-4.0,False,-0.125,False
simple,-4.25,False,-0.5625,False
instruct,-4.25,False,-1.0625,False
complex,-4.25,False,-0.0625,False
simple,-2.75,False,-0.1875,False
instruct,-2.75,False,-0.5,False
complex,-2.75,False,0.0,False
simple,-3.375,False,-0.0625,False
instruct,-3.375,False,-0.6875,False
complex,-3.375,False,-0.0625,False
simple,-4.0625,False,-0.25,False
instruct,-4.0625,False,0.25,True
complex,-4.0625,False,-0.125,False
simple,-4.125,False,-0.125,False
instruct,-4.125,False,-0.25,False
complex,-4.125,False,-0.125,False
simple,-13.6875,False,-0.4375,False
instruct,-13.6875,False,-0.375,False
complex,-13.6875,False,0.0,False
simple,-1.625,False,-0.25,False
instruct,-1.625,False,-0.1875,False
complex,-1.625,False,-0.0625,False
simple,-3.1875,False,-0.875,False
instruct,-3.1875,False,-1.3125,False
complex,-3.1875,False,-0.125,False
simple,-1.875,False,-0.1875,False
instruct,-1.875,False,-0.0625,False
complex,-1.875,False,-0.0625,False
simple,-3.3125,False,-0.3125,False
instruct,-3.3125,False,-0.1875,False
complex,-3.3125,False,0.0,False
simple,-1.4375,False,-0.8125,False
instruct,-1.4375,False,-1.0625,False
complex,-1.4375,False,-0.1875,False
simple,-1.5625,False,0.8125,True
instruct,-1.5625,False,0.375,True
complex,-1.5625,False,-0.0625,False
simple,-5.3125,False,-0.875,False
instruct,-5.3125,False,-1.25,False
complex,-5.3125,False,0.0,False
simple,2.0,True,0.1875,True
instruct,2.0,True,-0.125,False
complex,2.0,True,-0.125,False
simple,-2.25,False,-0.3125,False
instruct,-2.25,False,0.25,True
complex,-2.25,False,-0.1875,False
simple,-1.0,False,-0.9375,False
instruct,-1.0,False,-1.0625,False
complex,-1.0,False,-0.1875,False
simple,-2.375,False,-0.4375,False
instruct,-2.375,False,-0.4375,False
complex,-2.375,False,-0.25,False
simple,0.875,True,0.0,False
instruct,0.875,True,0.0625,True
complex,0.875,True,0.0,False
simple,-2.5,False,-0.0625,False
instruct,-2.5,False,-0.75,False
complex,-2.5,False,-0.1875,False
simple,0.0,False,-0.3125,False
instruct,0.0,False,0.1875,True
complex,0.0,False,-0.0625,False
simple,-3.75,False,-1.125,False
instruct,-3.75,False,-1.4375,False
complex,-3.75,False,-0.1875,False
simple,-2.25,False,-0.625,False
instruct,-2.25,False,-1.0625,False
complex,-2.25,False,-0.25,False
simple,-3.6875,False,-1.375,False
instruct,-3.6875,False,-2.0,False
complex,-3.6875,False,-0.1875,False
simple,-1.125,False,-0.0625,False
instruct,-1.125,False,-0.0625,False
complex,-1.125,False,-0.1875,False
simple,-3.625,False,1.0,True
instruct,-3.625,False,0.125,True
complex,-3.625,False,-0.3125,False
simple,-1.5,False,-0.75,False
instruct,-1.5,False,-0.25,False
complex,-1.5,False,-0.0625,False
simple,-2.6875,False,-1.125,False
instruct,-2.6875,False,-1.3125,False
complex,-2.6875,False,-0.1875,False
simple,-2.875,False,-0.8125,False
instruct,-2.875,False,-0.8125,False
complex,-2.875,False,-0.25,False
simple,-3.875,False,0.1875,True
instruct,-3.875,False,-0.3125,False
complex,-3.875,False,-0.0625,False
simple,-4.125,False,-0.625,False
instruct,-4.125,False,-0.625,False
complex,-4.125,False,-0.125,False
simple,-3.75,False,-1.125,False
instruct,-3.75,False,-1.4375,False
complex,-3.75,False,-0.1875,False
simple,-3.125,False,-0.1875,False
instruct,-3.125,False,-0.4375,False
complex,-3.125,False,-0.0625,False
simple,0.5,True,-0.0625,False
instruct,0.5,True,-0.5625,False
complex,0.5,True,-0.25,False
simple,-4.0,False,-0.625,False
instruct,-4.0,False,-0.25,False
complex,-4.0,False,-0.1875,False
simple,-13.8125,False,0.25,True
instruct,-13.8125,False,0.1875,True
complex,-13.8125,False,-0.0625,False
simple,-5.625,False,-0.3125,False
instruct,-5.625,False,0.1875,True
complex,-5.625,False,-0.0625,False
simple,-2.875,False,-1.0625,False
instruct,-2.875,False,-1.3125,False
complex,-2.875,False,-0.1875,False
simple,-4.3125,False,-0.9375,False
instruct,-4.3125,False,-1.3125,False
complex,-4.3125,False,-0.25,False
simple,-5.125,False,0.125,True
instruct,-5.125,False,0.0625,True
complex,-5.125,False,-0.0625,False
simple,-3.25,False,-0.625,False
instruct,-3.25,False,-0.6875,False
complex,-3.25,False,-0.0625,False
simple,-6.5,False,0.5625,True
instruct,-6.5,False,0.125,True
complex,-6.5,False,-0.1875,False
simple,-3.375,False,0.25,True
instruct,-3.375,False,-0.375,False
complex,-3.375,False,-0.25,False
simple,-3.0,False,-0.3125,False
instruct,-3.0,False,-0.4375,False
complex,-3.0,False,-0.1875,False
simple,-4.5,False,-0.3125,False
instruct,-4.5,False,-0.125,False
complex,-4.5,False,-0.25,False
simple,-7.3125,False,-0.25,False
instruct,-7.3125,False,-0.25,False
complex,-7.3125,False,-0.25,False
simple,-8.3125,False,-0.5625,False
instruct,-8.3125,False,-0.5,False
complex,-8.3125,False,-0.3125,False
simple,-6.625,False,-0.125,False
instruct,-6.625,False,-0.125,False
complex,-6.625,False,-0.0625,False
simple,-10.8125,False,-0.1875,False
instruct,-10.8125,False,-0.1875,False
complex,-10.8125,False,-0.0625,False
simple,-5.4375,False,0.0625,True
instruct,-5.4375,False,0.125,True
complex,-5.4375,False,0.1875,True
simple,-6.625,False,-0.125,False
instruct,-6.625,False,0.0,False
complex,-6.625,False,-0.125,False
simple,-8.1875,False,-0.5,False
instruct,-8.1875,False,-0.5625,False
complex,-8.1875,False,0.0,False
simple,-6.9375,False,0.0,False
instruct,-6.9375,False,0.125,True
complex,-6.9375,False,-0.3125,False
simple,-7.4375,False,-0.1875,False
instruct,-7.4375,False,-0.125,False
complex,-7.4375,False,-0.25,False
simple,-5.875,False,0.1875,True
instruct,-5.875,False,0.375,True
complex,-5.875,False,-0.0625,False
simple,-8.1875,False,-0.25,False
instruct,-8.1875,False,-0.0625,False
complex,-8.1875,False,-0.3125,False
simple,-8.0,False,0.0,False
instruct,-8.0,False,0.0,False
complex,-8.0,False,-0.4375,False
simple,-9.375,False,-0.5,False
instruct,-9.375,False,-0.25,False
complex,-9.375,False,-0.0625,False
simple,-7.625,False,-0.3125,False
instruct,-7.625,False,0.0625,True
complex,-7.625,False,0.0,False
simple,-7.25,False,-0.1875,False
instruct,-7.25,False,0.0625,True
complex,-7.25,False,0.0,False
simple,-8.9375,False,-0.375,False
instruct,-8.9375,False,-0.4375,False
complex,-8.9375,False,0.0,False
simple,-9.0625,False,-0.625,False
instruct,-9.0625,False,-0.5625,False
complex,-9.0625,False,-0.125,False
simple,-9.5625,False,-0.375,False
instruct,-9.5625,False,-0.25,False
complex,-9.5625,False,-0.125,False
simple,-8.4375,False,-0.25,False
instruct,-8.4375,False,-0.25,False
complex,-8.4375,False,-0.125,False
simple,-7.125,False,-0.25,False
instruct,-7.125,False,-0.25,False
complex,-7.125,False,-0.125,False
simple,-11.4375,False,-0.375,False
instruct,-11.4375,False,-0.1875,False
complex,-11.4375,False,-0.1875,False
simple,-5.375,False,0.1875,True
instruct,-5.375,False,0.375,True
complex,-5.375,False,0.0,False
simple,-6.0625,False,0.0,False
instruct,-6.0625,False,0.125,True
complex,-6.0625,False,-0.0625,False
simple,-7.1875,False,-0.3125,False
instruct,-7.1875,False,-0.125,False
complex,-7.1875,False,0.0,False
simple,-8.8125,False,-0.5625,False
instruct,-8.8125,False,-0.625,False
complex,-8.8125,False,-0.25,False
simple,-8.25,False,-0.1875,False
instruct,-8.25,False,-0.0625,False
complex,-8.25,False,-0.125,False
simple,-6.9375,False,0.0625,True
instruct,-6.9375,False,-0.0625,False
complex,-6.9375,False,-0.0625,False
simple,-7.875,False,-0.4375,False
instruct,-7.875,False,-0.5,False
complex,-7.875,False,0.0625,True
simple,-7.625,False,-0.1875,False
instruct,-7.625,False,-0.0625,False
complex,-7.625,False,-0.125,False
simple,-7.875,False,-0.0625,False
instruct,-7.875,False,-0.0625,False
complex,-7.875,False,-0.125,False
simple,-7.375,False,-0.375,False
instruct,-7.375,False,-0.4375,False
complex,-7.375,False,-0.0625,False
simple,-9.75,False,-0.5,False
instruct,-9.75,False,-0.5,False
complex,-9.75,False,-0.375,False
simple,-8.0625,False,-0.6875,False
instruct,-8.0625,False,-0.5625,False
complex,-8.0625,False,-0.125,False
simple,-7.875,False,-0.4375,False
instruct,-7.875,False,-0.375,False
complex,-7.875,False,-0.1875,False
simple,-7.3125,False,-0.1875,False
instruct,-7.3125,False,-0.125,False
complex,-7.3125,False,0.0,False
simple,-10.3125,False,-0.375,False
instruct,-10.3125,False,-0.4375,False
complex,-10.3125,False,-0.25,False
simple,-7.875,False,-0.3125,False
instruct,-7.875,False,-0.25,False
complex,-7.875,False,-0.125,False
simple,-7.75,False,-0.5625,False
instruct,-7.75,False,-0.5,False
complex,-7.75,False,-0.125,False
simple,-8.375,False,0.0,False
instruct,-8.375,False,0.0,False
complex,-8.375,False,0.0,False
simple,-7.5625,False,-0.1875,False
instruct,-7.5625,False,-0.0625,False
complex,-7.5625,False,-0.125,False
simple,-6.6875,False,0.0,False
instruct,-6.6875,False,0.3125,True
complex,-6.6875,False,0.0,False
simple,-8.3125,False,-0.0625,False
instruct,-8.3125,False,-0.125,False
complex,-8.3125,False,-0.1875,False
simple,-7.625,False,-0.0625,False
instruct,-7.625,False,0.0,False
complex,-7.625,False,-0.125,False
simple,-7.625,False,-0.1875,False
instruct,-7.625,False,0.0,False
complex,-7.625,False,-0.0625,False
simple,-6.75,False,-0.375,False
instruct,-6.75,False,-0.375,False
complex,-6.75,False,-0.0625,False
simple,-7.9375,False,-0.5625,False
instruct,-7.9375,False,-0.4375,False
complex,-7.9375,False,0.0,False
simple,-7.375,False,-0.1875,False
instruct,-7.375,False,-0.1875,False
complex,-7.375,False,-0.0625,False
simple,-8.75,False,-0.1875,False
instruct,-8.75,False,0.125,True
complex,-8.75,False,0.0625,True
simple,-8.375,False,-0.375,False
instruct,-8.375,False,-0.0625,False
complex,-8.375,False,0.0,False
simple,-8.0,False,-0.1875,False
instruct,-8.0,False,-0.125,False
complex,-8.0,False,-0.25,False
simple,-6.4375,False,0.0625,True
instruct,-6.4375,False,-0.0625,False
complex,-6.4375,False,-0.0625,False
simple,-7.3125,False,-0.375,False
instruct,-7.3125,False,-0.375,False
complex,-7.3125,False,-0.0625,False
simple,-7.875,False,-0.25,False
instruct,-7.875,False,-0.25,False
complex,-7.875,False,-0.125,False
simple,-7.0625,False,-0.3125,False
instruct,-7.0625,False,-0.4375,False
complex,-7.0625,False,-0.1875,False
simple,-7.375,False,-0.5625,False
instruct,-7.375,False,-0.375,False
complex,-7.375,False,-0.125,False
simple,-6.8125,False,-0.0625,False
instruct,-6.8125,False,0.1875,True
complex,-6.8125,False,0.125,True
simple,-7.0,False,0.0,False
instruct,-7.0,False,-0.1875,False
complex,-7.0,False,-0.0625,False
simple,-6.5,False,-0.1875,False
instruct,-6.5,False,-0.1875,False
complex,-6.5,False,0.0625,True
simple,-6.9375,False,-0.1875,False
instruct,-6.9375,False,-0.125,False
complex,-6.9375,False,-0.0625,False
simple,-6.9375,False,-0.25,False
instruct,-6.9375,False,-0.4375,False
complex,-6.9375,False,0.0,False
simple,-6.8125,False,-0.125,False
instruct,-6.8125,False,0.0625,True
complex,-6.8125,False,0.0,False
simple,-6.625,False,-0.1875,False
instruct,-6.625,False,0.1875,True
complex,-6.625,False,-0.125,False
simple,-6.1875,False,0.1875,True
instruct,-6.1875,False,0.3125,True
complex,-6.1875,False,-0.0625,False
simple,-5.3125,False,0.25,True
instruct,-5.3125,False,0.0625,True
complex,-5.3125,False,-0.125,False
simple,-5.625,False,0.25,True
instruct,-5.625,False,0.4375,True
complex,-5.625,False,-0.0625,False
simple,-6.125,False,0.375,True
instruct,-6.125,False,0.375,True
complex,-6.125,False,0.125,True
simple,-6.5,False,0.0625,True
instruct,-6.5,False,0.1875,True
complex,-6.5,False,-0.125,False
simple,-6.0625,False,0.1875,True
instruct,-6.0625,False,0.375,True
complex,-6.0625,False,0.0,False
simple,-6.3125,False,0.125,True
instruct,-6.3125,False,0.25,True
complex,-6.3125,False,-0.0625,False
simple,-6.0625,False,0.1875,True
instruct,-6.0625,False,0.3125,True
complex,-6.0625,False,0.0625,True
simple,-5.6875,False,0.5625,True
instruct,-5.6875,False,0.8125,True
complex,-5.6875,False,0.25,True
simple,-6.8125,False,0.375,True
instruct,-6.8125,False,0.3125,True
complex,-6.8125,False,0.1875,True
simple,-6.125,False,0.1875,True
instruct,-6.125,False,0.3125,True
complex,-6.125,False,0.1875,True
simple,-6.0,False,0.1875,True
instruct,-6.0,False,0.375,True
complex,-6.0,False,0.0,False
simple,-8.9375,False,-0.6875,False
instruct,-8.9375,False,-0.625,False
complex,-8.9375,False,-0.1875,False
simple,-5.875,False,0.5,True
instruct,-5.875,False,0.6875,True
complex,-5.875,False,0.125,True
simple,-5.1875,False,0.3125,True
instruct,-5.1875,False,0.6875,True
complex,-5.1875,False,0.0,False
simple,-5.5,False,0.3125,True
instruct,-5.5,False,0.625,True
complex,-5.5,False,-0.125,False
simple,-6.625,False,0.1875,True
instruct,-6.625,False,0.4375,True
complex,-6.625,False,0.0,False
simple,-5.3125,False,0.375,True
instruct,-5.3125,False,0.6875,True
complex,-5.3125,False,0.0625,True
simple,-5.8125,False,0.1875,True
instruct,-5.8125,False,0.4375,True
complex,-5.8125,False,-0.0625,False
simple,-5.4375,False,0.5,True
instruct,-5.4375,False,0.625,True
complex,-5.4375,False,0.0625,True
simple,-6.0,False,0.3125,True
instruct,-6.0,False,0.5,True
complex,-6.0,False,0.0625,True
simple,-6.5,False,0.3125,True
instruct,-6.5,False,0.5625,True
complex,-6.5,False,0.0625,True
simple,-6.125,False,0.4375,True
instruct,-6.125,False,0.4375,True
complex,-6.125,False,0.0,False
simple,-6.0625,False,0.375,True
instruct,-6.0625,False,0.5,True
complex,-6.0625,False,-0.125,False
simple,-6.0,False,0.625,True
instruct,-6.0,False,0.875,True
complex,-6.0,False,0.25,True
simple,-7.25,False,0.1875,True
instruct,-7.25,False,0.4375,True
complex,-7.25,False,0.125,True
simple,-6.3125,False,0.4375,True
instruct,-6.3125,False,0.5625,True
complex,-6.3125,False,0.1875,True
simple,-6.1875,False,0.25,True
instruct,-6.1875,False,0.4375,True
complex,-6.1875,False,0.0,False
simple,-6.0625,False,0.4375,True
instruct,-6.0625,False,0.375,True
complex,-6.0625,False,-0.0625,False
simple,-6.0625,False,0.4375,True
instruct,-6.0625,False,0.6875,True
complex,-6.0625,False,0.25,True
simple,-5.875,False,0.25,True
instruct,-5.875,False,0.625,True
complex,-5.875,False,0.0,False
simple,-6.125,False,0.375,True
instruct,-6.125,False,0.4375,True
complex,-6.125,False,-0.125,False
simple,-6.75,False,0.3125,True
instruct,-6.75,False,0.4375,True
complex,-6.75,False,-0.0625,False
simple,-7.625,False,0.25,True
instruct,-7.625,False,0.4375,True
complex,-7.625,False,0.0625,True
simple,-5.6875,False,0.5,True
instruct,-5.6875,False,0.5,True
complex,-5.6875,False,0.0,False
simple,-6.3125,False,0.3125,True
instruct,-6.3125,False,0.4375,True
complex,-6.3125,False,0.1875,True
simple,-5.8125,False,0.25,True
instruct,-5.8125,False,0.3125,True
complex,-5.8125,False,-0.0625,False
simple,-6.25,False,0.375,True
instruct,-6.25,False,0.5625,True
complex,-6.25,False,0.1875,True
simple,-3.6875,False,-0.6875,False
instruct,-3.6875,False,-0.875,False
complex,-3.6875,False,-0.0625,False
simple,-5.6875,False,-0.625,False
instruct,-5.6875,False,-0.5625,False
complex,-5.6875,False,-0.125,False
simple,-3.875,False,-0.375,False
instruct,-3.875,False,-0.8125,False
complex,-3.875,False,-0.0625,False
simple,-5.8125,False,-0.125,False
instruct,-5.8125,False,0.0,False
complex,-5.8125,False,0.125,True
simple,-22.9375,False,-0.4375,False
instruct,-22.9375,False,-0.5625,False
complex,-22.9375,False,0.3125,True
simple,-4.375,False,-0.1875,False
instruct,-4.375,False,0.0625,True
complex,-4.375,False,0.125,True
simple,-5.375,False,0.3125,True
instruct,-5.375,False,0.4375,True
complex,-5.375,False,0.25,True
simple,-7.0,False,-0.1875,False
instruct,-7.0,False,-0.375,False
complex,-7.0,False,-0.0625,False
simple,-4.0625,False,0.0,False
instruct,-4.0625,False,-0.375,False
complex,-4.0625,False,0.0625,True
simple,-3.625,False,0.3125,True
instruct,-3.625,False,0.375,True
complex,-3.625,False,0.0625,True
simple,-5.25,False,-0.5625,False
instruct,-5.25,False,-0.5,False
complex,-5.25,False,0.0,False
simple,-19.75,False,-0.5,False
instruct,-19.75,False,-0.625,False
complex,-19.75,False,0.0625,True
simple,-4.0625,False,-0.4375,False
instruct,-4.0625,False,-1.125,False
complex,-4.0625,False,-0.0625,False
simple,-6.875,False,-0.6875,False
instruct,-6.875,False,-0.875,False
complex,-6.875,False,0.125,True
simple,-4.5,False,-0.375,False
instruct,-4.5,False,-0.5625,False
complex,-4.5,False,0.1875,True
simple,-4.0,False,0.1875,True
instruct,-4.0,False,-0.0625,False
complex,-4.0,False,0.0,False
simple,-4.5,False,0.125,True
instruct,-4.5,False,0.125,True
complex,-4.5,False,0.0625,True
simple,-3.75,False,0.1875,True
instruct,-3.75,False,0.1875,True
complex,-3.75,False,0.0625,True
simple,-4.375,False,0.3125,True
instruct,-4.375,False,0.3125,True
complex,-4.375,False,0.25,True
simple,-4.25,False,-0.0625,False
instruct,-4.25,False,-0.125,False
complex,-4.25,False,0.0625,True
simple,-5.875,False,-0.1875,False
instruct,-5.875,False,-0.3125,False
complex,-5.875,False,0.125,True
simple,-2.375,False,-0.3125,False
instruct,-2.375,False,-0.4375,False
complex,-2.375,False,0.125,True
simple,-4.0,False,-0.3125,False
instruct,-4.0,False,-0.5,False
complex,-4.0,False,0.125,True
simple,-5.6875,False,-0.125,False
instruct,-5.6875,False,-0.3125,False
complex,-5.6875,False,0.1875,True
simple,-5.5,False,0.0625,True
instruct,-5.5,False,-0.375,False
complex,-5.5,False,0.0625,True
simple,-5.75,False,-0.3125,False
instruct,-5.75,False,-0.5625,False
complex,-5.75,False,0.0,False
simple,-5.625,False,-0.3125,False
instruct,-5.625,False,-0.8125,False
complex,-5.625,False,-0.0625,False
simple,-6.75,False,0.0,False
instruct,-6.75,False,-0.1875,False
complex,-6.75,False,-0.0625,False
simple,-4.0,False,0.0625,True
instruct,-4.0,False,0.0625,True
complex,-4.0,False,0.125,True
simple,-23.5625,False,-0.625,False
instruct,-23.5625,False,-0.625,False
complex,-23.5625,False,-0.1875,False
simple,-3.4375,False,-0.5625,False
instruct,-3.4375,False,-0.6875,False
complex,-3.4375,False,0.0625,True
simple,-2.875,False,0.0,False
instruct,-2.875,False,0.1875,True
complex,-2.875,False,0.0625,True
simple,-4.875,False,-0.5625,False
instruct,-4.875,False,-0.6875,False
complex,-4.875,False,0.0,False
simple,-5.375,False,-0.3125,False
instruct,-5.375,False,-0.5,False
complex,-5.375,False,0.0625,True
simple,-4.75,False,0.125,True
instruct,-4.75,False,0.0,False
complex,-4.75,False,0.0,False
simple,-3.375,False,0.1875,True
instruct,-3.375,False,0.125,True
complex,-3.375,False,0.1875,True
simple,-4.9375,False,-0.0625,False
instruct,-4.9375,False,0.0,False
complex,-4.9375,False,0.0625,True
simple,-4.5625,False,0.125,True
instruct,-4.5625,False,0.125,True
complex,-4.5625,False,0.0,False
simple,-4.375,False,-0.1875,False
instruct,-4.375,False,-0.25,False
complex,-4.375,False,-0.0625,False
simple,-19.0,False,-0.3125,False
instruct,-19.0,False,-0.4375,False
complex,-19.0,False,0.0,False
simple,-3.5,False,-0.125,False
instruct,-3.5,False,-0.125,False
complex,-3.5,False,0.0625,True
simple,-7.0625,False,0.0625,True
instruct,-7.0625,False,0.0625,True
complex,-7.0625,False,0.0625,True
simple,-3.5,False,0.25,True
instruct,-3.5,False,0.0,False
complex,-3.5,False,0.0,False
simple,-3.5,False,-0.375,False
instruct,-3.5,False,-0.5,False
complex,-3.5,False,0.0,False
simple,-1.625,False,-0.375,False
instruct,-1.625,False,-0.125,False
complex,-1.625,False,0.1875,True
simple,-7.625,False,-0.375,False
instruct,-7.625,False,-0.6875,False
complex,-7.625,False,0.0,False
simple,-6.625,False,-0.25,False
instruct,-6.625,False,-0.25,False
complex,-6.625,False,0.0,False
simple,-5.75,False,-0.5625,False
instruct,-5.75,False,-1.3125,False
complex,-5.75,False,-0.0625,False
simple,-5.625,False,-0.1875,False
instruct,-5.625,False,-0.375,False
complex,-5.625,False,0.0,False
simple,-3.125,False,-0.1875,False
instruct,-3.125,False,-0.4375,False
complex,-3.125,False,-0.0625,False
simple,-2.75,False,0.125,True
instruct,-2.75,False,0.0625,True
complex,-2.75,False,-0.0625,False
simple,-6.0,False,0.0625,True
instruct,-6.0,False,-0.125,False
complex,-6.0,False,0.125,True
simple,-4.5,False,-0.0625,False
instruct,-4.5,False,-0.1875,False
complex,-4.5,False,0.125,True
simple,-3.625,False,-0.125,False
instruct,-3.625,False,-0.25,False
complex,-3.625,False,0.0625,True
simple,-3.375,False,-0.1875,False
instruct,-3.375,False,-0.25,False
complex,-3.375,False,-0.1875,False
simple,-4.5,False,0.0625,True
instruct,-4.5,False,-0.3125,False
complex,-4.5,False,-0.1875,False
simple,-3.75,False,0.0,False
instruct,-3.75,False,-0.1875,False
complex,-3.75,False,-0.0625,False
simple,-4.25,False,-0.375,False
instruct,-4.25,False,-0.625,False
complex,-4.25,False,-0.125,False
simple,-4.375,False,-0.0625,False
instruct,-4.375,False,-0.0625,False
complex,-4.375,False,0.125,True
simple,-5.125,False,-0.0625,False
instruct,-5.125,False,0.0625,True
complex,-5.125,False,-0.0625,False
simple,-17.8125,False,-0.1875,False
instruct,-17.8125,False,-0.25,False
complex,-17.8125,False,-0.125,False
simple,-4.5,False,-0.125,False
instruct,-4.5,False,-0.6875,False
complex,-4.5,False,-0.1875,False
simple,-6.75,False,-0.5625,False
instruct,-6.75,False,-0.75,False
complex,-6.75,False,-0.0625,False
simple,-5.25,False,-0.125,False
instruct,-5.25,False,-0.25,False
complex,-5.25,False,-0.0625,False
simple,-7.0,False,0.0,False
instruct,-7.0,False,-0.0625,False
complex,-7.0,False,-0.125,False
simple,-5.625,False,-0.375,False
instruct,-5.625,False,-0.8125,False
complex,-5.625,False,-0.0625,False
simple,-5.125,False,-0.0625,False
instruct,-5.125,False,-0.0625,False
complex,-5.125,False,0.125,True
simple,-3.625,False,0.125,True
instruct,-3.625,False,-0.6875,False
complex,-3.625,False,0.125,True
simple,-4.625,False,-0.5625,False
instruct,-4.625,False,-0.6875,False
complex,-4.625,False,-0.0625,False
simple,-6.125,False,-0.5625,False
instruct,-6.125,False,-1.0,False
complex,-6.125,False,-0.0625,False
simple,-3.375,False,0.0,False
instruct,-3.375,False,0.0,False
complex,-3.375,False,-0.0625,False
simple,-3.5,False,0.1875,True
instruct,-3.5,False,0.0625,True
complex,-3.5,False,0.1875,True
simple,-2.125,False,0.0,False
instruct,-2.125,False,0.0,False
complex,-2.125,False,0.0,False
simple,-5.0,False,-0.25,False
instruct,-5.0,False,-0.5625,False
complex,-5.0,False,-0.1875,False
simple,-5.125,False,-0.5,False
instruct,-5.125,False,-1.125,False
complex,-5.125,False,-0.0625,False
simple,-3.375,False,0.0625,True
instruct,-3.375,False,0.0,False
complex,-3.375,False,0.0625,True
simple,-4.375,False,0.25,True
instruct,-4.375,False,0.3125,True
complex,-4.375,False,-0.0625,False
simple,-4.75,False,-0.5625,False
instruct,-4.75,False,-1.1875,False
complex,-4.75,False,-0.0625,False
simple,-4.0,False,0.1875,True
instruct,-4.0,False,-0.25,False
complex,-4.0,False,-0.1875,False
simple,-5.625,False,-0.25,False
instruct,-5.625,False,-0.1875,False
complex,-5.625,False,-0.1875,False
simple,-3.875,False,0.0,False
instruct,-3.875,False,-0.5,False
complex,-3.875,False,-0.0625,False
simple,-3.625,False,0.3125,True
instruct,-3.625,False,0.5,True
complex,-3.625,False,-0.3125,False
simple,-4.5,False,-0.625,False
instruct,-4.5,False,-0.625,False
complex,-4.5,False,-0.125,False
simple,-4.25,False,-0.0625,False
instruct,-4.25,False,-0.1875,False
complex,-4.25,False,0.0,False
simple,-5.875,False,-0.5,False
instruct,-5.875,False,-0.75,False
complex,-5.875,False,-0.0625,False
simple,-5.75,False,-0.375,False
instruct,-5.75,False,-0.8125,False
complex,-5.75,False,0.0,False
simple,-3.75,False,0.1875,True
instruct,-3.75,False,0.0625,True
complex,-3.75,False,-0.0625,False
simple,-4.75,False,-0.0625,False
instruct,-4.75,False,0.0,False
complex,-4.75,False,-0.0625,False
simple,-4.0,False,0.0,False
instruct,-4.0,False,-0.0625,False
complex,-4.0,False,0.0,False
simple,-3.5,False,0.0,False
instruct,-3.5,False,-0.375,False
complex,-3.5,False,-0.25,False
simple,-3.0,False,0.1875,True
instruct,-3.0,False,0.0,False
complex,-3.0,False,0.0,False
simple,-4.875,False,-0.625,False
instruct,-4.875,False,-1.1875,False
complex,-4.875,False,-0.25,False
simple,-5.75,False,-0.0625,False
instruct,-5.75,False,-0.125,False
complex,-5.75,False,-0.1875,False
simple,-3.375,False,0.0,False
instruct,-3.375,False,-0.0625,False
complex,-3.375,False,-0.0625,False
simple,-3.75,False,-0.6875,False
instruct,-3.75,False,-1.25,False
complex,-3.75,False,-0.0625,False
simple,-5.75,False,-0.1875,False
instruct,-5.75,False,-0.25,False
complex,-5.75,False,-0.125,False
simple,-4.25,False,-0.375,False
instruct,-4.25,False,-0.3125,False
complex,-4.25,False,-0.25,False
simple,-4.5,False,0.1875,True
instruct,-4.5,False,-0.125,False
complex,-4.5,False,-0.1875,False
simple,-6.625,False,-0.4375,False
instruct,-6.625,False,-0.4375,False
complex,-6.625,False,0.0625,True
simple,-5.375,False,-0.5625,False
instruct,-5.375,False,-1.0625,False
complex,-5.375,False,-0.0625,False
simple,-1.375,False,0.5625,True
instruct,-1.375,False,0.6875,True
complex,-1.375,False,0.0625,True
simple,-2.0,False,0.75,True
instruct,-2.0,False,1.125,True
complex,-2.0,False,0.0625,True
simple,-1.375,False,0.375,True
instruct,-1.375,False,0.5625,True
complex,-1.375,False,0.0625,True
simple,-1.5625,False,0.375,True
instruct,-1.5625,False,0.625,True
complex,-1.5625,False,0.0,False
simple,-1.5625,False,0.625,True
instruct,-1.5625,False,0.9375,True
complex,-1.5625,False,-0.125,False
simple,-1.5625,False,0.3125,True
instruct,-1.5625,False,0.6875,True
complex,-1.5625,False,-0.0625,False
simple,-1.0625,False,0.75,True
instruct,-1.0625,False,0.875,True
complex,-1.0625,False,0.0,False
simple,-1.625,False,0.0625,True
instruct,-1.625,False,0.1875,True
complex,-1.625,False,-0.0625,False
simple,-2.0,False,0.3125,True
instruct,-2.0,False,0.1875,True
complex,-2.0,False,-0.0625,False
simple,-2.0,False,0.4375,True
instruct,-2.0,False,0.875,True
complex,-2.0,False,0.0,False
simple,-1.125,False,0.5,True
instruct,-1.125,False,0.5,True
complex,-1.125,False,0.125,True
simple,-1.875,False,0.375,True
instruct,-1.875,False,0.375,True
complex,-1.875,False,0.0625,True
simple,-2.9375,False,0.0,False
instruct,-2.9375,False,0.3125,True
complex,-2.9375,False,0.1875,True
simple,-1.6875,False,0.5,True
instruct,-1.6875,False,0.9375,True
complex,-1.6875,False,-0.125,False
simple,-0.75,False,0.75,True
instruct,-0.75,False,0.9375,True
complex,-0.75,False,0.125,True
simple,-1.125,False,0.4375,True
instruct,-1.125,False,0.8125,True
complex,-1.125,False,0.0625,True
simple,-2.3125,False,0.875,True
instruct,-2.3125,False,1.0,True
complex,-2.3125,False,-0.0625,False
simple,-0.875,False,0.25,True
instruct,-0.875,False,0.625,True
complex,-0.875,False,-0.125,False
simple,-1.625,False,0.3125,True
instruct,-1.625,False,0.0625,True
complex,-1.625,False,-0.125,False
simple,-1.9375,False,0.3125,True
instruct,-1.9375,False,0.625,True
complex,-1.9375,False,-0.125,False
simple,-1.5,False,0.1875,True
instruct,-1.5,False,0.1875,True
complex,-1.5,False,0.0625,True
simple,-1.8125,False,0.0625,True
instruct,-1.8125,False,0.4375,True
complex,-1.8125,False,-0.25,False
simple,-2.125,False,0.0,False
instruct,-2.125,False,0.375,True
complex,-2.125,False,0.0,False
simple,-1.75,False,0.1875,True
instruct,-1.75,False,0.5,True
complex,-1.75,False,-0.0625,False
simple,-1.6875,False,0.125,True
instruct,-1.6875,False,0.4375,True
complex,-1.6875,False,0.0,False
simple,-1.4375,False,0.3125,True
instruct,-1.4375,False,0.6875,True
complex,-1.4375,False,0.0,False
simple,-0.9375,False,0.25,True
instruct,-0.9375,False,0.0625,True
complex,-0.9375,False,-0.1875,False
simple,-2.375,False,0.1875,True
instruct,-2.375,False,0.0625,True
complex,-2.375,False,0.0,False
simple,-1.25,False,0.1875,True
instruct,-1.25,False,0.375,True
complex,-1.25,False,0.0625,True
simple,-1.875,False,-0.1875,False
instruct,-1.875,False,0.0625,True
complex,-1.875,False,0.0625,True
simple,-2.25,False,0.3125,True
instruct,-2.25,False,0.625,True
complex,-2.25,False,-0.0625,False
simple,-0.8125,False,0.4375,True
instruct,-0.8125,False,0.375,True
complex,-0.8125,False,-0.0625,False
simple,-3.25,False,-0.125,False
instruct,-3.25,False,-0.0625,False
complex,-3.25,False,-0.1875,False
simple,-2.625,False,0.3125,True
instruct,-2.625,False,0.8125,True
complex,-2.625,False,-0.125,False
simple,-0.9375,False,0.625,True
instruct,-0.9375,False,0.875,True
complex,-0.9375,False,0.125,True
simple,-1.0625,False,0.3125,True
instruct,-1.0625,False,0.4375,True
complex,-1.0625,False,-0.125,False
simple,-1.8125,False,0.3125,True
instruct,-1.8125,False,1.0625,True
complex,-1.8125,False,-0.125,False
simple,-1.5,False,0.5,True
instruct,-1.5,False,0.625,True
complex,-1.5,False,0.0625,True
simple,-1.5625,False,0.125,True
instruct,-1.5625,False,0.25,True
complex,-1.5625,False,-0.0625,False
simple,-1.8125,False,0.125,True
instruct,-1.8125,False,0.5625,True
complex,-1.8125,False,-0.125,False
simple,-1.375,False,0.5,True
instruct,-1.375,False,0.8125,True
complex,-1.375,False,0.0,False
simple,-2.5,False,0.25,True
instruct,-2.5,False,0.625,True
complex,-2.5,False,-0.0625,False
simple,-0.5,False,0.5625,True
instruct,-0.5,False,0.5625,True
complex,-0.5,False,0.0,False
simple,-2.3125,False,0.375,True
instruct,-2.3125,False,0.3125,True
complex,-2.3125,False,-0.125,False
simple,-2.4375,False,0.3125,True
instruct,-2.4375,False,0.4375,True
complex,-2.4375,False,0.125,True
simple,-2.1875,False,0.3125,True
instruct,-2.1875,False,0.5625,True
complex,-2.1875,False,-0.25,False
simple,-2.25,False,0.375,True
instruct,-2.25,False,0.5,True
complex,-2.25,False,0.0,False
simple,-1.4375,False,0.125,True
instruct,-1.4375,False,0.3125,True
complex,-1.4375,False,-0.1875,False
simple,-1.25,False,0.0,False
instruct,-1.25,False,-0.0625,False
complex,-1.25,False,-0.0625,False
simple,-1.0625,False,-0.25,False
instruct,-1.0625,False,0.0625,True
complex,-1.0625,False,-0.0625,False
simple,-1.875,False,0.0625,True
instruct,-1.875,False,-0.125,False
complex,-1.875,False,-0.1875,False
simple,-1.625,False,0.5,True
instruct,-1.625,False,0.9375,True
complex,-1.625,False,0.0,False
simple,-1.9375,False,0.125,True
instruct,-1.9375,False,0.5625,True
complex,-1.9375,False,0.0625,True
simple,-1.3125,False,0.25,True
instruct,-1.3125,False,0.0625,True
complex,-1.3125,False,0.0625,True
simple,-1.25,False,0.0625,True
instruct,-1.25,False,0.25,True
complex,-1.25,False,-0.125,False
simple,-1.6875,False,0.1875,True
instruct,-1.6875,False,0.375,True
complex,-1.6875,False,0.125,True
simple,-2.5625,False,-0.25,False
instruct,-2.5625,False,0.1875,True
complex,-2.5625,False,-0.0625,False
simple,-1.75,False,-0.125,False
instruct,-1.75,False,0.3125,True
complex,-1.75,False,0.0,False
simple,-2.1875,False,0.625,True
instruct,-2.1875,False,0.9375,True
complex,-2.1875,False,0.125,True
simple,-0.4375,False,-0.125,False
instruct,-0.4375,False,0.1875,True
complex,-0.4375,False,0.1875,True
simple,-1.8125,False,0.5,True
instruct,-1.8125,False,0.4375,True
complex,-1.8125,False,0.0625,True
simple,-1.8125,False,0.0625,True
instruct,-1.8125,False,0.125,True
complex,-1.8125,False,0.0,False
simple,-1.5,False,0.1875,True
instruct,-1.5,False,0.3125,True
complex,-1.5,False,0.0,False
simple,-1.5,False,0.125,True
instruct,-1.5,False,0.125,True
complex,-1.5,False,-0.125,False
simple,-2.4375,False,0.5,True
instruct,-2.4375,False,0.5625,True
complex,-2.4375,False,-0.0625,False
simple,-1.6875,False,0.1875,True
instruct,-1.6875,False,0.3125,True
complex,-1.6875,False,-0.25,False
simple,-0.75,False,0.25,True
instruct,-0.75,False,0.5,True
complex,-0.75,False,-0.0625,False
simple,-0.9375,False,-0.1875,False
instruct,-0.9375,False,-0.125,False
complex,-0.9375,False,0.125,True
simple,-1.75,False,0.625,True
instruct,-1.75,False,0.5625,True
complex,-1.75,False,-0.125,False
simple,-3.25,False,0.125,True
instruct,-3.25,False,0.4375,True
complex,-3.25,False,-0.0625,False
simple,-1.875,False,0.25,True
instruct,-1.875,False,0.875,True
complex,-1.875,False,0.0,False
simple,-2.25,False,0.125,True
instruct,-2.25,False,0.0625,True
complex,-2.25,False,-0.0625,False
simple,-1.0625,False,0.125,True
instruct,-1.0625,False,0.1875,True
complex,-1.0625,False,-0.0625,False
simple,-2.125,False,0.9375,True
instruct,-2.125,False,1.3125,True
complex,-2.125,False,0.125,True
simple,-2.125,False,0.75,True
instruct,-2.125,False,0.875,True
complex,-2.125,False,-0.1875,False
simple,-2.5,False,0.5,True
instruct,-2.5,False,0.5625,True
complex,-2.5,False,-0.1875,False
simple,-2.6875,False,0.4375,True
instruct,-2.6875,False,0.5,True
complex,-2.6875,False,-0.0625,False
simple,-1.5625,False,-0.1875,False
instruct,-1.5625,False,0.5,True
complex,-1.5625,False,-0.0625,False
simple,-3.1875,False,-0.3125,False
instruct,-3.1875,False,0.125,True
complex,-3.1875,False,-0.0625,False
simple,-1.0625,False,-0.0625,False
instruct,-1.0625,False,0.25,True
complex,-1.0625,False,0.0625,True
simple,-1.3125,False,0.3125,True
instruct,-1.3125,False,0.625,True
complex,-1.3125,False,-0.0625,False
simple,-1.4375,False,0.0,False
instruct,-1.4375,False,0.125,True
complex,-1.4375,False,-0.125,False
simple,-2.4375,False,0.625,True
instruct,-2.4375,False,0.875,True
complex,-2.4375,False,0.25,True
simple,-2.125,False,0.375,True
instruct,-2.125,False,0.8125,True
complex,-2.125,False,0.0,False
simple,-1.5,False,0.5,True
instruct,-1.5,False,0.75,True
complex,-1.5,False,-0.3125,False
simple,-1.5,False,0.125,True
instruct,-1.5,False,0.375,True
complex,-1.5,False,-0.125,False
simple,-0.75,False,-0.25,False
instruct,-0.75,False,0.3125,True
complex,-0.75,False,-0.125,False
simple,-15.5625,False,0.6875,True
instruct,-15.5625,False,0.875,True
complex,-15.5625,False,-0.3125,False
simple,-1.875,False,0.0,False
instruct,-1.875,False,0.375,True
complex,-1.875,False,-0.0625,False
simple,-1.3125,False,0.1875,True
instruct,-1.3125,False,0.3125,True
complex,-1.3125,False,0.3125,True
simple,-1.5625,False,0.375,True
instruct,-1.5625,False,0.0,False
complex,-1.5625,False,-0.1875,False
simple,-0.625,False,0.8125,True
instruct,-0.625,False,0.5625,True
complex,-0.625,False,0.1875,True
simple,-3.1875,False,0.0625,True
instruct,-3.1875,False,-0.0625,False
complex,-3.1875,False,0.0,False
simple,-2.5,False,0.0,False
instruct,-2.5,False,0.0625,True
complex,-2.5,False,-0.0625,False
simple,-1.3125,False,0.125,True
instruct,-1.3125,False,0.3125,True
complex,-1.3125,False,-0.1875,False
simple,-2.0,False,0.625,True
instruct,-2.0,False,0.75,True
complex,-2.0,False,-0.0625,False
simple,-1.625,False,0.3125,True
instruct,-1.625,False,0.5,True
complex,-1.625,False,-0.125,False
simple,-0.625,False,0.4375,True
instruct,-0.625,False,0.8125,True
complex,-0.625,False,0.0,False
simple,-1.4375,False,0.0,False
instruct,-1.4375,False,0.125,True
complex,-1.4375,False,-0.1875,False
simple,-1.0625,False,0.125,True
instruct,-1.0625,False,0.0,False
complex,-1.0625,False,0.1875,True
simple,-11.96875,False,0.6875,True
instruct,-11.96875,False,0.0625,True
complex,-11.96875,False,-0.125,False
simple,-11.5625,False,0.75,True
instruct,-11.5625,False,0.375,True
complex,-11.5625,False,-0.125,False
simple,-12.5625,False,0.6875,True
instruct,-12.5625,False,0.4375,True
complex,-12.5625,False,-0.25,False
simple,-12.65625,False,1.3125,True
instruct,-12.65625,False,0.5625,True
complex,-12.65625,False,0.0,False
simple,-12.125,False,0.5625,True
instruct,-12.125,False,-0.3125,False
complex,-12.125,False,-0.1875,False
simple,-11.84375,False,1.25,True
instruct,-11.84375,False,0.75,True
complex,-11.84375,False,0.25,True
simple,-11.5,False,1.1875,True
instruct,-11.5,False,1.0,True
complex,-11.5,False,-0.0625,False
simple,-12.5,False,0.6875,True
instruct,-12.5,False,0.1875,True
complex,-12.5,False,-0.0625,False
simple,-12.625,False,0.875,True
instruct,-12.625,False,0.125,True
complex,-12.625,False,-0.125,False
simple,-13.0,False,1.0,True
instruct,-13.0,False,0.4375,True
complex,-13.0,False,0.125,True
simple,-11.4375,False,1.3125,True
instruct,-11.4375,False,0.5,True
complex,-11.4375,False,0.0,False
simple,-13.0625,False,1.0625,True
instruct,-13.0625,False,1.0,True
complex,-13.0625,False,0.25,True
simple,-10.8125,False,1.1875,True
instruct,-10.8125,False,0.9375,True
complex,-10.8125,False,0.0625,True
simple,-10.375,False,1.4375,True
instruct,-10.375,False,1.3125,True
complex,-10.375,False,0.1875,True
simple,-14.125,False,1.1875,True
instruct,-14.125,False,1.0625,True
complex,-14.125,False,0.0625,True
simple,-11.375,False,1.25,True
instruct,-11.375,False,1.4375,True
complex,-11.375,False,-0.0625,False
simple,-11.78125,False,1.0625,True
instruct,-11.78125,False,0.8125,True
complex,-11.78125,False,0.0,False
simple,-12.3125,False,1.25,True
instruct,-12.3125,False,0.75,True
complex,-12.3125,False,0.25,True
simple,-12.375,False,1.4375,True
instruct,-12.375,False,1.0625,True
complex,-12.375,False,0.0,False
simple,-10.6875,False,1.4375,True
instruct,-10.6875,False,0.9375,True
complex,-10.6875,False,0.25,True
simple,-12.625,False,1.5,True
instruct,-12.625,False,1.125,True
complex,-12.625,False,0.0625,True
simple,-10.5625,False,1.0625,True
instruct,-10.5625,False,1.125,True
complex,-10.5625,False,0.125,True
simple,-11.875,False,1.3125,True
instruct,-11.875,False,1.5,True
complex,-11.875,False,0.125,True
simple,-11.4375,False,1.3125,True
instruct,-11.4375,False,1.4375,True
complex,-11.4375,False,-0.125,False
simple,-11.5,False,0.5625,True
instruct,-11.5,False,0.3125,True
complex,-11.5,False,0.25,True
simple,-12.46875,False,1.25,True
instruct,-12.46875,False,0.6875,True
complex,-12.46875,False,0.3125,True
simple,-11.125,False,0.8125,True
instruct,-11.125,False,0.4375,True
complex,-11.125,False,-0.0625,False
simple,-11.5,False,0.8125,True
instruct,-11.5,False,-0.1875,False
complex,-11.5,False,0.0,False
simple,-12.0625,False,1.5,True
instruct,-12.0625,False,1.25,True
complex,-12.0625,False,0.0625,True
simple,-12.1875,False,1.375,True
instruct,-12.1875,False,0.8125,True
complex,-12.1875,False,0.125,True
simple,-11.25,False,1.0625,True
instruct,-11.25,False,0.625,True
complex,-11.25,False,-0.0625,False
simple,-16.75,False,0.625,True
instruct,-16.75,False,0.3125,True
complex,-16.75,False,0.1875,True
simple,-12.34375,False,1.0,True
instruct,-12.34375,False,0.75,True
complex,-12.34375,False,0.0625,True
simple,-13.28125,False,1.1875,True
instruct,-13.28125,False,1.25,True
complex,-13.28125,False,0.3125,True
simple,-11.125,False,1.6875,True
instruct,-11.125,False,1.1875,True
complex,-11.125,False,0.0,False
simple,-9.0625,False,0.625,True
instruct,-9.0625,False,0.4375,True
complex,-9.0625,False,0.0,False
simple,-11.5625,False,1.0625,True
instruct,-11.5625,False,1.5,True
complex,-11.5625,False,0.25,True
simple,-11.0,False,1.0625,True
instruct,-11.0,False,0.9375,True
complex,-11.0,False,0.0625,True
simple,-12.125,False,1.5,True
instruct,-12.125,False,1.1875,True
complex,-12.125,False,0.25,True
simple,-9.25,False,0.5,True
instruct,-9.25,False,0.5625,True
complex,-9.25,False,0.0,False
simple,-9.6875,False,1.1875,True
instruct,-9.6875,False,1.625,True
complex,-9.6875,False,0.3125,True
simple,-13.1875,False,1.4375,True
instruct,-13.1875,False,1.0625,True
complex,-13.1875,False,0.125,True
simple,-12.0625,False,1.0,True
instruct,-12.0625,False,1.0,True
complex,-12.0625,False,0.1875,True
simple,-11.3125,False,0.875,True
instruct,-11.3125,False,1.0625,True
complex,-11.3125,False,0.0625,True
simple,-12.0625,False,1.1875,True
instruct,-12.0625,False,1.4375,True
complex,-12.0625,False,0.0,False
simple,-10.75,False,0.8125,True
instruct,-10.75,False,0.4375,True
complex,-10.75,False,0.0625,True
simple,-12.5,False,1.0,True
instruct,-12.5,False,0.5625,True
complex,-12.5,False,0.25,True
simple,-11.21875,False,0.4375,True
instruct,-11.21875,False,0.375,True
complex,-11.21875,False,0.0625,True
simple,-11.5,False,1.0625,True
instruct,-11.5,False,1.1875,True
complex,-11.5,False,0.0,False
simple,-12.5625,False,1.375,True
instruct,-12.5625,False,1.0,True
complex,-12.5625,False,0.1875,True
simple,-12.3125,False,1.375,True
instruct,-12.3125,False,1.5625,True
complex,-12.3125,False,0.0625,True
simple,-11.625,False,1.125,True
instruct,-11.625,False,1.3125,True
complex,-11.625,False,0.0625,True
simple,-10.8125,False,1.1875,True
instruct,-10.8125,False,1.5625,True
complex,-10.8125,False,-0.0625,False
simple,-10.875,False,0.875,True
instruct,-10.875,False,0.5,True
complex,-10.875,False,0.0625,True
simple,-9.9375,False,1.1875,True
instruct,-9.9375,False,1.375,True
complex,-9.9375,False,0.25,True
simple,-10.4375,False,1.375,True
instruct,-10.4375,False,1.25,True
complex,-10.4375,False,0.3125,True
simple,-11.8125,False,1.125,True
instruct,-11.8125,False,1.4375,True
complex,-11.8125,False,0.3125,True
simple,-9.8125,False,1.5,True
instruct,-9.8125,False,1.375,True
complex,-9.8125,False,0.1875,True
simple,-11.5625,False,1.125,True
instruct,-11.5625,False,1.0625,True
complex,-11.5625,False,0.0,False
simple,-12.34375,False,1.125,True
instruct,-12.34375,False,1.3125,True
complex,-12.34375,False,0.0625,True
simple,-10.75,False,1.125,True
instruct,-10.75,False,1.5625,True
complex,-10.75,False,-0.0625,False
simple,-12.25,False,0.75,True
instruct,-12.25,False,0.8125,True
complex,-12.25,False,0.0625,True
simple,-10.875,False,1.0625,True
instruct,-10.875,False,1.0,True
complex,-10.875,False,0.25,True
simple,-9.4375,False,0.8125,True
instruct,-9.4375,False,0.625,True
complex,-9.4375,False,0.375,True
simple,-10.625,False,0.6875,True
instruct,-10.625,False,0.6875,True
complex,-10.625,False,0.125,True
simple,-12.9375,False,0.8125,True
instruct,-12.9375,False,0.9375,True
complex,-12.9375,False,0.0625,True
simple,-12.125,False,1.125,True
instruct,-12.125,False,1.0625,True
complex,-12.125,False,0.4375,True
simple,-13.75,False,0.375,True
instruct,-13.75,False,0.6875,True
complex,-13.75,False,-0.0625,False
simple,-10.25,False,1.25,True
instruct,-10.25,False,1.25,True
complex,-10.25,False,-0.0625,False
simple,-11.125,False,1.375,True
instruct,-11.125,False,1.125,True
complex,-11.125,False,0.3125,True
simple,-13.34375,False,1.3125,True
instruct,-13.34375,False,1.125,True
complex,-13.34375,False,0.0,False
simple,-11.875,False,0.8125,True
instruct,-11.875,False,0.375,True
complex,-11.875,False,0.0625,True
simple,-12.375,False,1.1875,True
instruct,-12.375,False,1.25,True
complex,-12.375,False,0.125,True
simple,-12.625,False,1.0,True
instruct,-12.625,False,0.9375,True
complex,-12.625,False,0.125,True
simple,-10.75,False,0.875,True
instruct,-10.75,False,0.4375,True
complex,-10.75,False,0.375,True
simple,-9.1875,False,0.6875,True
instruct,-9.1875,False,0.625,True
complex,-9.1875,False,0.1875,True
simple,-12.8125,False,1.125,True
instruct,-12.8125,False,1.0625,True
complex,-12.8125,False,0.0625,True
simple,-9.5625,False,1.5,True
instruct,-9.5625,False,2.1875,True
complex,-9.5625,False,0.0625,True
simple,-9.375,False,0.6875,True
instruct,-9.375,False,0.75,True
complex,-9.375,False,0.125,True
simple,-10.375,False,1.0625,True
instruct,-10.375,False,2.1875,True
complex,-10.375,False,0.375,True
simple,-12.125,False,1.75,True
instruct,-12.125,False,1.0625,True
complex,-12.125,False,0.3125,True
simple,-12.9375,False,1.125,True
instruct,-12.9375,False,1.25,True
complex,-12.9375,False,0.25,True
simple,-11.6875,False,1.0625,True
instruct,-11.6875,False,0.9375,True
complex,-11.6875,False,0.0,False
simple,-10.25,False,1.0,True
instruct,-10.25,False,0.625,True
complex,-10.25,False,0.125,True
simple,-14.0625,False,1.3125,True
instruct,-14.0625,False,0.75,True
complex,-14.0625,False,0.0625,True
simple,-11.25,False,0.8125,True
instruct,-11.25,False,0.0625,True
complex,-11.25,False,0.0625,True
simple,-11.625,False,1.0,True
instruct,-11.625,False,0.5625,True
complex,-11.625,False,0.0,False
simple,-10.75,False,1.3125,True
instruct,-10.75,False,0.875,True
complex,-10.75,False,0.1875,True
simple,-9.5,False,0.9375,True
instruct,-9.5,False,1.0625,True
complex,-9.5,False,0.375,True
simple,-13.34375,False,1.3125,True
instruct,-13.34375,False,0.8125,True
complex,-13.34375,False,0.125,True
simple,-11.78125,False,0.6875,True
instruct,-11.78125,False,0.0,False
complex,-11.78125,False,-0.125,False
simple,-11.25,False,1.3125,True
instruct,-11.25,False,1.125,True
complex,-11.25,False,-0.125,False
simple,-12.40625,False,0.25,True
instruct,-12.40625,False,-0.1875,False
complex,-12.40625,False,-0.0625,False
simple,-9.4375,False,1.0,True
instruct,-9.4375,False,0.8125,True
complex,-9.4375,False,0.25,True
simple,-10.9375,False,1.3125,True
instruct,-10.9375,False,1.5625,True
complex,-10.9375,False,0.125,True
simple,-10.3125,False,1.0,True
instruct,-10.3125,False,0.9375,True
complex,-10.3125,False,0.0,False
simple,-9.9375,False,1.0,True
instruct,-9.9375,False,1.0,True
complex,-9.9375,False,0.1875,True
simple,-11.5,False,1.1875,True
instruct,-11.5,False,0.6875,True
complex,-11.5,False,0.375,True
simple,-11.8125,False,0.9375,True
instruct,-11.8125,False,1.3125,True
complex,-11.8125,False,0.1875,True
simple,-11.6875,False,0.875,True
instruct,-11.6875,False,0.75,True
complex,-11.6875,False,0.0625,True
simple,-4.6875,False,-0.5,False
instruct,-4.6875,False,-0.625,False
complex,-4.6875,False,-0.0625,False
simple,-5.1875,False,-0.375,False
instruct,-5.1875,False,-0.6875,False
complex,-5.1875,False,-0.1875,False
simple,-4.375,False,0.0,False
instruct,-4.375,False,0.125,True
complex,-4.375,False,0.0,False
simple,-4.1875,False,-0.375,False
instruct,-4.1875,False,-0.5,False
complex,-4.1875,False,-0.1875,False
simple,-5.1875,False,-0.5625,False
instruct,-5.1875,False,-0.8125,False
complex,-5.1875,False,0.0625,True
simple,-5.75,False,-0.8125,False
instruct,-5.75,False,-1.0625,False
complex,-5.75,False,-0.1875,False
simple,-4.875,False,-0.375,False
instruct,-4.875,False,-0.5,False
complex,-4.875,False,-0.25,False
simple,-4.625,False,-0.25,False
instruct,-4.625,False,-0.375,False
complex,-4.625,False,0.0,False
simple,-4.5,False,-0.6875,False
instruct,-4.5,False,-0.375,False
complex,-4.5,False,-0.125,False
simple,-3.875,False,-0.125,False
instruct,-3.875,False,-0.125,False
complex,-3.875,False,-0.125,False
simple,-5.625,False,-0.75,False
instruct,-5.625,False,-1.0,False
complex,-5.625,False,-0.3125,False
simple,-5.25,False,-0.8125,False
instruct,-5.25,False,-0.875,False
complex,-5.25,False,0.0625,True
simple,-3.875,False,-0.75,False
instruct,-3.875,False,-0.5625,False
complex,-3.875,False,-0.1875,False
simple,-4.9375,False,-0.8125,False
instruct,-4.9375,False,-0.9375,False
complex,-4.9375,False,-0.1875,False
simple,-4.0625,False,-0.6875,False
instruct,-4.0625,False,-0.875,False
complex,-4.0625,False,-0.1875,False
simple,-4.375,False,-0.375,False
instruct,-4.375,False,-0.625,False
complex,-4.375,False,0.0,False
simple,-6.0,False,-0.5625,False
instruct,-6.0,False,-0.6875,False
complex,-6.0,False,-0.25,False
simple,-5.625,False,-0.25,False
instruct,-5.625,False,-0.1875,False
complex,-5.625,False,0.0,False
simple,-6.1875,False,-0.1875,False
instruct,-6.1875,False,-0.0625,False
complex,-6.1875,False,0.0625,True
simple,-3.9375,False,-0.25,False
instruct,-3.9375,False,-0.4375,False
complex,-3.9375,False,-0.1875,False
simple,-7.1875,False,-0.625,False
instruct,-7.1875,False,-0.875,False
complex,-7.1875,False,-0.4375,False
simple,-4.0625,False,-0.6875,False
instruct,-4.0625,False,-1.125,False
complex,-4.0625,False,-0.0625,False
simple,-5.0625,False,-0.5625,False
instruct,-5.0625,False,-0.6875,False
complex,-5.0625,False,-0.0625,False
simple,-2.875,False,-0.6875,False
instruct,-2.875,False,-0.9375,False
complex,-2.875,False,-0.375,False
simple,-3.625,False,-0.75,False
instruct,-3.625,False,-1.25,False
complex,-3.625,False,-0.25,False
simple,-4.5625,False,-0.5,False
instruct,-4.5625,False,-0.9375,False
complex,-4.5625,False,-0.125,False
simple,-5.1875,False,-0.0625,False
instruct,-5.1875,False,-0.0625,False
complex,-5.1875,False,0.0,False
simple,-5.5625,False,-0.5625,False
instruct,-5.5625,False,-0.6875,False
complex,-5.5625,False,-0.0625,False
simple,-3.375,False,-1.0,False
instruct,-3.375,False,-1.25,False
complex,-3.375,False,-0.3125,False
simple,-4.875,False,-1.0,False
instruct,-4.875,False,-0.9375,False
complex,-4.875,False,-0.375,False
simple,-4.1875,False,-0.125,False
instruct,-4.1875,False,-0.3125,False
complex,-4.1875,False,-0.1875,False
simple,-4.3125,False,-0.375,False
instruct,-4.3125,False,-0.25,False
complex,-4.3125,False,-0.3125,False
simple,-4.4375,False,-0.4375,False
instruct,-4.4375,False,-0.5625,False
complex,-4.4375,False,-0.1875,False
simple,-4.1875,False,-1.1875,False
instruct,-4.1875,False,-1.3125,False
complex,-4.1875,False,-0.375,False
simple,-4.0625,False,-0.3125,False
instruct,-4.0625,False,-0.6875,False
complex,-4.0625,False,-0.3125,False
simple,-4.5625,False,-0.625,False
instruct,-4.5625,False,-0.9375,False
complex,-4.5625,False,-0.125,False
simple,-6.125,False,-0.5,False
instruct,-6.125,False,-1.0,False
complex,-6.125,False,-0.25,False
simple,-2.75,False,-0.5625,False
instruct,-2.75,False,-0.9375,False
complex,-2.75,False,-0.3125,False
simple,-4.8125,False,0.0,False
instruct,-4.8125,False,-0.125,False
complex,-4.8125,False,-0.0625,False
simple,-4.6875,False,-1.0625,False
instruct,-4.6875,False,-1.3125,False
complex,-4.6875,False,-0.375,False
simple,-4.8125,False,-0.3125,False
instruct,-4.8125,False,-0.5,False
complex,-4.8125,False,-0.125,False
simple,-4.1875,False,-0.25,False
instruct,-4.1875,False,-0.375,False
complex,-4.1875,False,-0.375,False
simple,-4.3125,False,-0.5,False
instruct,-4.3125,False,-0.625,False
complex,-4.3125,False,-0.0625,False
simple,-4.8125,False,-0.375,False
instruct,-4.8125,False,-0.4375,False
complex,-4.8125,False,-0.0625,False
simple,-3.75,False,-0.3125,False
instruct,-3.75,False,-0.4375,False
complex,-3.75,False,0.0,False
simple,-3.0,False,-0.75,False
instruct,-3.0,False,-0.5625,False
complex,-3.0,False,-0.25,False
simple,-3.625,False,-0.625,False
instruct,-3.625,False,-0.9375,False
complex,-3.625,False,-0.1875,False
simple,-4.6875,False,-0.25,False
instruct,-4.6875,False,-0.25,False
complex,-4.6875,False,-0.3125,False
simple,-4.1875,False,-0.625,False
instruct,-4.1875,False,-0.8125,False
complex,-4.1875,False,-0.25,False
simple,-4.875,False,-0.625,False
instruct,-4.875,False,-0.8125,False
complex,-4.875,False,0.0,False
simple,-4.25,False,-0.375,False
instruct,-4.25,False,-0.5625,False
complex,-4.25,False,-0.0625,False
simple,-5.0625,False,-0.5,False
instruct,-5.0625,False,-0.75,False
complex,-5.0625,False,-0.1875,False
simple,-4.0,False,-0.5,False
instruct,-4.0,False,-0.5,False
complex,-4.0,False,-0.25,False
simple,-5.4375,False,-0.375,False
instruct,-5.4375,False,-0.625,False
complex,-5.4375,False,-0.1875,False
simple,-4.4375,False,-0.875,False
instruct,-4.4375,False,-0.875,False
complex,-4.4375,False,-0.3125,False
simple,-3.75,False,-0.875,False
instruct,-3.75,False,-0.8125,False
complex,-3.75,False,-0.1875,False
simple,-4.1875,False,-0.5625,False
instruct,-4.1875,False,-0.9375,False
complex,-4.1875,False,-0.1875,False
simple,-5.375,False,-0.5,False
instruct,-5.375,False,-0.5625,False
complex,-5.375,False,-0.1875,False
simple,-4.75,False,-0.125,False
instruct,-4.75,False,-0.4375,False
complex,-4.75,False,-0.25,False
simple,-6.0,False,-0.4375,False
instruct,-6.0,False,-0.5625,False
complex,-6.0,False,-0.1875,False
simple,-4.1875,False,-0.25,False
instruct,-4.1875,False,0.0,False
complex,-4.1875,False,-0.1875,False
simple,-5.9375,False,-0.8125,False
instruct,-5.9375,False,-1.25,False
complex,-5.9375,False,-0.125,False
simple,-3.5625,False,-0.5,False
instruct,-3.5625,False,-0.75,False
complex,-3.5625,False,-0.25,False
simple,-4.5,False,-0.625,False
instruct,-4.5,False,-0.75,False
complex,-4.5,False,-0.25,False
simple,-4.8125,False,-0.375,False
instruct,-4.8125,False,-0.5625,False
complex,-4.8125,False,-0.1875,False
simple,-5.625,False,-0.9375,False
instruct,-5.625,False,-1.125,False
complex,-5.625,False,-0.125,False
simple,-4.4375,False,-0.75,False
instruct,-4.4375,False,-1.125,False
complex,-4.4375,False,-0.3125,False
simple,-3.0,False,-0.75,False
instruct,-3.0,False,-1.125,False
complex,-3.0,False,-0.25,False
simple,-5.0,False,-0.375,False
instruct,-5.0,False,-0.4375,False
complex,-5.0,False,-0.125,False
simple,-5.9375,False,-0.6875,False
instruct,-5.9375,False,-0.6875,False
complex,-5.9375,False,-0.25,False
simple,-5.125,False,-0.3125,False
instruct,-5.125,False,-0.6875,False
complex,-5.125,False,-0.1875,False
simple,-4.1875,False,-0.1875,False
instruct,-4.1875,False,-0.1875,False
complex,-4.1875,False,0.0,False
simple,-6.4375,False,-0.4375,False
instruct,-6.4375,False,-0.8125,False
complex,-6.4375,False,-0.4375,False
simple,-4.25,False,-0.4375,False
instruct,-4.25,False,-0.5625,False
complex,-4.25,False,-0.125,False
simple,-4.5625,False,-0.5625,False
instruct,-4.5625,False,-0.5625,False
complex,-4.5625,False,-0.4375,False
simple,-4.875,False,-0.4375,False
instruct,-4.875,False,-0.5625,False
complex,-4.875,False,-0.1875,False
simple,-5.625,False,-0.75,False
instruct,-5.625,False,-1.0,False
complex,-5.625,False,-0.0625,False
simple,-5.625,False,-0.6875,False
instruct,-5.625,False,-0.75,False
complex,-5.625,False,-0.5,False
simple,-4.6875,False,-0.375,False
instruct,-4.6875,False,-0.3125,False
complex,-4.6875,False,-0.1875,False
simple,-4.4375,False,-0.5625,False
instruct,-4.4375,False,-0.875,False
complex,-4.4375,False,-0.25,False
simple,-4.8125,False,-0.1875,False
instruct,-4.8125,False,-0.4375,False
complex,-4.8125,False,-0.3125,False
simple,-3.8125,False,-0.4375,False
instruct,-3.8125,False,-0.5,False
complex,-3.8125,False,-0.125,False
simple,-5.625,False,-0.375,False
instruct,-5.625,False,-0.375,False
complex,-5.625,False,0.0,False
simple,-5.0,False,-0.6875,False
instruct,-5.0,False,-0.875,False
complex,-5.0,False,-0.5,False
simple,-5.75,False,-0.875,False
instruct,-5.75,False,-1.3125,False
complex,-5.75,False,-0.0625,False
simple,-6.0,False,-0.8125,False
instruct,-6.0,False,-1.0625,False
complex,-6.0,False,-0.1875,False
simple,-5.0625,False,-0.875,False
instruct,-5.0625,False,-1.4375,False
complex,-5.0625,False,-0.1875,False
simple,-3.125,False,-0.5,False
instruct,-3.125,False,-0.625,False
complex,-3.125,False,-0.25,False
simple,-4.0,False,-0.9375,False
instruct,-4.0,False,-1.375,False
complex,-4.0,False,-0.375,False
simple,-4.875,False,-0.3125,False
instruct,-4.875,False,-0.375,False
complex,-4.875,False,-0.25,False
simple,-5.3125,False,-0.75,False
instruct,-5.3125,False,-1.125,False
complex,-5.3125,False,0.0625,True
simple,-4.1875,False,-0.75,False
instruct,-4.1875,False,-1.0625,False
complex,-4.1875,False,-0.3125,False
simple,-6.125,False,-0.625,False
instruct,-6.125,False,-0.875,False
complex,-6.125,False,-0.1875,False
simple,-6.125,False,-0.625,False
instruct,-6.125,False,-0.375,False
complex,-6.125,False,0.0,False
simple,-4.375,False,-0.25,False
instruct,-4.375,False,-0.25,False
complex,-4.375,False,-0.1875,False
simple,-3.3125,False,-0.375,False
instruct,-3.3125,False,-0.0625,False
complex,-3.3125,False,-0.25,False
simple,-4.5,False,-0.375,False
instruct,-4.5,False,-0.4375,False
complex,-4.5,False,-0.0625,False
simple,-5.0625,False,-0.75,False
instruct,-5.0625,False,-0.8125,False
complex,-5.0625,False,-0.125,False
simple,-4.75,False,-0.4375,False
instruct,-4.75,False,-0.5625,False
complex,-4.75,False,-0.25,False
simple,-3.6875,False,-1.0,False
instruct,-3.6875,False,-1.375,False
complex,-3.6875,False,-0.1875,False
simple,-3.125,False,-0.4375,False
instruct,-3.125,False,-0.4375,False
complex,-3.125,False,-0.125,False
simple,-2.9375,False,-0.1875,False
instruct,-2.9375,False,-0.3125,False
complex,-2.9375,False,-0.25,False
simple,-3.0,False,-0.5625,False
instruct,-3.0,False,-0.8125,False
complex,-3.0,False,-0.0625,False
simple,-5.0,False,-0.125,False
instruct,-5.0,False,-0.1875,False
complex,-5.0,False,-0.125,False
simple,-3.4375,False,0.125,True
instruct,-3.4375,False,0.0625,True
complex,-3.4375,False,0.0,False
simple,-3.125,False,-0.375,False
instruct,-3.125,False,-0.25,False
complex,-3.125,False,0.0625,True
simple,-3.0625,False,-1.0625,False
instruct,-3.0625,False,-1.1875,False
complex,-3.0625,False,-0.1875,False
simple,-3.8125,False,-1.375,False
instruct,-3.8125,False,-1.8125,False
complex,-3.8125,False,0.0,False
simple,-2.84375,False,0.0625,True
instruct,-2.84375,False,-0.1875,False
complex,-2.84375,False,-0.125,False
simple,-3.84375,False,-0.375,False
instruct,-3.84375,False,-0.8125,False
complex,-3.84375,False,-0.125,False
simple,-2.1875,False,-0.3125,False
instruct,-2.1875,False,-0.625,False
complex,-2.1875,False,0.0625,True
simple,-3.5,False,-0.3125,False
instruct,-3.5,False,-0.6875,False
complex,-3.5,False,0.0625,True
simple,-4.125,False,-0.625,False
instruct,-4.125,False,-0.5625,False
complex,-4.125,False,-0.0625,False
simple,-3.125,False,-1.25,False
instruct,-3.125,False,-1.625,False
complex,-3.125,False,-0.125,False
simple,-3.625,False,-0.5625,False
instruct,-3.625,False,-0.5625,False
complex,-3.625,False,-0.1875,False
simple,-2.3125,False,0.375,True
instruct,-2.3125,False,0.375,True
complex,-2.3125,False,-0.125,False
simple,-3.8125,False,-0.875,False
instruct,-3.8125,False,-1.125,False
complex,-3.8125,False,-0.125,False
simple,-4.3125,False,-0.8125,False
instruct,-4.3125,False,-1.1875,False
complex,-4.3125,False,-0.4375,False
simple,-4.875,False,-0.6875,False
instruct,-4.875,False,-0.875,False
complex,-4.875,False,0.0625,True
simple,-3.1875,False,-0.875,False
instruct,-3.1875,False,-1.125,False
complex,-3.1875,False,0.0,False
simple,-4.9375,False,-0.625,False
instruct,-4.9375,False,-1.0,False
complex,-4.9375,False,-0.0625,False
simple,-4.6875,False,-0.5625,False
instruct,-4.6875,False,-1.1875,False
complex,-4.6875,False,-0.0625,False
simple,-1.75,False,-0.4375,False
instruct,-1.75,False,-0.6875,False
complex,-1.75,False,-0.25,False
simple,-4.875,False,-0.5,False
instruct,-4.875,False,-0.8125,False
complex,-4.875,False,0.1875,True
simple,-2.875,False,-0.125,False
instruct,-2.875,False,-0.0625,False
complex,-2.875,False,-0.0625,False
simple,-3.0625,False,-0.625,False
instruct,-3.0625,False,-0.75,False
complex,-3.0625,False,-0.1875,False
simple,-4.375,False,-0.875,False
instruct,-4.375,False,-1.8125,False
complex,-4.375,False,0.0,False
simple,-2.3125,False,-0.375,False
instruct,-2.3125,False,-0.75,False
complex,-2.3125,False,-0.1875,False
simple,-3.28125,False,-1.0625,False
instruct,-3.28125,False,-1.5625,False
complex,-3.28125,False,-0.25,False
simple,-3.0,False,-0.375,False
instruct,-3.0,False,-0.3125,False
complex,-3.0,False,-0.125,False
simple,-2.625,False,0.125,True
instruct,-2.625,False,-0.0625,False
complex,-2.625,False,0.0,False
simple,-6.25,False,-0.0625,False
instruct,-6.25,False,-0.375,False
complex,-6.25,False,0.0,False
simple,-4.4375,False,-0.5,False
instruct,-4.4375,False,-0.6875,False
complex,-4.4375,False,0.125,True
simple,-2.875,False,0.25,True
instruct,-2.875,False,0.0,False
complex,-2.875,False,0.125,True
simple,-3.375,False,-0.1875,False
instruct,-3.375,False,-0.5625,False
complex,-3.375,False,0.0625,True
simple,-2.625,False,-0.1875,False
instruct,-2.625,False,-0.375,False
complex,-2.625,False,-0.0625,False
simple,-4.0,False,-0.3125,False
instruct,-4.0,False,-0.6875,False
complex,-4.0,False,-0.125,False
simple,-4.1875,False,-0.3125,False
instruct,-4.1875,False,-0.4375,False
complex,-4.1875,False,-0.125,False
simple,-2.625,False,0.0625,True
instruct,-2.625,False,-0.0625,False
complex,-2.625,False,-0.0625,False
simple,-2.4375,False,-0.5625,False
instruct,-2.4375,False,-0.875,False
complex,-2.4375,False,-0.1875,False
simple,-3.4375,False,-0.9375,False
instruct,-3.4375,False,-1.0,False
complex,-3.4375,False,-0.1875,False
simple,-3.0625,False,0.0,False
instruct,-3.0625,False,-0.25,False
complex,-3.0625,False,0.0,False
simple,-2.1875,False,-0.25,False
instruct,-2.1875,False,-0.1875,False
complex,-2.1875,False,-0.0625,False
simple,-4.25,False,-0.375,False
instruct,-4.25,False,-0.5625,False
complex,-4.25,False,-0.125,False
simple,-1.5,False,-1.5625,False
instruct,-1.5,False,-2.125,False
complex,-1.5,False,-0.4375,False
simple,-2.4375,False,-0.1875,False
instruct,-2.4375,False,-1.125,False
complex,-2.4375,False,-0.125,False
simple,-3.1875,False,-0.625,False
instruct,-3.1875,False,-1.0,False
complex,-3.1875,False,-0.0625,False
simple,-4.90625,False,-0.25,False
instruct,-4.90625,False,0.0625,True
complex,-4.90625,False,-0.0625,False
simple,-2.875,False,-0.5,False
instruct,-2.875,False,-0.625,False
complex,-2.875,False,0.125,True
simple,-2.75,False,0.0625,True
instruct,-2.75,False,-0.125,False
complex,-2.75,False,0.0,False
simple,-3.0,False,-0.4375,False
instruct,-3.0,False,-0.625,False
complex,-3.0,False,-0.125,False
simple,-3.625,False,-0.625,False
instruct,-3.625,False,-0.8125,False
complex,-3.625,False,-0.25,False
simple,-2.625,False,-0.125,False
instruct,-2.625,False,-0.9375,False
complex,-2.625,False,-0.125,False
simple,-4.1875,False,0.125,True
instruct,-4.1875,False,-0.5625,False
complex,-4.1875,False,0.0625,True
simple,-4.34375,False,-0.5,False
instruct,-4.34375,False,-0.75,False
complex,-4.34375,False,-0.125,False
simple,-4.1875,False,-0.625,False
instruct,-4.1875,False,-1.25,False
complex,-4.1875,False,-0.125,False
simple,-2.9375,False,0.375,True
instruct,-2.9375,False,0.0625,True
complex,-2.9375,False,-0.0625,False
simple,-2.375,False,-1.0625,False
instruct,-2.375,False,-1.375,False
complex,-2.375,False,-0.3125,False
simple,-3.9375,False,-0.0625,False
instruct,-3.9375,False,0.0,False
complex,-3.9375,False,0.0,False
simple,-3.375,False,-0.5625,False
instruct,-3.375,False,-0.9375,False
complex,-3.375,False,-0.25,False
simple,-3.1875,False,-0.5625,False
instruct,-3.1875,False,-0.75,False
complex,-3.1875,False,-0.25,False
simple,-4.125,False,0.0625,True
instruct,-4.125,False,0.1875,True
complex,-4.125,False,0.0625,True
simple,-3.5625,False,-1.1875,False
instruct,-3.5625,False,-1.75,False
complex,-3.5625,False,-0.375,False
simple,-2.9375,False,-0.0625,False
instruct,-2.9375,False,-0.1875,False
complex,-2.9375,False,-0.125,False
simple,-2.75,False,-0.0625,False
instruct,-2.75,False,-0.75,False
complex,-2.75,False,-0.0625,False
simple,-3.5625,False,0.1875,True
instruct,-3.5625,False,0.125,True
complex,-3.5625,False,0.0625,True
simple,-3.6875,False,-0.125,False
instruct,-3.6875,False,-0.5,False
complex,-3.6875,False,-0.0625,False
simple,-4.6875,False,-0.1875,False
instruct,-4.6875,False,-0.1875,False
complex,-4.6875,False,0.0625,True
simple,-3.9375,False,-0.6875,False
instruct,-3.9375,False,-1.1875,False
complex,-3.9375,False,-0.1875,False
simple,-3.5625,False,-0.6875,False
instruct,-3.5625,False,-1.125,False
complex,-3.5625,False,-0.375,False
simple,-3.5,False,0.0625,True
instruct,-3.5,False,0.0625,True
complex,-3.5,False,0.0625,True
simple,-2.375,False,-0.0625,False
instruct,-2.375,False,-0.375,False
complex,-2.375,False,0.125,True
simple,-5.25,False,-0.125,False
instruct,-5.25,False,-0.3125,False
complex,-5.25,False,0.0625,True
simple,-3.1875,False,0.125,True
instruct,-3.1875,False,-0.1875,False
complex,-3.1875,False,0.0,False
simple,-2.125,False,0.125,True
instruct,-2.125,False,-0.1875,False
complex,-2.125,False,0.0,False
simple,-3.375,False,-0.25,False
instruct,-3.375,False,-0.9375,False
complex,-3.375,False,-0.125,False
simple,-4.0,False,-0.6875,False
instruct,-4.0,False,-0.8125,False
complex,-4.0,False,0.0,False
simple,-3.84375,False,-0.375,False
instruct,-3.84375,False,-0.6875,False
complex,-3.84375,False,-0.0625,False
simple,-3.5,False,-0.3125,False
instruct,-3.5,False,-0.625,False
complex,-3.5,False,-0.0625,False
simple,-3.9375,False,-1.125,False
instruct,-3.9375,False,-1.3125,False
complex,-3.9375,False,0.0,False
simple,-3.5,False,-0.25,False
instruct,-3.5,False,-0.25,False
complex,-3.5,False,-0.125,False
simple,-3.625,False,-0.0625,False
instruct,-3.625,False,-0.375,False
complex,-3.625,False,-0.125,False
simple,-1.875,False,-0.3125,False
instruct,-1.875,False,-0.4375,False
complex,-1.875,False,-0.0625,False
simple,-3.75,False,-1.125,False
instruct,-3.75,False,-1.4375,False
complex,-3.75,False,-0.125,False
simple,-3.875,False,-0.75,False
instruct,-3.875,False,-1.125,False
complex,-3.875,False,-0.5,False
simple,-3.5,False,0.0,False
instruct,-3.5,False,-0.1875,False
complex,-3.5,False,-0.1875,False
simple,-2.75,False,0.1875,True
instruct,-2.75,False,0.0625,True
complex,-2.75,False,-0.0625,False
simple,-3.40625,False,-0.25,False
instruct,-3.40625,False,-0.6875,False
complex,-3.40625,False,-0.0625,False
simple,-2.625,False,-0.25,False
instruct,-2.625,False,-1.0,False
complex,-2.625,False,-0.0625,False
simple,-3.9375,False,-0.1875,False
instruct,-3.9375,False,-0.8125,False
complex,-3.9375,False,-0.125,False
simple,-2.4375,False,-0.125,False
instruct,-2.4375,False,-0.375,False
complex,-2.4375,False,-0.0625,False
simple,-5.9375,False,-0.375,False
instruct,-5.9375,False,-0.8125,False
complex,-5.9375,False,-0.1875,False
simple,-3.25,False,-0.0625,False
instruct,-3.25,False,-0.6875,False
complex,-3.25,False,-0.125,False
simple,-2.71875,False,-0.0625,False
instruct,-2.71875,False,-0.1875,False
complex,-2.71875,False,0.125,True
simple,-2.375,False,0.0625,True
instruct,-2.375,False,-0.4375,False
complex,-2.375,False,-0.0625,False
simple,-2.6875,False,-0.25,False
instruct,-2.6875,False,-0.6875,False
complex,-2.6875,False,-0.25,False
simple,-2.8125,False,0.125,True
instruct,-2.8125,False,-0.25,False
complex,-2.8125,False,-0.125,False
simple,-4.0,False,-0.4375,False
instruct,-4.0,False,-0.625,False
complex,-4.0,False,-0.1875,False
simple,-4.25,False,0.0,False
instruct,-4.25,False,-0.4375,False
complex,-4.25,False,-0.1875,False
simple,-2.8125,False,0.0625,True
instruct,-2.8125,False,-0.125,False
complex,-2.8125,False,0.0,False
simple,1.75,True,0.375,True
instruct,1.75,True,0.6875,True
complex,1.75,True,-0.25,False
simple,-5.0,False,0.3125,True
instruct,-5.0,False,-0.5,False
complex,-5.0,False,-0.25,False
simple,-2.375,False,-0.375,False
instruct,-2.375,False,-0.9375,False
complex,-2.375,False,-0.1875,False
simple,-1.375,False,-0.625,False
instruct,-1.375,False,-0.9375,False
complex,-1.375,False,-0.125,False
simple,-2.5,False,-0.125,False
instruct,-2.5,False,-0.6875,False
complex,-2.5,False,-0.1875,False
simple,-3.25,False,0.0,False
instruct,-3.25,False,-0.0625,False
complex,-3.25,False,-0.25,False
simple,-1.9375,False,0.3125,True
instruct,-1.9375,False,-0.25,False
complex,-1.9375,False,-0.125,False
simple,-1.375,False,0.25,True
instruct,-1.375,False,0.0625,True
complex,-1.375,False,-0.3125,False
simple,6.5,True,0.5,True
instruct,6.5,True,-0.3125,False
complex,6.5,True,0.0625,True
simple,-1.875,False,0.0,False
instruct,-1.875,False,0.25,True
complex,-1.875,False,-0.0625,False
simple,-4.0,False,0.5,True
instruct,-4.0,False,0.0,False
complex,-4.0,False,0.0625,True
simple,-3.875,False,-0.125,False
instruct,-3.875,False,-0.875,False
complex,-3.875,False,-0.0625,False
simple,-0.625,False,-0.6875,False
instruct,-0.625,False,-1.0625,False
complex,-0.625,False,-0.25,False
simple,-2.875,False,0.0625,True
instruct,-2.875,False,-0.25,False
complex,-2.875,False,-0.375,False
simple,1.0,True,-0.1875,False
instruct,1.0,True,-0.875,False
complex,1.0,True,-0.125,False
simple,-3.875,False,0.1875,True
instruct,-3.875,False,-0.25,False
complex,-3.875,False,-0.125,False
simple,-2.4375,False,-0.125,False
instruct,-2.4375,False,-0.6875,False
complex,-2.4375,False,0.0,False
simple,-2.5,False,0.6875,True
instruct,-2.5,False,0.3125,True
complex,-2.5,False,-0.25,False
simple,-1.9375,False,0.0,False
instruct,-1.9375,False,-0.0625,False
complex,-1.9375,False,0.125,True
simple,-3.125,False,-0.125,False
instruct,-3.125,False,-0.25,False
complex,-3.125,False,-0.1875,False
simple,-1.375,False,0.25,True
instruct,-1.375,False,-0.1875,False
complex,-1.375,False,-0.25,False
simple,1.625,True,-0.1875,False
instruct,1.625,True,-1.0,False
complex,1.625,True,-0.3125,False
simple,-1.0,False,0.125,True
instruct,-1.0,False,-0.0625,False
complex,-1.0,False,0.0,False
simple,-0.6875,False,0.0625,True
instruct,-0.6875,False,-0.25,False
complex,-0.6875,False,0.0625,True
simple,2.375,True,0.0,False
instruct,2.375,True,-0.5,False
complex,2.375,True,-0.1875,False
simple,-2.6875,False,-0.0625,False
instruct,-2.6875,False,-0.4375,False
complex,-2.6875,False,-0.3125,False
simple,-0.375,False,-0.0625,False
instruct,-0.375,False,-0.5,False
complex,-0.375,False,-0.1875,False
simple,1.25,True,-0.25,False
instruct,1.25,True,-0.8125,False
complex,1.25,True,-0.3125,False
simple,-3.3125,False,-0.1875,False
instruct,-3.3125,False,-0.25,False
complex,-3.3125,False,0.1875,True
simple,-3.0,False,-0.1875,False
instruct,-3.0,False,-0.875,False
complex,-3.0,False,-0.125,False
simple,-2.625,False,0.1875,True
instruct,-2.625,False,-0.125,False
complex,-2.625,False,-0.3125,False
simple,-2.5,False,0.25,True
instruct,-2.5,False,-0.125,False
complex,-2.5,False,0.0,False
simple,-2.25,False,0.5,True
instruct,-2.25,False,0.1875,True
complex,-2.25,False,-0.125,False
simple,1.25,True,-0.3125,False
instruct,1.25,True,-0.5,False
complex,1.25,True,0.0,False
simple,-1.3125,False,0.375,True
instruct,-1.3125,False,-0.4375,False
complex,-1.3125,False,-0.0625,False
simple,-3.75,False,0.125,True
instruct,-3.75,False,-0.0625,False
complex,-3.75,False,-0.125,False
simple,-1.0,False,0.125,True
instruct,-1.0,False,-0.0625,False
complex,-1.0,False,-0.0625,False
simple,-1.375,False,-0.25,False
instruct,-1.375,False,-0.375,False
complex,-1.375,False,-0.0625,False
simple,-2.75,False,-0.125,False
instruct,-2.75,False,-0.25,False
complex,-2.75,False,-0.0625,False
simple,-0.9375,False,0.0625,True
instruct,-0.9375,False,-0.0625,False
complex,-0.9375,False,-0.375,False
simple,-1.8125,False,0.125,True
instruct,-1.8125,False,0.0,False
complex,-1.8125,False,0.0,False
simple,-1.6875,False,0.25,True
instruct,-1.6875,False,0.0625,True
complex,-1.6875,False,0.0625,True
simple,-2.8125,False,0.5,True
instruct,-2.8125,False,0.125,True
complex,-2.8125,False,0.25,True
simple,-5.875,False,0.0625,True
instruct,-5.875,False,-0.6875,False
complex,-5.875,False,-0.0625,False
simple,-2.625,False,-0.25,False
instruct,-2.625,False,-0.1875,False
complex,-2.625,False,0.0,False
simple,-2.0,False,0.4375,True
instruct,-2.0,False,0.125,True
complex,-2.0,False,-0.125,False
simple,-3.0,False,-0.6875,False
instruct,-3.0,False,-0.75,False
complex,-3.0,False,-0.1875,False
simple,-4.8125,False,0.125,True
instruct,-4.8125,False,-0.0625,False
complex,-4.8125,False,-0.1875,False
simple,-2.6875,False,0.375,True
instruct,-2.6875,False,-0.0625,False
complex,-2.6875,False,0.0625,True
simple,-1.3125,False,-0.25,False
instruct,-1.3125,False,-0.3125,False
complex,-1.3125,False,-0.3125,False
simple,-3.375,False,0.125,True
instruct,-3.375,False,-0.5,False
complex,-3.375,False,0.0,False
simple,-0.875,False,0.375,True
instruct,-0.875,False,0.0625,True
complex,-0.875,False,-0.25,False
simple,-3.9375,False,-0.3125,False
instruct,-3.9375,False,-0.3125,False
complex,-3.9375,False,0.0,False
simple,-4.4375,False,-0.125,False
instruct,-4.4375,False,-0.125,False
complex,-4.4375,False,-0.0625,False
simple,-2.5,False,-0.1875,False
instruct,-2.5,False,-0.9375,False
complex,-2.5,False,-0.0625,False
simple,0.0,False,0.6875,True
instruct,0.0,False,0.1875,True
complex,0.0,False,-0.1875,False
simple,-0.25,False,-0.3125,False
instruct,-0.25,False,-0.625,False
complex,-0.25,False,-0.375,False
simple,-0.75,False,-0.125,False
instruct,-0.75,False,-0.125,False
complex,-0.75,False,-0.1875,False
simple,0.1875,True,0.0625,True
instruct,0.1875,True,-0.625,False
complex,0.1875,True,-0.0625,False
simple,-0.25,False,-0.5,False
instruct,-0.25,False,-0.375,False
complex,-0.25,False,-0.1875,False
simple,-0.5,False,-0.0625,False
instruct,-0.5,False,-0.625,False
complex,-0.5,False,-0.0625,False
simple,-2.125,False,-0.0625,False
instruct,-2.125,False,-0.125,False
complex,-2.125,False,-0.25,False
simple,-0.8125,False,0.0,False
instruct,-0.8125,False,-0.0625,False
complex,-0.8125,False,-0.25,False
simple,-1.5,False,0.3125,True
instruct,-1.5,False,-0.25,False
complex,-1.5,False,0.125,True
simple,0.9375,True,0.0625,True
instruct,0.9375,True,0.0625,True
complex,0.9375,True,-0.25,False
simple,-1.75,False,0.125,True
instruct,-1.75,False,-0.4375,False
complex,-1.75,False,-0.3125,False
simple,-0.75,False,0.0,False
instruct,-0.75,False,-0.1875,False
complex,-0.75,False,-0.25,False
simple,-2.625,False,0.0,False
instruct,-2.625,False,-0.625,False
complex,-2.625,False,-0.0625,False
simple,-1.6875,False,-0.125,False
instruct,-1.6875,False,-0.5,False
complex,-1.6875,False,-0.0625,False
simple,-4.625,False,0.0,False
instruct,-4.625,False,-0.375,False
complex,-4.625,False,-0.1875,False
simple,-3.125,False,0.1875,True
instruct,-3.125,False,0.1875,True
complex,-3.125,False,-0.0625,False
simple,-1.75,False,0.0,False
instruct,-1.75,False,-0.3125,False
complex,-1.75,False,-0.25,False
simple,-4.875,False,0.125,True
instruct,-4.875,False,-0.375,False
complex,-4.875,False,0.1875,True
simple,-0.875,False,0.5,True
instruct,-0.875,False,0.375,True
complex,-0.875,False,0.125,True
simple,2.125,True,-0.0625,False
instruct,2.125,True,-0.5625,False
complex,2.125,True,-0.5,False
simple,-2.625,False,-0.0625,False
instruct,-2.625,False,-0.5625,False
complex,-2.625,False,-0.125,False
simple,-3.375,False,0.0,False
instruct,-3.375,False,-0.375,False
complex,-3.375,False,-0.1875,False
simple,-0.9375,False,-0.25,False
instruct,-0.9375,False,-0.6875,False
complex,-0.9375,False,0.0,False
simple,-0.75,False,-0.375,False
instruct,-0.75,False,-0.375,False
complex,-0.75,False,-0.375,False
simple,1.875,True,0.125,True
instruct,1.875,True,-0.1875,False
complex,1.875,True,-0.125,False
simple,-1.5,False,0.3125,True
instruct,-1.5,False,-0.75,False
complex,-1.5,False,-0.4375,False
simple,-0.6875,False,0.375,True
instruct,-0.6875,False,-0.1875,False
complex,-0.6875,False,0.0,False
simple,-3.25,False,0.5,True
instruct,-3.25,False,-0.0625,False
complex,-3.25,False,0.0,False
simple,1.75,True,0.25,True
instruct,1.75,True,-0.25,False
complex,1.75,True,0.0,False
simple,-4.6875,False,-0.625,False
instruct,-4.6875,False,-0.6875,False
complex,-4.6875,False,-0.1875,False
simple,-2.875,False,-0.3125,False
instruct,-2.875,False,-0.5625,False
complex,-2.875,False,-0.125,False
simple,-4.5,False,0.0,False
instruct,-4.5,False,-0.3125,False
complex,-4.5,False,-0.25,False
simple,0.625,True,-0.0625,False
instruct,0.625,True,0.0,False
complex,0.625,True,0.25,True
simple,0.4375,True,0.125,True
instruct,0.4375,True,-0.375,False
complex,0.4375,True,-0.3125,False
simple,0.5,True,-0.25,False
instruct,0.5,True,-0.75,False
complex,0.5,True,-0.3125,False
simple,-1.5625,False,0.0,False
instruct,-1.5625,False,-0.375,False
complex,-1.5625,False,-0.1875,False
simple,-3.3125,False,-0.3125,False
instruct,-3.3125,False,-0.625,False
complex,-3.3125,False,-0.0625,False
simple,-0.125,False,0.25,True
instruct,-0.125,False,-0.25,False
complex,-0.125,False,-0.1875,False
simple,0.125,True,0.125,True
instruct,0.125,True,-0.125,False
complex,0.125,True,-0.1875,False
simple,0.5,True,-0.125,False
instruct,0.5,True,-0.125,False
complex,0.5,True,0.0625,True
simple,-2.25,False,0.0,False
instruct,-2.25,False,-0.3125,False
complex,-2.25,False,-0.0625,False
simple,-0.1875,False,-0.1875,False
instruct,-0.1875,False,-0.3125,False
complex,-0.1875,False,-0.25,False
simple,-1.625,False,0.375,True
instruct,-1.625,False,0.0,False
complex,-1.625,False,-0.3125,False
simple,0.75,True,-0.1875,False
instruct,0.75,True,-0.4375,False
complex,0.75,True,0.0625,True
simple,-3.5,False,0.3125,True
instruct,-3.5,False,-0.5,False
complex,-3.5,False,-0.0625,False
simple,-6.25,False,0.375,True
instruct,-6.25,False,0.1875,True
complex,-6.25,False,-0.0625,False
simple,-5.875,False,0.625,True
instruct,-5.875,False,0.25,True
complex,-5.875,False,0.125,True
simple,-6.875,False,0.6875,True
instruct,-6.875,False,0.375,True
complex,-6.875,False,0.0625,True
simple,-7.25,False,-0.25,False
instruct,-7.25,False,-0.625,False
complex,-7.25,False,-0.0625,False
simple,-7.5,False,0.25,True
instruct,-7.5,False,-0.0625,False
complex,-7.5,False,-0.1875,False
simple,-3.8125,False,0.125,True
instruct,-3.8125,False,0.3125,True
complex,-3.8125,False,-0.0625,False
simple,-4.5625,False,0.4375,True
instruct,-4.5625,False,-0.375,False
complex,-4.5625,False,0.0,False
simple,-5.53125,False,-0.0625,False
instruct,-5.53125,False,-0.5625,False
complex,-5.53125,False,-0.25,False
simple,-6.25,False,0.5,True
instruct,-6.25,False,-0.1875,False
complex,-6.25,False,0.25,True
simple,-6.0,False,0.125,True
instruct,-6.0,False,-0.3125,False
complex,-6.0,False,0.125,True
simple,-5.0625,False,0.5,True
instruct,-5.0625,False,0.0,False
complex,-5.0625,False,0.125,True
simple,-5.0625,False,0.1875,True
instruct,-5.0625,False,0.25,True
complex,-5.0625,False,-0.0625,False
simple,-5.8125,False,-0.0625,False
instruct,-5.8125,False,-1.0,False
complex,-5.8125,False,-0.125,False
simple,-3.0,False,0.3125,True
instruct,-3.0,False,0.375,True
complex,-3.0,False,0.125,True
simple,-5.4375,False,0.0,False
instruct,-5.4375,False,-0.375,False
complex,-5.4375,False,-0.3125,False
simple,-6.125,False,0.25,True
instruct,-6.125,False,-0.25,False
complex,-6.125,False,-0.0625,False
simple,-4.3125,False,0.375,True
instruct,-4.3125,False,0.125,True
complex,-4.3125,False,-0.0625,False
simple,-3.75,False,0.25,True
instruct,-3.75,False,0.125,True
complex,-3.75,False,0.25,True
simple,-6.6875,False,0.1875,True
instruct,-6.6875,False,-0.5625,False
complex,-6.6875,False,0.1875,True
simple,-4.125,False,0.4375,True
instruct,-4.125,False,0.1875,True
complex,-4.125,False,0.125,True
simple,-4.375,False,0.0625,True
instruct,-4.375,False,-0.3125,False
complex,-4.375,False,-0.0625,False
simple,-5.0625,False,0.3125,True
instruct,-5.0625,False,-0.3125,False
complex,-5.0625,False,0.0,False
simple,-5.125,False,0.3125,True
instruct,-5.125,False,0.0,False
complex,-5.125,False,0.0625,True
simple,-4.4375,False,0.4375,True
instruct,-4.4375,False,0.3125,True
complex,-4.4375,False,0.0625,True
simple,-4.9375,False,0.375,True
instruct,-4.9375,False,0.1875,True
complex,-4.9375,False,-0.0625,False
simple,-5.5,False,0.1875,True
instruct,-5.5,False,0.0625,True
complex,-5.5,False,0.0625,True
simple,-5.5,False,0.125,True
instruct,-5.5,False,-0.0625,False
complex,-5.5,False,-0.25,False
simple,-5.4375,False,-0.1875,False
instruct,-5.4375,False,-0.5625,False
complex,-5.4375,False,0.0625,True
simple,-4.0,False,0.625,True
instruct,-4.0,False,0.0,False
complex,-4.0,False,0.25,True
simple,-7.3125,False,-0.125,False
instruct,-7.3125,False,0.0,False
complex,-7.3125,False,0.0,False
simple,-5.5,False,0.5625,True
instruct,-5.5,False,0.0,False
complex,-5.5,False,-0.125,False
simple,-7.5,False,0.125,True
instruct,-7.5,False,-0.375,False
complex,-7.5,False,-0.125,False
simple,-4.40625,False,-0.0625,False
instruct,-4.40625,False,-0.1875,False
complex,-4.40625,False,-0.0625,False
simple,-6.8125,False,0.1875,True
instruct,-6.8125,False,-0.1875,False
complex,-6.8125,False,0.0625,True
simple,-2.75,False,0.5,True
instruct,-2.75,False,0.4375,True
complex,-2.75,False,0.0,False
simple,-3.875,False,0.25,True
instruct,-3.875,False,0.0625,True
complex,-3.875,False,-0.0625,False
simple,-3.4375,False,0.8125,True
instruct,-3.4375,False,0.6875,True
complex,-3.4375,False,0.0,False
simple,-6.0625,False,0.5,True
instruct,-6.0625,False,-0.3125,False
complex,-6.0625,False,0.0625,True
simple,-3.0,False,0.5,True
instruct,-3.0,False,0.3125,True
complex,-3.0,False,0.125,True
simple,-4.25,False,0.5625,True
instruct,-4.25,False,-0.3125,False
complex,-4.25,False,-0.0625,False
simple,-7.125,False,0.375,True
instruct,-7.125,False,0.25,True
complex,-7.125,False,0.0625,True
simple,-2.6875,False,0.75,True
instruct,-2.6875,False,0.3125,True
complex,-2.6875,False,-0.0625,False
simple,-6.5,False,0.4375,True
instruct,-6.5,False,-0.3125,False
complex,-6.5,False,-0.25,False
simple,-2.5625,False,0.5625,True
instruct,-2.5625,False,0.0,False
complex,-2.5625,False,0.0625,True
simple,-6.6875,False,0.1875,True
instruct,-6.6875,False,0.125,True
complex,-6.6875,False,0.125,True
simple,-5.75,False,0.6875,True
instruct,-5.75,False,0.25,True
complex,-5.75,False,0.0,False
simple,-6.6875,False,0.4375,True
instruct,-6.6875,False,0.0625,True
complex,-6.6875,False,0.1875,True
simple,-4.3125,False,0.5625,True
instruct,-4.3125,False,0.1875,True
complex,-4.3125,False,0.125,True
simple,-5.0625,False,0.3125,True
instruct,-5.0625,False,-0.125,False
complex,-5.0625,False,-0.125,False
simple,-5.25,False,0.4375,True
instruct,-5.25,False,0.125,True
complex,-5.25,False,-0.0625,False
simple,-6.8125,False,0.0625,True
instruct,-6.8125,False,-0.5625,False
complex,-6.8125,False,0.0,False
simple,-5.0625,False,0.0625,True
instruct,-5.0625,False,-0.4375,False
complex,-5.0625,False,-0.1875,False
simple,-5.9375,False,0.125,True
instruct,-5.9375,False,0.0,False
complex,-5.9375,False,0.0,False
simple,-6.375,False,0.25,True
instruct,-6.375,False,0.0625,True
complex,-6.375,False,0.125,True
simple,-3.75,False,0.125,True
instruct,-3.75,False,-0.5,False
complex,-3.75,False,0.0,False
simple,-1.875,False,0.25,True
instruct,-1.875,False,0.125,True
complex,-1.875,False,-0.0625,False
simple,-5.625,False,-0.0625,False
instruct,-5.625,False,-0.125,False
complex,-5.625,False,0.0625,True
simple,-5.25,False,0.3125,True
instruct,-5.25,False,0.0625,True
complex,-5.25,False,0.0625,True
simple,-3.3125,False,0.375,True
instruct,-3.3125,False,0.25,True
complex,-3.3125,False,0.0,False
simple,-5.09375,False,-0.125,False
instruct,-5.09375,False,-0.5,False
complex,-5.09375,False,-0.1875,False
simple,-3.25,False,0.3125,True
instruct,-3.25,False,0.125,True
complex,-3.25,False,0.0625,True
simple,-6.5625,False,0.125,True
instruct,-6.5625,False,-0.0625,False
complex,-6.5625,False,0.0,False
simple,-5.9375,False,0.125,True
instruct,-5.9375,False,-0.5,False
complex,-5.9375,False,-0.0625,False
simple,-3.9375,False,0.0625,True
instruct,-3.9375,False,-0.25,False
complex,-3.9375,False,-0.0625,False
simple,-6.25,False,0.5,True
instruct,-6.25,False,-0.0625,False
complex,-6.25,False,0.0625,True
simple,-3.0625,False,0.4375,True
instruct,-3.0625,False,-0.0625,False
complex,-3.0625,False,-0.125,False
simple,-4.5,False,0.125,True
instruct,-4.5,False,-0.25,False
complex,-4.5,False,0.0625,True
simple,-5.0625,False,0.125,True
instruct,-5.0625,False,-0.125,False
complex,-5.0625,False,-0.125,False
simple,-5.9375,False,0.25,True
instruct,-5.9375,False,-0.3125,False
complex,-5.9375,False,0.0625,True
simple,-8.125,False,0.25,True
instruct,-8.125,False,0.0,False
complex,-8.125,False,0.0625,True
simple,-4.3125,False,0.5,True
instruct,-4.3125,False,0.1875,True
complex,-4.3125,False,0.0,False
simple,-3.1875,False,0.0625,True
instruct,-3.1875,False,-0.3125,False
complex,-3.1875,False,0.125,True
simple,-3.8125,False,0.5625,True
instruct,-3.8125,False,0.25,True
complex,-3.8125,False,0.125,True
simple,-3.625,False,0.375,True
instruct,-3.625,False,-0.375,False
complex,-3.625,False,-0.25,False
simple,-4.75,False,0.0625,True
instruct,-4.75,False,-0.25,False
complex,-4.75,False,-0.0625,False
simple,-5.0625,False,0.375,True
instruct,-5.0625,False,-0.25,False
complex,-5.0625,False,0.0625,True
simple,-4.25,False,0.25,True
instruct,-4.25,False,-0.3125,False
complex,-4.25,False,0.125,True
simple,-5.4375,False,0.125,True
instruct,-5.4375,False,-0.625,False
complex,-5.4375,False,-0.1875,False
simple,-4.0,False,0.125,True
instruct,-4.0,False,0.25,True
complex,-4.0,False,-0.25,False
simple,-6.25,False,0.25,True
instruct,-6.25,False,-0.125,False
complex,-6.25,False,0.0,False
simple,-5.0625,False,0.0,False
instruct,-5.0625,False,-0.3125,False
complex,-5.0625,False,-0.25,False
simple,-6.125,False,0.3125,True
instruct,-6.125,False,0.125,True
complex,-6.125,False,-0.1875,False
simple,-4.1875,False,0.1875,True
instruct,-4.1875,False,-0.375,False
complex,-4.1875,False,-0.0625,False
simple,-5.625,False,0.25,True
instruct,-5.625,False,-0.0625,False
complex,-5.625,False,0.0625,True
simple,-2.4375,False,0.4375,True
instruct,-2.4375,False,0.4375,True
complex,-2.4375,False,0.1875,True
simple,-2.75,False,0.0625,True
instruct,-2.75,False,0.1875,True
complex,-2.75,False,0.3125,True
simple,-4.15625,False,0.1875,True
instruct,-4.15625,False,-0.625,False
complex,-4.15625,False,-0.25,False
simple,-3.625,False,0.1875,True
instruct,-3.625,False,0.0,False
complex,-3.625,False,-0.125,False
simple,-3.9375,False,0.375,True
instruct,-3.9375,False,-0.125,False
complex,-3.9375,False,0.1875,True
simple,-3.875,False,0.125,True
instruct,-3.875,False,0.0625,True
complex,-3.875,False,0.0,False
simple,-4.0,False,-0.25,False
instruct,-4.0,False,-0.875,False
complex,-4.0,False,-0.3125,False
simple,-4.875,False,0.375,True
instruct,-4.875,False,-0.375,False
complex,-4.875,False,0.0,False
simple,-4.5625,False,0.1875,True
instruct,-4.5625,False,-0.3125,False
complex,-4.5625,False,0.0,False
simple,-5.3125,False,0.5,True
instruct,-5.3125,False,0.1875,True
complex,-5.3125,False,0.0625,True
simple,-3.875,False,0.625,True
instruct,-3.875,False,0.25,True
complex,-3.875,False,0.0625,True
simple,-3.5625,False,0.5,True
instruct,-3.5625,False,0.25,True
complex,-3.5625,False,0.0,False
simple,-5.15625,False,-0.125,False
instruct,-5.15625,False,0.0,False
complex,-5.15625,False,-0.125,False
simple,-4.4375,False,0.3125,True
instruct,-4.4375,False,-0.25,False
complex,-4.4375,False,-0.1875,False
simple,-5.0,False,0.5625,True
instruct,-5.0,False,0.25,True
complex,-5.0,False,0.125,True
simple,-4.4375,False,1.0,True
instruct,-4.4375,False,-0.125,False
complex,-4.4375,False,-0.0625,False
simple,-5.1875,False,-0.4375,False
instruct,-5.1875,False,-0.5625,False
complex,-5.1875,False,-0.25,False
simple,-4.25,False,-0.4375,False
instruct,-4.25,False,-0.625,False
complex,-4.25,False,0.125,True
simple,-4.8125,False,-0.25,False
instruct,-4.8125,False,-0.5625,False
complex,-4.8125,False,-0.3125,False
simple,-4.25,False,0.0,False
instruct,-4.25,False,0.0,False
complex,-4.25,False,-0.1875,False
simple,-4.6875,False,-0.3125,False
instruct,-4.6875,False,-0.375,False
complex,-4.6875,False,0.0625,True
simple,-3.5625,False,-0.5,False
instruct,-3.5625,False,-0.8125,False
complex,-3.5625,False,-0.25,False
simple,-4.6875,False,-0.5625,False
instruct,-4.6875,False,-0.625,False
complex,-4.6875,False,0.125,True
simple,-3.375,False,-0.5,False
instruct,-3.375,False,-0.9375,False
complex,-3.375,False,-0.4375,False
simple,-5.3125,False,-0.375,False
instruct,-5.3125,False,-0.1875,False
complex,-5.3125,False,0.0,False
simple,-1.625,False,0.25,True
instruct,-1.625,False,0.3125,True
complex,-1.625,False,-0.1875,False
simple,-5.125,False,-0.25,False
instruct,-5.125,False,-0.4375,False
complex,-5.125,False,-0.0625,False
simple,-2.875,False,-0.0625,False
instruct,-2.875,False,0.1875,True
complex,-2.875,False,-0.125,False
simple,-4.0625,False,-0.125,False
instruct,-4.0625,False,-0.1875,False
complex,-4.0625,False,-0.0625,False
simple,-4.5625,False,0.0,False
instruct,-4.5625,False,-0.25,False
complex,-4.5625,False,0.125,True
simple,-4.6875,False,-0.1875,False
instruct,-4.6875,False,-0.5,False
complex,-4.6875,False,-0.125,False
simple,-4.1875,False,-0.3125,False
instruct,-4.1875,False,-0.3125,False
complex,-4.1875,False,-0.125,False
simple,-4.75,False,-0.5625,False
instruct,-4.75,False,-0.6875,False
complex,-4.75,False,-0.25,False
simple,-5.6875,False,-0.1875,False
instruct,-5.6875,False,-0.625,False
complex,-5.6875,False,-0.1875,False
simple,-4.25,False,-0.0625,False
instruct,-4.25,False,-0.0625,False
complex,-4.25,False,-0.0625,False
simple,-4.8125,False,-0.375,False
instruct,-4.8125,False,-0.4375,False
complex,-4.8125,False,0.1875,True
simple,-3.4375,False,-0.25,False
instruct,-3.4375,False,-0.625,False
complex,-3.4375,False,-0.25,False
simple,-4.0,False,-0.0625,False
instruct,-4.0,False,0.0625,True
complex,-4.0,False,0.125,True
simple,-3.375,False,0.0,False
instruct,-3.375,False,-0.3125,False
complex,-3.375,False,0.0,False
simple,-4.0625,False,-0.1875,False
instruct,-4.0625,False,-0.8125,False
complex,-4.0625,False,0.1875,True
simple,-5.46875,False,-0.375,False
instruct,-5.46875,False,-0.4375,False
complex,-5.46875,False,0.0625,True
simple,-5.9375,False,0.0625,True
instruct,-5.9375,False,0.0625,True
complex,-5.9375,False,0.0,False
simple,-3.1875,False,0.0625,True
instruct,-3.1875,False,0.1875,True
complex,-3.1875,False,-0.125,False
simple,-5.3125,False,-0.1875,False
instruct,-5.3125,False,0.0,False
complex,-5.3125,False,-0.1875,False
simple,-2.3125,False,-0.125,False
instruct,-2.3125,False,0.125,True
complex,-2.3125,False,-0.1875,False
simple,-3.25,False,-0.125,False
instruct,-3.25,False,0.125,True
complex,-3.25,False,0.25,True
simple,-5.875,False,-0.5625,False
instruct,-5.875,False,-1.25,False
complex,-5.875,False,-0.25,False
simple,-4.0625,False,-0.1875,False
instruct,-4.0625,False,-0.375,False
complex,-4.0625,False,-0.1875,False
simple,-4.0625,False,-0.1875,False
instruct,-4.0625,False,-0.3125,False
complex,-4.0625,False,-0.125,False
simple,-3.25,False,-0.0625,False
instruct,-3.25,False,0.0,False
complex,-3.25,False,-0.0625,False
simple,-3.8125,False,-0.1875,False
instruct,-3.8125,False,-0.1875,False
complex,-3.8125,False,-0.125,False
simple,-4.375,False,0.0,False
instruct,-4.375,False,0.3125,True
complex,-4.375,False,-0.25,False
simple,-4.375,False,-0.375,False
instruct,-4.375,False,-0.9375,False
complex,-4.375,False,-0.0625,False
simple,-3.0,False,-0.4375,False
instruct,-3.0,False,-0.625,False
complex,-3.0,False,-0.3125,False
simple,-1.4375,False,0.0,False
instruct,-1.4375,False,0.375,True
complex,-1.4375,False,0.0625,True
simple,-4.125,False,-0.25,False
instruct,-4.125,False,-0.5,False
complex,-4.125,False,-0.25,False
simple,-4.125,False,-0.1875,False
instruct,-4.125,False,-0.8125,False
complex,-4.125,False,-0.1875,False
simple,-5.5,False,-0.625,False
instruct,-5.5,False,-1.25,False
complex,-5.5,False,-0.0625,False
simple,-4.8125,False,-0.375,False
instruct,-4.8125,False,-0.625,False
complex,-4.8125,False,-0.125,False
simple,-4.75,False,-0.375,False
instruct,-4.75,False,-0.5,False
complex,-4.75,False,0.0625,True
simple,-3.0,False,-0.25,False
instruct,-3.0,False,-0.4375,False
complex,-3.0,False,-0.0625,False
simple,-3.875,False,-0.25,False
instruct,-3.875,False,-0.6875,False
complex,-3.875,False,-0.125,False
simple,-3.625,False,0.1875,True
instruct,-3.625,False,0.1875,True
complex,-3.625,False,0.0,False
simple,-3.3125,False,0.125,True
instruct,-3.3125,False,0.0,False
complex,-3.3125,False,-0.3125,False
simple,-3.375,False,-0.125,False
instruct,-3.375,False,0.0625,True
complex,-3.375,False,-0.375,False
simple,-1.625,False,0.0,False
instruct,-1.625,False,0.3125,True
complex,-1.625,False,-0.0625,False
simple,-3.6875,False,0.0,False
instruct,-3.6875,False,0.25,True
complex,-3.6875,False,0.0,False
simple,-3.3125,False,-0.25,False
instruct,-3.3125,False,-0.5,False
complex,-3.3125,False,-0.25,False
simple,-4.375,False,-0.875,False
instruct,-4.375,False,-0.4375,False
complex,-4.375,False,-0.1875,False
simple,-4.625,False,-0.5,False
instruct,-4.625,False,-0.4375,False
complex,-4.625,False,-0.4375,False
simple,-4.25,False,-0.0625,False
instruct,-4.25,False,0.4375,True
complex,-4.25,False,0.0625,True
simple,-2.875,False,-0.25,False
instruct,-2.875,False,-0.0625,False
complex,-2.875,False,-0.0625,False
simple,-3.8125,False,-0.1875,False
instruct,-3.8125,False,-0.3125,False
complex,-3.8125,False,-0.0625,False
simple,-2.4375,False,0.0625,True
instruct,-2.4375,False,0.0,False
complex,-2.4375,False,-0.0625,False
simple,-2.6875,False,-0.125,False
instruct,-2.6875,False,0.0625,True
complex,-2.6875,False,-0.0625,False
simple,-5.75,False,-0.25,False
instruct,-5.75,False,-0.3125,False
complex,-5.75,False,-0.25,False
simple,-3.625,False,-0.125,False
instruct,-3.625,False,-0.1875,False
complex,-3.625,False,-0.125,False
simple,-3.5625,False,-0.5,False
instruct,-3.5625,False,-0.75,False
complex,-3.5625,False,-0.0625,False
simple,-10.5,False,0.1875,True
instruct,-10.5,False,0.25,True
complex,-10.5,False,0.1875,True
simple,-6.8125,False,-0.0625,False
instruct,-6.8125,False,-0.375,False
complex,-6.8125,False,-0.125,False
simple,-4.875,False,0.3125,True
instruct,-4.875,False,0.25,True
complex,-4.875,False,0.0625,True
simple,-9.3125,False,0.375,True
instruct,-9.3125,False,0.6875,True
complex,-9.3125,False,0.0,False
simple,-3.4375,False,-0.5,False
instruct,-3.4375,False,-0.6875,False
complex,-3.4375,False,-0.4375,False
simple,-5.125,False,-0.3125,False
instruct,-5.125,False,-0.625,False
complex,-5.125,False,-0.125,False
simple,-2.375,False,-0.4375,False
instruct,-2.375,False,-0.25,False
complex,-2.375,False,-0.25,False
simple,-4.4375,False,-0.75,False
instruct,-4.4375,False,-0.6875,False
complex,-4.4375,False,-0.1875,False
simple,-2.6875,False,0.5,True
instruct,-2.6875,False,0.6875,True
complex,-2.6875,False,0.0625,True
simple,-3.25,False,-0.3125,False
instruct,-3.25,False,-0.375,False
complex,-3.25,False,-0.1875,False
simple,-3.625,False,0.5,True
instruct,-3.625,False,0.875,True
complex,-3.625,False,-0.0625,False
simple,-4.125,False,0.0,False
instruct,-4.125,False,-0.25,False
complex,-4.125,False,-0.0625,False
simple,-4.1875,False,-0.1875,False
instruct,-4.1875,False,-0.4375,False
complex,-4.1875,False,-0.1875,False
simple,-4.125,False,0.0,False
instruct,-4.125,False,-0.3125,False
complex,-4.125,False,-0.25,False
simple,-3.125,False,0.375,True
instruct,-3.125,False,0.0625,True
complex,-3.125,False,0.0,False
simple,-3.9375,False,0.0625,True
instruct,-3.9375,False,0.3125,True
complex,-3.9375,False,-0.1875,False
simple,-4.125,False,0.0625,True
instruct,-4.125,False,0.125,True
complex,-4.125,False,-0.0625,False
simple,-5.25,False,-0.4375,False
instruct,-5.25,False,-0.75,False
complex,-5.25,False,-0.1875,False
simple,-3.6875,False,0.0625,True
instruct,-3.6875,False,0.4375,True
complex,-3.6875,False,0.0,False
simple,-5.875,False,0.0,False
instruct,-5.875,False,-0.0625,False
complex,-5.875,False,-0.5,False
simple,-3.1875,False,-0.125,False
instruct,-3.1875,False,-0.0625,False
complex,-3.1875,False,0.0,False
simple,-6.125,False,-0.5625,False
instruct,-6.125,False,-1.1875,False
complex,-6.125,False,-0.0625,False
simple,-4.0625,False,0.625,True
instruct,-4.0625,False,0.625,True
complex,-4.0625,False,0.0,False
simple,-4.875,False,0.125,True
instruct,-4.875,False,0.0,False
complex,-4.875,False,-0.0625,False
simple,-5.8125,False,-0.1875,False
instruct,-5.8125,False,-0.625,False
complex,-5.8125,False,-0.0625,False
simple,-3.0,False,-0.125,False
instruct,-3.0,False,-0.5,False
complex,-3.0,False,-0.25,False
simple,-4.125,False,-0.0625,False
instruct,-4.125,False,0.125,True
complex,-4.125,False,-0.0625,False
simple,-3.6875,False,-0.25,False
instruct,-3.6875,False,-0.3125,False
complex,-3.6875,False,-0.1875,False
simple,-4.0625,False,0.0625,True
instruct,-4.0625,False,-0.0625,False
complex,-4.0625,False,0.125,True
simple,-3.9375,False,-0.5,False
instruct,-3.9375,False,-0.5625,False
complex,-3.9375,False,0.0625,True
simple,-4.625,False,0.0,False
instruct,-4.625,False,0.1875,True
complex,-4.625,False,-0.1875,False
simple,-11.125,False,0.25,True
instruct,-11.125,False,0.4375,True
complex,-11.125,False,0.25,True
simple,-4.25,False,-0.125,False
instruct,-4.25,False,-0.1875,False
complex,-4.25,False,0.0,False
simple,-4.75,False,-0.5625,False
instruct,-4.75,False,-1.0625,False
complex,-4.75,False,-0.0625,False
simple,-5.6875,False,-0.75,False
instruct,-5.6875,False,-1.1875,False
complex,-5.6875,False,-0.1875,False
simple,-2.75,False,-0.4375,False
instruct,-2.75,False,-0.875,False
complex,-2.75,False,-0.1875,False
simple,-1.125,False,-0.6875,False
instruct,-1.125,False,-1.0,False
complex,-1.125,False,-0.125,False
simple,-4.0,False,-0.0625,False
instruct,-4.0,False,-0.25,False
complex,-4.0,False,-0.25,False
simple,-6.1875,False,-1.0625,False
instruct,-6.1875,False,-1.4375,False
complex,-6.1875,False,-0.25,False
simple,-6.0,False,-0.875,False
instruct,-6.0,False,-1.375,False
complex,-6.0,False,0.0,False
simple,-5.5625,False,-1.0,False
instruct,-5.5625,False,-1.3125,False
complex,-5.5625,False,-0.1875,False
simple,-6.4375,False,-1.125,False
instruct,-6.4375,False,-1.5625,False
complex,-6.4375,False,-0.1875,False
simple,-4.8125,False,-1.0,False
instruct,-4.8125,False,-1.25,False
complex,-4.8125,False,-0.125,False
simple,-4.875,False,-0.9375,False
instruct,-4.875,False,-1.375,False
complex,-4.875,False,-0.125,False
simple,-6.4375,False,-0.625,False
instruct,-6.4375,False,-1.1875,False
complex,-6.4375,False,-0.125,False
simple,-5.4375,False,-0.875,False
instruct,-5.4375,False,-1.0625,False
complex,-5.4375,False,0.0,False
simple,-6.3125,False,-0.9375,False
instruct,-6.3125,False,-1.4375,False
complex,-6.3125,False,-0.0625,False
simple,-6.125,False,-1.0,False
instruct,-6.125,False,-1.5,False
complex,-6.125,False,-0.1875,False
simple,-4.6875,False,-1.1875,False
instruct,-4.6875,False,-1.75,False
complex,-4.6875,False,-0.25,False
simple,-7.0,False,-1.0,False
instruct,-7.0,False,-1.5625,False
complex,-7.0,False,-0.25,False
simple,-4.0,False,-1.0,False
instruct,-4.0,False,-1.4375,False
complex,-4.0,False,-0.0625,False
simple,-5.3125,False,-0.8125,False
instruct,-5.3125,False,-1.3125,False
complex,-5.3125,False,-0.25,False
simple,-5.625,False,-1.125,False
instruct,-5.625,False,-1.6875,False
complex,-5.625,False,-0.0625,False
simple,-5.625,False,-1.0625,False
instruct,-5.625,False,-1.4375,False
complex,-5.625,False,-0.1875,False
simple,-5.3125,False,-1.0625,False
instruct,-5.3125,False,-1.9375,False
complex,-5.3125,False,-0.1875,False
simple,-6.0,False,-0.9375,False
instruct,-6.0,False,-1.25,False
complex,-6.0,False,-0.125,False
simple,-6.625,False,-0.9375,False
instruct,-6.625,False,-1.0,False
complex,-6.625,False,-0.0625,False
simple,-5.5625,False,-1.125,False
instruct,-5.5625,False,-1.625,False
complex,-5.5625,False,-0.25,False
simple,-6.0625,False,-1.0625,False
instruct,-6.0625,False,-1.4375,False
complex,-6.0625,False,-0.125,False
simple,-5.4375,False,-1.1875,False
instruct,-5.4375,False,-1.625,False
complex,-5.4375,False,-0.1875,False
simple,-6.25,False,-0.9375,False
instruct,-6.25,False,-1.6875,False
complex,-6.25,False,-0.1875,False
simple,-5.6875,False,-1.0,False
instruct,-5.6875,False,-1.375,False
complex,-5.6875,False,-0.25,False
simple,-5.125,False,-1.25,False
instruct,-5.125,False,-1.875,False
complex,-5.125,False,-0.3125,False
simple,-5.1875,False,-1.3125,False
instruct,-5.1875,False,-1.5625,False
complex,-5.1875,False,-0.125,False
simple,-5.4375,False,-0.8125,False
instruct,-5.4375,False,-1.4375,False
complex,-5.4375,False,-0.1875,False
simple,-6.25,False,-1.1875,False
instruct,-6.25,False,-1.5,False
complex,-6.25,False,-0.1875,False
simple,-5.1875,False,-1.0,False
instruct,-5.1875,False,-1.1875,False
complex,-5.1875,False,-0.1875,False
simple,-5.25,False,-0.6875,False
instruct,-5.25,False,-1.3125,False
complex,-5.25,False,-0.125,False
simple,-5.4375,False,-1.125,False
instruct,-5.4375,False,-1.0625,False
complex,-5.4375,False,0.0,False
simple,-6.375,False,-1.0625,False
instruct,-6.375,False,-1.4375,False
complex,-6.375,False,0.0,False
simple,-6.75,False,-1.0,False
instruct,-6.75,False,-1.375,False
complex,-6.75,False,-0.125,False
simple,-6.8125,False,-1.0625,False
instruct,-6.8125,False,-1.8125,False
complex,-6.8125,False,-0.125,False
simple,-5.6875,False,-0.9375,False
instruct,-5.6875,False,-1.125,False
complex,-5.6875,False,-0.125,False
simple,-5.5,False,-1.0,False
instruct,-5.5,False,-1.4375,False
complex,-5.5,False,-0.25,False
simple,-5.3125,False,-1.0625,False
instruct,-5.3125,False,-1.375,False
complex,-5.3125,False,-0.125,False
simple,-5.375,False,-1.0,False
instruct,-5.375,False,-1.1875,False
complex,-5.375,False,-0.1875,False
simple,-5.0625,False,-0.875,False
instruct,-5.0625,False,-1.25,False
complex,-5.0625,False,-0.125,False
simple,-5.1875,False,-1.1875,False
instruct,-5.1875,False,-1.5625,False
complex,-5.1875,False,0.0,False
simple,-5.625,False,-0.9375,False
instruct,-5.625,False,-1.4375,False
complex,-5.625,False,-0.1875,False
simple,-5.8125,False,-1.1875,False
instruct,-5.8125,False,-1.5625,False
complex,-5.8125,False,-0.125,False
simple,-6.0625,False,-0.875,False
instruct,-6.0625,False,-1.5,False
complex,-6.0625,False,-0.0625,False
simple,-6.4375,False,-0.875,False
instruct,-6.4375,False,-1.375,False
complex,-6.4375,False,-0.1875,False
simple,-6.4375,False,-1.25,False
instruct,-6.4375,False,-1.6875,False
complex,-6.4375,False,0.0,False
simple,-6.8125,False,-1.1875,False
instruct,-6.8125,False,-1.75,False
complex,-6.8125,False,-0.3125,False
simple,-5.5,False,-1.0625,False
instruct,-5.5,False,-1.375,False
complex,-5.5,False,-0.25,False
simple,-8.0625,False,-1.125,False
instruct,-8.0625,False,-1.25,False
complex,-8.0625,False,-0.3125,False
simple,-5.375,False,-1.1875,False
instruct,-5.375,False,-1.75,False
complex,-5.375,False,-0.1875,False
simple,-5.1875,False,-1.0625,False
instruct,-5.1875,False,-1.4375,False
complex,-5.1875,False,-0.25,False
simple,-5.875,False,-0.875,False
instruct,-5.875,False,-1.1875,False
complex,-5.875,False,-0.25,False
simple,-5.6875,False,-0.875,False
instruct,-5.6875,False,-1.125,False
complex,-5.6875,False,-0.0625,False
simple,-5.6875,False,-1.0625,False
instruct,-5.6875,False,-0.875,False
complex,-5.6875,False,-0.0625,False
simple,-5.125,False,-0.9375,False
instruct,-5.125,False,-1.375,False
complex,-5.125,False,-0.1875,False
simple,-6.375,False,-1.0625,False
instruct,-6.375,False,-1.375,False
complex,-6.375,False,-0.1875,False
simple,-6.1875,False,-1.0,False
instruct,-6.1875,False,-1.625,False
complex,-6.1875,False,-0.5,False
simple,-5.4375,False,-1.125,False
instruct,-5.4375,False,-1.4375,False
complex,-5.4375,False,-0.1875,False
simple,-6.0,False,-1.375,False
instruct,-6.0,False,-1.75,False
complex,-6.0,False,-0.0625,False
simple,-5.375,False,-1.0625,False
instruct,-5.375,False,-1.625,False
complex,-5.375,False,-0.0625,False
simple,-5.75,False,-1.0,False
instruct,-5.75,False,-1.125,False
complex,-5.75,False,-0.125,False
simple,-4.9375,False,-0.875,False
instruct,-4.9375,False,-1.3125,False
complex,-4.9375,False,-0.375,False
simple,-6.0,False,-1.0,False
instruct,-6.0,False,-1.375,False
complex,-6.0,False,-0.0625,False
simple,-5.1875,False,-0.9375,False
instruct,-5.1875,False,-1.125,False
complex,-5.1875,False,-0.1875,False
simple,-5.5625,False,-1.5625,False
instruct,-5.5625,False,-1.3125,False
complex,-5.5625,False,-0.25,False
simple,-6.1875,False,-0.8125,False
instruct,-6.1875,False,-1.375,False
complex,-6.1875,False,-0.3125,False
simple,-5.875,False,-0.875,False
instruct,-5.875,False,-1.375,False
complex,-5.875,False,-0.375,False
simple,-5.875,False,-1.375,False
instruct,-5.875,False,-1.5625,False
complex,-5.875,False,-0.1875,False
simple,-4.875,False,-0.8125,False
instruct,-4.875,False,-1.8125,False
complex,-4.875,False,-0.375,False
simple,-5.5,False,-1.0625,False
instruct,-5.5,False,-1.375,False
complex,-5.5,False,0.0,False
simple,-5.25,False,-1.25,False
instruct,-5.25,False,-1.5,False
complex,-5.25,False,-0.125,False
simple,-5.375,False,-1.0625,False
instruct,-5.375,False,-1.125,False
complex,-5.375,False,-0.1875,False
simple,-6.25,False,-1.1875,False
instruct,-6.25,False,-1.4375,False
complex,-6.25,False,-0.125,False
simple,-6.25,False,-0.875,False
instruct,-6.25,False,-1.5625,False
complex,-6.25,False,-0.1875,False
simple,-5.8125,False,-1.3125,False
instruct,-5.8125,False,-1.6875,False
complex,-5.8125,False,-0.1875,False
simple,-5.875,False,-1.6875,False
instruct,-5.875,False,-2.0625,False
complex,-5.875,False,-0.1875,False
simple,-5.625,False,-0.8125,False
instruct,-5.625,False,-1.3125,False
complex,-5.625,False,-0.125,False
simple,-6.0625,False,-1.25,False
instruct,-6.0625,False,-1.625,False
complex,-6.0625,False,0.0,False
simple,-5.4375,False,-1.3125,False
instruct,-5.4375,False,-1.8125,False
complex,-5.4375,False,-0.0625,False
simple,-6.1875,False,-0.875,False
instruct,-6.1875,False,-1.375,False
complex,-6.1875,False,-0.1875,False
simple,-6.8125,False,-1.3125,False
instruct,-6.8125,False,-1.75,False
complex,-6.8125,False,-0.125,False
simple,-5.8125,False,-1.0625,False
instruct,-5.8125,False,-1.4375,False
complex,-5.8125,False,-0.0625,False
simple,-5.9375,False,-1.3125,False
instruct,-5.9375,False,-1.625,False
complex,-5.9375,False,0.0,False
simple,-7.1875,False,-1.0625,False
instruct,-7.1875,False,-1.4375,False
complex,-7.1875,False,-0.25,False
simple,-5.625,False,-1.125,False
instruct,-5.625,False,-1.4375,False
complex,-5.625,False,-0.1875,False
simple,-6.4375,False,-0.8125,False
instruct,-6.4375,False,-1.3125,False
complex,-6.4375,False,-0.3125,False
simple,-6.5625,False,-1.0625,False
instruct,-6.5625,False,-1.625,False
complex,-6.5625,False,-0.25,False
simple,-5.5625,False,-1.3125,False
instruct,-5.5625,False,-1.625,False
complex,-5.5625,False,0.0,False
simple,-5.375,False,-1.25,False
instruct,-5.375,False,-1.875,False
complex,-5.375,False,-0.1875,False
simple,-6.875,False,-1.25,False
instruct,-6.875,False,-1.6875,False
complex,-6.875,False,-0.0625,False
simple,-5.9375,False,-1.1875,False
instruct,-5.9375,False,-1.75,False
complex,-5.9375,False,0.0,False
simple,-6.1875,False,-1.0,False
instruct,-6.1875,False,-1.5,False
complex,-6.1875,False,-0.25,False
simple,-7.4375,False,-1.25,False
instruct,-7.4375,False,-1.5625,False
complex,-7.4375,False,-0.1875,False
simple,-5.4375,False,-1.0,False
instruct,-5.4375,False,-1.5625,False
complex,-5.4375,False,-0.125,False
simple,-8.09375,False,-1.125,False
instruct,-8.09375,False,-1.5625,False
complex,-8.09375,False,-0.25,False
simple,-6.875,False,-1.4375,False
instruct,-6.875,False,-1.5,False
complex,-6.875,False,0.0,False
simple,-6.125,False,-0.625,False
instruct,-6.125,False,-0.9375,False
complex,-6.125,False,-0.125,False
simple,-5.6875,False,-0.8125,False
instruct,-5.6875,False,-1.1875,False
complex,-5.6875,False,-0.125,False
simple,-6.25,False,-0.5625,False
instruct,-6.25,False,-0.8125,False
complex,-6.25,False,0.0,False
simple,-5.375,False,-0.875,False
instruct,-5.375,False,-1.125,False
complex,-5.375,False,0.0,False
simple,-5.375,False,-0.875,False
instruct,-5.375,False,-1.3125,False
complex,-5.375,False,0.0,False
simple,-0.25,False,-0.0625,False
instruct,-0.25,False,-0.6875,False
complex,-0.25,False,-0.125,False
simple,-3.375,False,-0.1875,False
instruct,-3.375,False,-0.75,False
complex,-3.375,False,0.0625,True
simple,-3.9375,False,-0.125,False
instruct,-3.9375,False,-0.625,False
complex,-3.9375,False,0.0625,True
simple,-3.3125,False,-1.0625,False
instruct,-3.3125,False,-1.625,False
complex,-3.3125,False,0.125,True
simple,-2.5,False,-0.3125,False
instruct,-2.5,False,-0.875,False
complex,-2.5,False,0.1875,True
simple,-3.3125,False,-0.3125,False
instruct,-3.3125,False,-0.9375,False
complex,-3.3125,False,0.0625,True
simple,-2.8125,False,0.0,False
instruct,-2.8125,False,-0.375,False
complex,-2.8125,False,-0.1875,False
simple,-2.875,False,-0.4375,False
instruct,-2.875,False,-0.9375,False
complex,-2.875,False,0.0,False
simple,-3.125,False,-0.0625,False
instruct,-3.125,False,-0.1875,False
complex,-3.125,False,-0.1875,False
simple,-3.3125,False,0.8125,True
instruct,-3.3125,False,1.1875,True
complex,-3.3125,False,0.0625,True
simple,-5.25,False,0.25,True
instruct,-5.25,False,-0.25,False
complex,-5.25,False,0.125,True
simple,-3.375,False,0.625,True
instruct,-3.375,False,0.4375,True
complex,-3.375,False,0.1875,True
simple,-3.25,False,-0.3125,False
instruct,-3.25,False,-1.25,False
complex,-3.25,False,-0.125,False
simple,-2.8125,False,0.4375,True
instruct,-2.8125,False,-0.3125,False
complex,-2.8125,False,0.0625,True
simple,-3.4375,False,0.0,False
instruct,-3.4375,False,-0.3125,False
complex,-3.4375,False,0.25,True
simple,-2.5625,False,0.5,True
instruct,-2.5625,False,0.4375,True
complex,-2.5625,False,-0.0625,False
simple,-2.1875,False,-0.3125,False
instruct,-2.1875,False,-1.0625,False
complex,-2.1875,False,0.125,True
simple,-2.8125,False,0.1875,True
instruct,-2.8125,False,0.4375,True
complex,-2.8125,False,-0.125,False
simple,-2.875,False,0.8125,True
instruct,-2.875,False,0.9375,True
complex,-2.875,False,-0.25,False
simple,-3.25,False,-0.3125,False
instruct,-3.25,False,-0.625,False
complex,-3.25,False,0.0625,True
simple,-4.0,False,0.0625,True
instruct,-4.0,False,-0.375,False
complex,-4.0,False,-0.125,False
simple,-3.375,False,0.0625,True
instruct,-3.375,False,-0.3125,False
complex,-3.375,False,0.25,True
simple,-2.25,False,0.375,True
instruct,-2.25,False,0.0625,True
complex,-2.25,False,0.125,True
simple,-3.75,False,0.5625,True
instruct,-3.75,False,0.75,True
complex,-3.75,False,0.0,False
simple,-2.6875,False,-0.375,False
instruct,-2.6875,False,-0.75,False
complex,-2.6875,False,0.0625,True
simple,-4.4375,False,0.25,True
instruct,-4.4375,False,-0.125,False
complex,-4.4375,False,0.0625,True
simple,-3.3125,False,0.625,True
instruct,-3.3125,False,-0.0625,False
complex,-3.3125,False,0.0625,True
simple,-3.4375,False,0.1875,True
instruct,-3.4375,False,-0.25,False
complex,-3.4375,False,0.125,True
simple,-3.125,False,0.1875,True
instruct,-3.125,False,-0.25,False
complex,-3.125,False,0.1875,True
simple,-5.625,False,-0.875,False
instruct,-5.625,False,-1.6875,False
complex,-5.625,False,0.25,True
simple,-3.0,False,-0.125,False
instruct,-3.0,False,-0.875,False
complex,-3.0,False,0.375,True
simple,-3.5625,False,-0.0625,False
instruct,-3.5625,False,-0.5625,False
complex,-3.5625,False,0.0,False
simple,-3.6875,False,0.25,True
instruct,-3.6875,False,0.3125,True
complex,-3.6875,False,-0.125,False
simple,-4.5,False,0.625,True
instruct,-4.5,False,0.6875,True
complex,-4.5,False,-0.125,False
simple,-3.125,False,0.375,True
instruct,-3.125,False,0.375,True
complex,-3.125,False,-0.0625,False
simple,-2.4375,False,0.0625,True
instruct,-2.4375,False,0.0625,True
complex,-2.4375,False,-0.125,False
simple,-3.5625,False,0.875,True
instruct,-3.5625,False,1.0,True
complex,-3.5625,False,-0.0625,False
simple,-4.125,False,0.5625,True
instruct,-4.125,False,0.625,True
complex,-4.125,False,0.0,False
simple,-5.5,False,-0.5625,False
instruct,-5.5,False,-0.875,False
complex,-5.5,False,-0.0625,False
simple,-5.75,False,-0.375,False
instruct,-5.75,False,-0.25,False
complex,-5.75,False,-0.1875,False
simple,-4.0,False,0.0625,True
instruct,-4.0,False,-0.375,False
complex,-4.0,False,0.0,False
simple,-2.25,False,-0.4375,False
instruct,-2.25,False,-0.625,False
complex,-2.25,False,-0.0625,False
simple,-4.375,False,0.0625,True
instruct,-4.375,False,-0.0625,False
complex,-4.375,False,-0.375,False
simple,-4.875,False,0.0,False
instruct,-4.875,False,-0.4375,False
complex,-4.875,False,0.0,False
simple,-2.25,False,-0.9375,False
instruct,-2.25,False,-1.3125,False
complex,-2.25,False,0.25,True
simple,-5.3125,False,0.0625,True
instruct,-5.3125,False,-0.125,False
complex,-5.3125,False,0.0,False
simple,-5.5,False,0.375,True
instruct,-5.5,False,0.625,True
complex,-5.5,False,0.0,False
simple,-5.0,False,-0.25,False
instruct,-5.0,False,-1.0625,False
complex,-5.0,False,0.125,True
simple,-2.5,False,0.1875,True
instruct,-2.5,False,-0.625,False
complex,-2.5,False,0.25,True
simple,-4.25,False,0.0,False
instruct,-4.25,False,-0.25,False
complex,-4.25,False,-0.125,False
simple,-5.3125,False,-0.25,False
instruct,-5.3125,False,-0.5625,False
complex,-5.3125,False,-0.0625,False
simple,-2.75,False,0.375,True
instruct,-2.75,False,0.0625,True
complex,-2.75,False,0.125,True
simple,-1.0,False,0.25,True
instruct,-1.0,False,-0.25,False
complex,-1.0,False,0.0625,True
simple,-4.9375,False,0.4375,True
instruct,-4.9375,False,0.125,True
complex,-4.9375,False,0.3125,True
simple,-4.5,False,0.25,True
instruct,-4.5,False,0.0,False
complex,-4.5,False,-0.0625,False
simple,-2.625,False,0.0,False
instruct,-2.625,False,-0.4375,False
complex,-2.625,False,0.0625,True
simple,-3.5625,False,0.1875,True
instruct,-3.5625,False,-0.25,False
complex,-3.5625,False,-0.125,False
simple,-4.6875,False,-0.25,False
instruct,-4.6875,False,-0.4375,False
complex,-4.6875,False,-0.25,False
simple,-3.9375,False,-0.125,False
instruct,-3.9375,False,-0.625,False
complex,-3.9375,False,0.3125,True
simple,-0.25,False,-0.125,False
instruct,-0.25,False,-0.375,False
complex,-0.25,False,0.0,False
simple,-3.3125,False,0.25,True
instruct,-3.3125,False,-0.3125,False
complex,-3.3125,False,0.125,True
simple,-2.0625,False,0.3125,True
instruct,-2.0625,False,-0.125,False
complex,-2.0625,False,0.25,True
simple,-4.1875,False,-0.1875,False
instruct,-4.1875,False,-0.75,False
complex,-4.1875,False,0.1875,True
simple,-3.875,False,0.6875,True
instruct,-3.875,False,0.8125,True
complex,-3.875,False,-0.125,False
simple,-1.9375,False,-0.1875,False
instruct,-1.9375,False,-0.75,False
complex,-1.9375,False,0.0625,True
simple,-4.0625,False,0.0,False
instruct,-4.0625,False,-0.125,False
complex,-4.0625,False,-0.25,False
simple,-4.125,False,0.5,True
instruct,-4.125,False,0.625,True
complex,-4.125,False,-0.25,False
simple,-4.5,False,0.5,True
instruct,-4.5,False,0.4375,True
complex,-4.5,False,0.0,False
simple,-2.8125,False,0.75,True
instruct,-2.8125,False,1.125,True
complex,-2.8125,False,0.1875,True
simple,-1.875,False,0.25,True
instruct,-1.875,False,-0.4375,False
complex,-1.875,False,0.0,False
simple,-3.75,False,0.625,True
instruct,-3.75,False,0.1875,True
complex,-3.75,False,-0.0625,False
simple,-3.75,False,0.6875,True
instruct,-3.75,False,0.125,True
complex,-3.75,False,0.25,True
simple,-0.125,False,0.5625,True
instruct,-0.125,False,-0.1875,False
complex,-0.125,False,0.3125,True
simple,-3.5,False,-0.3125,False
instruct,-3.5,False,-0.75,False
complex,-3.5,False,-0.125,False
simple,-3.0625,False,0.375,True
instruct,-3.0625,False,-0.25,False
complex,-3.0625,False,0.0,False
simple,-2.9375,False,-0.125,False
instruct,-2.9375,False,-0.0625,False
complex,-2.9375,False,0.0,False
simple,-4.9375,False,0.9375,True
instruct,-4.9375,False,0.9375,True
complex,-4.9375,False,0.0,False
simple,-4.3125,False,0.6875,True
instruct,-4.3125,False,0.9375,True
complex,-4.3125,False,-0.0625,False
simple,-3.875,False,0.0625,True
instruct,-3.875,False,-0.0625,False
complex,-3.875,False,0.0,False
simple,-4.5,False,0.5,True
instruct,-4.5,False,0.5,True
complex,-4.5,False,-0.0625,False
simple,-1.125,False,0.0,False
instruct,-1.125,False,-0.125,False
complex,-1.125,False,0.1875,True
simple,-4.25,False,0.375,True
instruct,-4.25,False,0.1875,True
complex,-4.25,False,0.0625,True
simple,-4.375,False,0.375,True
instruct,-4.375,False,0.1875,True
complex,-4.375,False,-0.25,False
simple,-6.0,False,0.6875,True
instruct,-6.0,False,0.375,True
complex,-6.0,False,0.125,True
simple,-4.6875,False,0.3125,True
instruct,-4.6875,False,0.1875,True
complex,-4.6875,False,0.0625,True
simple,-2.875,False,0.625,True
instruct,-2.875,False,0.25,True
complex,-2.875,False,0.0,False
simple,-3.0,False,0.875,True
instruct,-3.0,False,0.75,True
complex,-3.0,False,-0.1875,False
simple,-1.25,False,0.0,False
instruct,-1.25,False,-0.4375,False
complex,-1.25,False,0.4375,True
simple,-4.0625,False,-0.5625,False
instruct,-4.0625,False,-0.875,False
complex,-4.0625,False,-0.0625,False
simple,-3.75,False,0.625,True
instruct,-3.75,False,0.375,True
complex,-3.75,False,-0.0625,False
simple,-2.125,False,0.25,True
instruct,-2.125,False,0.0,False
complex,-2.125,False,-0.125,False
simple,-5.25,False,-0.5625,False
instruct,-5.25,False,-0.5625,False
complex,-5.25,False,0.0,False
simple,-5.4375,False,0.3125,True
instruct,-5.4375,False,-0.1875,False
complex,-5.4375,False,0.0625,True
simple,-3.375,False,-0.4375,False
instruct,-3.375,False,-0.5,False
complex,-3.375,False,-0.1875,False
simple,-7.375,False,-0.6875,False
instruct,-7.375,False,-0.75,False
complex,-7.375,False,-0.125,False
simple,-4.375,False,-0.0625,False
instruct,-4.375,False,-0.4375,False
complex,-4.375,False,0.125,True
simple,-5.0,False,-1.1875,False
instruct,-5.0,False,-1.75,False
complex,-5.0,False,0.125,True
simple,-1.3125,False,-0.3125,False
instruct,-1.3125,False,-1.25,False
complex,-1.3125,False,-0.125,False
simple,-3.1875,False,0.4375,True
instruct,-3.1875,False,0.125,True
complex,-3.1875,False,-0.0625,False
simple,-2.5,False,-0.25,False
instruct,-2.5,False,-0.5625,False
complex,-2.5,False,0.0,False
simple,-1.59375,False,0.125,True
instruct,-1.59375,False,-0.3125,False
complex,-1.59375,False,0.0625,True
simple,-1.875,False,0.0,False
instruct,-1.875,False,-0.5625,False
complex,-1.875,False,0.0625,True
simple,-2.15625,False,0.3125,True
instruct,-2.15625,False,0.0625,True
complex,-2.15625,False,0.125,True
simple,-1.5625,False,0.125,True
instruct,-1.5625,False,-0.375,False
complex,-1.5625,False,0.0625,True
simple,-1.375,False,-0.0625,False
instruct,-1.375,False,-0.75,False
complex,-1.375,False,-0.1875,False
simple,-1.9375,False,0.3125,True
instruct,-1.9375,False,-0.3125,False
complex,-1.9375,False,0.0625,True
simple,-1.5,False,0.5625,True
instruct,-1.5,False,-0.875,False
complex,-1.5,False,0.0,False
simple,-1.6875,False,-0.0625,False
instruct,-1.6875,False,-0.625,False
complex,-1.6875,False,-0.125,False
simple,-1.375,False,-0.0625,False
instruct,-1.375,False,-0.875,False
complex,-1.375,False,0.0625,True
simple,-1.75,False,0.0,False
instruct,-1.75,False,-0.875,False
complex,-1.75,False,-0.0625,False
simple,-2.6875,False,0.25,True
instruct,-2.6875,False,-0.375,False
complex,-2.6875,False,0.125,True
simple,-1.9375,False,0.1875,True
instruct,-1.9375,False,-0.5625,False
complex,-1.9375,False,0.0,False
simple,-1.8125,False,0.125,True
instruct,-1.8125,False,-0.75,False
complex,-1.8125,False,0.0625,True
simple,-1.6875,False,-0.0625,False
instruct,-1.6875,False,-0.25,False
complex,-1.6875,False,0.25,True
simple,-3.375,False,-0.0625,False
instruct,-3.375,False,-0.5,False
complex,-3.375,False,-0.0625,False
simple,-1.625,False,0.1875,True
instruct,-1.625,False,-0.3125,False
complex,-1.625,False,0.0625,True
simple,-2.125,False,-0.0625,False
instruct,-2.125,False,-0.6875,False
complex,-2.125,False,0.1875,True
simple,-3.5625,False,0.125,True
instruct,-3.5625,False,-0.375,False
complex,-3.5625,False,0.125,True
simple,-2.0,False,0.125,True
instruct,-2.0,False,-0.4375,False
complex,-2.0,False,0.1875,True
simple,-1.8125,False,0.0625,True
instruct,-1.8125,False,-0.625,False
complex,-1.8125,False,0.0,False
simple,-1.4375,False,0.125,True
instruct,-1.4375,False,-0.5625,False
complex,-1.4375,False,0.0625,True
simple,-0.875,False,-0.0625,False
instruct,-0.875,False,-0.5625,False
complex,-0.875,False,0.125,True
simple,-2.4375,False,0.0,False
instruct,-2.4375,False,-0.4375,False
complex,-2.4375,False,0.125,True
simple,-3.0,False,0.0625,True
instruct,-3.0,False,-0.5,False
complex,-3.0,False,0.1875,True
simple,-2.0,False,0.375,True
instruct,-2.0,False,-0.25,False
complex,-2.0,False,0.1875,True
simple,-3.375,False,0.0625,True
instruct,-3.375,False,-0.5,False
complex,-3.375,False,0.25,True
simple,-2.375,False,0.25,True
instruct,-2.375,False,-0.4375,False
complex,-2.375,False,0.125,True
simple,-1.3125,False,0.0625,True
instruct,-1.3125,False,-0.5,False
complex,-1.3125,False,-0.0625,False
simple,-2.5625,False,0.125,True
instruct,-2.5625,False,-0.375,False
complex,-2.5625,False,0.0625,True
simple,-2.3125,False,0.0,False
instruct,-2.3125,False,-0.5625,False
complex,-2.3125,False,0.1875,True
simple,-2.1875,False,0.25,True
instruct,-2.1875,False,-0.6875,False
complex,-2.1875,False,-0.125,False
simple,-2.6875,False,0.1875,True
instruct,-2.6875,False,-0.875,False
complex,-2.6875,False,0.125,True
simple,-1.0625,False,0.125,True
instruct,-1.0625,False,-0.4375,False
complex,-1.0625,False,-0.0625,False
simple,-0.875,False,0.0,False
instruct,-0.875,False,-0.75,False
complex,-0.875,False,0.0,False
simple,-0.25,False,-0.375,False
instruct,-0.25,False,-0.625,False
complex,-0.25,False,0.0,False
simple,-1.0625,False,0.125,True
instruct,-1.0625,False,-0.3125,False
complex,-1.0625,False,0.0625,True
simple,-1.8125,False,0.1875,True
instruct,-1.8125,False,-0.5,False
complex,-1.8125,False,0.125,True
simple,-1.625,False,0.1875,True
instruct,-1.625,False,-0.3125,False
complex,-1.625,False,0.25,True
simple,-2.0625,False,0.25,True
instruct,-2.0625,False,-0.1875,False
complex,-2.0625,False,0.0625,True
simple,-4.1875,False,0.125,True
instruct,-4.1875,False,0.3125,True
complex,-4.1875,False,-0.1875,False
simple,-2.25,False,-0.125,False
instruct,-2.25,False,-0.375,False
complex,-2.25,False,0.125,True
simple,-1.4375,False,0.0,False
instruct,-1.4375,False,-0.875,False
complex,-1.4375,False,0.3125,True
simple,-1.375,False,0.375,True
instruct,-1.375,False,-0.4375,False
complex,-1.375,False,0.0625,True
simple,-2.0,False,0.25,True
instruct,-2.0,False,0.0625,True
complex,-2.0,False,0.25,True
simple,-2.125,False,0.125,True
instruct,-2.125,False,-0.8125,False
complex,-2.125,False,-0.125,False
simple,-2.1875,False,-0.1875,False
instruct,-2.1875,False,-0.375,False
complex,-2.1875,False,0.125,True
simple,-1.5,False,0.25,True
instruct,-1.5,False,0.0,False
complex,-1.5,False,0.0,False
simple,-2.0,False,-0.125,False
instruct,-2.0,False,-0.625,False
complex,-2.0,False,0.1875,True
simple,-1.8125,False,0.25,True
instruct,-1.8125,False,-0.75,False
complex,-1.8125,False,0.1875,True
simple,-2.75,False,-0.125,False
instruct,-2.75,False,-0.75,False
complex,-2.75,False,0.125,True
simple,-1.8125,False,0.0,False
instruct,-1.8125,False,-0.4375,False
complex,-1.8125,False,0.0625,True
simple,-2.0625,False,0.0,False
instruct,-2.0625,False,-0.5,False
complex,-2.0625,False,0.0625,True
simple,-1.375,False,0.125,True
instruct,-1.375,False,-0.125,False
complex,-1.375,False,0.0625,True
simple,-1.625,False,-0.0625,False
instruct,-1.625,False,-0.625,False
complex,-1.625,False,0.1875,True
simple,-1.8125,False,0.375,True
instruct,-1.8125,False,-0.6875,False
complex,-1.8125,False,0.125,True
simple,-2.8125,False,0.0625,True
instruct,-2.8125,False,-0.75,False
complex,-2.8125,False,0.0625,True
simple,-1.9375,False,-0.0625,False
instruct,-1.9375,False,-0.5625,False
complex,-1.9375,False,0.0,False
simple,-2.0625,False,0.0,False
instruct,-2.0625,False,-0.75,False
complex,-2.0625,False,0.0625,True
simple,-1.375,False,0.25,True
instruct,-1.375,False,-0.5,False
complex,-1.375,False,0.125,True
simple,-1.4375,False,-0.125,False
instruct,-1.4375,False,-1.0,False
complex,-1.4375,False,0.125,True
simple,-1.25,False,0.0,False
instruct,-1.25,False,-0.625,False
complex,-1.25,False,0.0625,True
simple,-1.125,False,0.125,True
instruct,-1.125,False,-0.4375,False
complex,-1.125,False,0.125,True
simple,-2.1875,False,-0.125,False
instruct,-2.1875,False,-0.25,False
complex,-2.1875,False,0.125,True
simple,-2.40625,False,0.375,True
instruct,-2.40625,False,-0.125,False
complex,-2.40625,False,0.125,True
simple,-1.28125,False,0.125,True
instruct,-1.28125,False,-0.375,False
complex,-1.28125,False,0.125,True
simple,-2.0625,False,0.1875,True
instruct,-2.0625,False,-0.5625,False
complex,-2.0625,False,0.25,True
simple,-2.125,False,-0.0625,False
instruct,-2.125,False,-0.625,False
complex,-2.125,False,0.0625,True
simple,-0.9375,False,0.0,False
instruct,-0.9375,False,-0.3125,False
complex,-0.9375,False,0.1875,True
simple,-2.6875,False,0.0,False
instruct,-2.6875,False,-0.3125,False
complex,-2.6875,False,0.125,True
simple,-1.625,False,0.0625,True
instruct,-1.625,False,-0.6875,False
complex,-1.625,False,0.1875,True
simple,-2.0625,False,0.3125,True
instruct,-2.0625,False,-0.5,False
complex,-2.0625,False,0.25,True
simple,-1.25,False,0.25,True
instruct,-1.25,False,-0.3125,False
complex,-1.25,False,0.125,True
simple,-2.0,False,0.25,True
instruct,-2.0,False,-0.5,False
complex,-2.0,False,0.125,True
simple,-2.125,False,0.0625,True
instruct,-2.125,False,-0.5625,False
complex,-2.125,False,0.1875,True
simple,-1.125,False,0.3125,True
instruct,-1.125,False,-0.125,False
complex,-1.125,False,-0.125,False
simple,-1.59375,False,0.375,True
instruct,-1.59375,False,-0.25,False
complex,-1.59375,False,0.125,True
simple,-1.90625,False,-0.125,False
instruct,-1.90625,False,-0.625,False
complex,-1.90625,False,0.0625,True
simple,-1.75,False,0.375,True
instruct,-1.75,False,-0.5,False
complex,-1.75,False,0.1875,True
simple,-2.5625,False,0.125,True
instruct,-2.5625,False,-0.5,False
complex,-2.5625,False,0.125,True
simple,-2.375,False,-0.125,False
instruct,-2.375,False,-0.5,False
complex,-2.375,False,0.125,True
simple,-1.75,False,0.125,True
instruct,-1.75,False,-0.5625,False
complex,-1.75,False,0.125,True
simple,-2.0625,False,-0.125,False
instruct,-2.0625,False,-0.75,False
complex,-2.0625,False,0.0625,True
simple,-2.5,False,0.0625,True
instruct,-2.5,False,-0.8125,False
complex,-2.5,False,0.125,True
simple,-2.0,False,0.125,True
instruct,-2.0,False,-0.25,False
complex,-2.0,False,0.125,True
simple,-1.8125,False,0.3125,True
instruct,-1.8125,False,-0.5625,False
complex,-1.8125,False,0.0,False
simple,-1.5625,False,-0.125,False
instruct,-1.5625,False,-0.5625,False
complex,-1.5625,False,0.0625,True
simple,-1.5,False,0.0625,True
instruct,-1.5,False,-0.625,False
complex,-1.5,False,0.0625,True
simple,-1.6875,False,0.0625,True
instruct,-1.6875,False,-0.625,False
complex,-1.6875,False,0.0625,True
simple,-2.28125,False,0.0625,True
instruct,-2.28125,False,-0.5625,False
complex,-2.28125,False,0.125,True
simple,-1.0,False,0.0625,True
instruct,-1.0,False,-0.1875,False
complex,-1.0,False,0.25,True
simple,-1.0625,False,0.1875,True
instruct,-1.0625,False,-0.25,False
complex,-1.0625,False,0.0,False
simple,-2.5,False,-0.125,False
instruct,-2.5,False,-0.8125,False
complex,-2.5,False,0.0625,True
simple,-1.8125,False,0.25,True
instruct,-1.8125,False,-0.5625,False
complex,-1.8125,False,0.0625,True
simple,-1.4375,False,0.125,True
instruct,-1.4375,False,-0.1875,False
complex,-1.4375,False,0.0625,True
simple,-1.75,False,0.1875,True
instruct,-1.75,False,-0.3125,False
complex,-1.75,False,0.375,True
simple,-2.40625,False,0.1875,True
instruct,-2.40625,False,-0.5625,False
complex,-2.40625,False,0.0,False
simple,-1.6875,False,0.1875,True
instruct,-1.6875,False,-0.4375,False
complex,-1.6875,False,0.0,False
simple,-2.5,False,0.5,True
instruct,-2.5,False,-0.25,False
complex,-2.5,False,-0.0625,False
simple,-2.5,False,0.25,True
instruct,-2.5,False,-0.625,False
complex,-2.5,False,0.125,True
simple,-0.9375,False,0.0625,True
instruct,-0.9375,False,-0.875,False
complex,-0.9375,False,0.0625,True
simple,-6.0,False,-0.1875,False
instruct,-6.0,False,-0.125,False
complex,-6.0,False,-0.375,False
simple,-7.125,False,-0.1875,False
instruct,-7.125,False,-0.375,False
complex,-7.125,False,-0.3125,False
simple,-7.4375,False,-0.1875,False
instruct,-7.4375,False,-0.125,False
complex,-7.4375,False,-0.3125,False
simple,-7.625,False,0.1875,True
instruct,-7.625,False,0.0,False
complex,-7.625,False,-0.25,False
simple,-6.6875,False,-0.1875,False
instruct,-6.6875,False,-0.0625,False
complex,-6.6875,False,-0.4375,False
simple,-7.8125,False,0.0,False
instruct,-7.8125,False,0.0625,True
complex,-7.8125,False,-0.3125,False
simple,-5.5,False,-0.125,False
instruct,-5.5,False,-0.1875,False
complex,-5.5,False,-0.5625,False
simple,-6.875,False,-0.125,False
instruct,-6.875,False,0.125,True
complex,-6.875,False,-0.5625,False
simple,-6.75,False,-0.0625,False
instruct,-6.75,False,-0.0625,False
complex,-6.75,False,-0.125,False
simple,-5.8125,False,-0.25,False
instruct,-5.8125,False,-0.25,False
complex,-5.8125,False,-0.3125,False
simple,-6.4375,False,-0.0625,False
instruct,-6.4375,False,-0.0625,False
complex,-6.4375,False,-0.3125,False
simple,-6.875,False,0.0625,True
instruct,-6.875,False,-0.1875,False
complex,-6.875,False,-0.25,False
simple,-7.5,False,-0.3125,False
instruct,-7.5,False,-0.375,False
complex,-7.5,False,-0.25,False
simple,-7.3125,False,0.125,True
instruct,-7.3125,False,0.25,True
complex,-7.3125,False,-0.3125,False
simple,-7.4375,False,-0.25,False
instruct,-7.4375,False,-0.5,False
complex,-7.4375,False,-0.25,False
simple,-5.9375,False,0.0625,True
instruct,-5.9375,False,-0.125,False
complex,-5.9375,False,-0.1875,False
simple,-5.875,False,-0.3125,False
instruct,-5.875,False,-0.4375,False
complex,-5.875,False,-0.3125,False
simple,-5.8125,False,0.125,True
instruct,-5.8125,False,0.125,True
complex,-5.8125,False,-0.1875,False
simple,-5.375,False,-0.125,False
instruct,-5.375,False,-0.0625,False
complex,-5.375,False,-0.3125,False
simple,-7.0,False,-0.1875,False
instruct,-7.0,False,-0.25,False
complex,-7.0,False,-0.375,False
simple,-7.0625,False,0.0625,True
instruct,-7.0625,False,-0.1875,False
complex,-7.0625,False,-0.4375,False
simple,-6.5625,False,-0.3125,False
instruct,-6.5625,False,-0.4375,False
complex,-6.5625,False,-0.375,False
simple,-6.1875,False,-0.1875,False
instruct,-6.1875,False,-0.375,False
complex,-6.1875,False,-0.3125,False
simple,-6.9375,False,-0.25,False
instruct,-6.9375,False,-0.375,False
complex,-6.9375,False,-0.6875,False
simple,-6.375,False,-0.0625,False
instruct,-6.375,False,-0.0625,False
complex,-6.375,False,-0.5,False
simple,-7.375,False,-0.125,False
instruct,-7.375,False,-0.0625,False
complex,-7.375,False,-0.375,False
simple,-7.125,False,-0.1875,False
instruct,-7.125,False,-0.0625,False
complex,-7.125,False,-0.3125,False
simple,-6.75,False,0.3125,True
instruct,-6.75,False,0.375,True
complex,-6.75,False,-0.25,False
simple,-6.625,False,-0.0625,False
instruct,-6.625,False,0.125,True
complex,-6.625,False,-0.25,False
simple,-5.75,False,0.125,True
instruct,-5.75,False,0.0625,True
complex,-5.75,False,-0.4375,False
simple,-6.125,False,0.0,False
instruct,-6.125,False,-0.125,False
complex,-6.125,False,-0.5,False
simple,-6.75,False,-0.4375,False
instruct,-6.75,False,-0.625,False
complex,-6.75,False,-0.5,False
simple,-7.0625,False,0.0,False
instruct,-7.0625,False,0.125,True
complex,-7.0625,False,-0.375,False
simple,-6.5625,False,0.25,True
instruct,-6.5625,False,0.3125,True
complex,-6.5625,False,-0.3125,False
simple,-6.4375,False,0.125,True
instruct,-6.4375,False,0.0625,True
complex,-6.4375,False,-0.25,False
simple,-6.6875,False,-0.1875,False
instruct,-6.6875,False,-0.25,False
complex,-6.6875,False,-0.375,False
simple,-7.5625,False,-0.1875,False
instruct,-7.5625,False,-0.0625,False
complex,-7.5625,False,-0.4375,False
simple,-5.4375,False,-0.1875,False
instruct,-5.4375,False,-0.3125,False
complex,-5.4375,False,-0.4375,False
simple,-6.75,False,0.125,True
instruct,-6.75,False,0.375,True
complex,-6.75,False,-0.375,False
simple,-7.125,False,-0.125,False
instruct,-7.125,False,0.0,False
complex,-7.125,False,-0.25,False
simple,-6.6875,False,-0.1875,False
instruct,-6.6875,False,-0.25,False
complex,-6.6875,False,-0.4375,False
simple,-6.5,False,-0.1875,False
instruct,-6.5,False,-0.125,False
complex,-6.5,False,-0.5,False
simple,-6.5625,False,0.3125,True
instruct,-6.5625,False,0.0625,True
complex,-6.5625,False,-0.3125,False
simple,-6.5625,False,0.25,True
instruct,-6.5625,False,0.25,True
complex,-6.5625,False,-0.25,False
simple,-6.0625,False,-0.125,False
instruct,-6.0625,False,-0.25,False
complex,-6.0625,False,-0.5,False
simple,-7.125,False,0.1875,True
instruct,-7.125,False,-0.125,False
complex,-7.125,False,-0.375,False
simple,-6.875,False,0.0,False
instruct,-6.875,False,-0.125,False
complex,-6.875,False,-0.375,False
simple,-7.0,False,-0.0625,False
instruct,-7.0,False,-0.5,False
complex,-7.0,False,-0.375,False
simple,-6.1875,False,-0.0625,False
instruct,-6.1875,False,-0.375,False
complex,-6.1875,False,-0.3125,False
simple,-6.3125,False,-0.1875,False
instruct,-6.3125,False,-0.1875,False
complex,-6.3125,False,-0.1875,False
simple,-6.5625,False,-0.25,False
instruct,-6.5625,False,-0.625,False
complex,-6.5625,False,-0.5,False
simple,-5.9375,False,-0.125,False
instruct,-5.9375,False,-0.3125,False
complex,-5.9375,False,-0.5,False
simple,-6.1875,False,-0.125,False
instruct,-6.1875,False,0.0,False
complex,-6.1875,False,-0.25,False
simple,-6.1875,False,0.0,False
instruct,-6.1875,False,-0.375,False
complex,-6.1875,False,-0.3125,False
simple,-6.1875,False,-0.25,False
instruct,-6.1875,False,-0.875,False
complex,-6.1875,False,-0.3125,False
simple,-7.125,False,-0.125,False
instruct,-7.125,False,-0.0625,False
complex,-7.125,False,-0.3125,False
simple,-7.25,False,0.1875,True
instruct,-7.25,False,0.0,False
complex,-7.25,False,-0.375,False
simple,-6.25,False,0.0,False
instruct,-6.25,False,-0.1875,False
complex,-6.25,False,-0.3125,False
simple,-7.0,False,0.125,True
instruct,-7.0,False,0.1875,True
complex,-7.0,False,-0.375,False
simple,-19.8125,False,-0.125,False
instruct,-19.8125,False,-0.125,False
complex,-19.8125,False,-0.25,False
simple,-6.5,False,0.125,True
instruct,-6.5,False,0.125,True
complex,-6.5,False,-0.3125,False
simple,-7.5,False,0.3125,True
instruct,-7.5,False,0.0625,True
complex,-7.5,False,-0.3125,False
simple,-5.4375,False,0.3125,True
instruct,-5.4375,False,0.3125,True
complex,-5.4375,False,-0.4375,False
simple,-6.3125,False,-0.0625,False
instruct,-6.3125,False,0.0625,True
complex,-6.3125,False,-0.4375,False
simple,-7.3125,False,0.1875,True
instruct,-7.3125,False,0.25,True
complex,-7.3125,False,-0.375,False
simple,-6.625,False,-0.125,False
instruct,-6.625,False,-0.0625,False
complex,-6.625,False,-0.1875,False
simple,-5.6875,False,0.0,False
instruct,-5.6875,False,0.0,False
complex,-5.6875,False,-0.6875,False
simple,-6.5,False,-0.125,False
instruct,-6.5,False,-0.25,False
complex,-6.5,False,-0.5,False
simple,-5.9375,False,-0.1875,False
instruct,-5.9375,False,-0.25,False
complex,-5.9375,False,-0.5,False
simple,-7.1875,False,-0.25,False
instruct,-7.1875,False,-0.25,False
complex,-7.1875,False,-0.3125,False
simple,-6.125,False,-0.25,False
instruct,-6.125,False,-0.25,False
complex,-6.125,False,-0.3125,False
simple,-5.125,False,-0.125,False
instruct,-5.125,False,-0.125,False
complex,-5.125,False,-0.25,False
simple,-6.8125,False,0.1875,True
instruct,-6.8125,False,-0.125,False
complex,-6.8125,False,-0.3125,False
simple,-6.0625,False,-0.25,False
instruct,-6.0625,False,-0.125,False
complex,-6.0625,False,-0.4375,False
simple,-6.625,False,-0.125,False
instruct,-6.625,False,-0.0625,False
complex,-6.625,False,-0.375,False
simple,-6.6875,False,-0.1875,False
instruct,-6.6875,False,-0.375,False
complex,-6.6875,False,-0.4375,False
simple,-5.5,False,0.0,False
instruct,-5.5,False,-0.4375,False
complex,-5.5,False,-0.125,False
simple,-5.875,False,-0.375,False
instruct,-5.875,False,-0.3125,False
complex,-5.875,False,-0.5,False
simple,-6.6875,False,-0.25,False
instruct,-6.6875,False,-0.3125,False
complex,-6.6875,False,-0.25,False
simple,-7.25,False,-0.125,False
instruct,-7.25,False,-0.375,False
complex,-7.25,False,-0.5,False
simple,-5.9375,False,-0.125,False
instruct,-5.9375,False,-0.125,False
complex,-5.9375,False,-0.3125,False
simple,-6.125,False,-0.25,False
instruct,-6.125,False,-0.25,False
complex,-6.125,False,-0.25,False
simple,-5.8125,False,-0.1875,False
instruct,-5.8125,False,-0.625,False
complex,-5.8125,False,-0.4375,False
simple,-6.625,False,0.0,False
instruct,-6.625,False,0.3125,True
complex,-6.625,False,-0.3125,False
simple,-7.4375,False,0.0625,True
instruct,-7.4375,False,-0.0625,False
complex,-7.4375,False,-0.25,False
simple,-5.6875,False,-0.125,False
instruct,-5.6875,False,-0.625,False
complex,-5.6875,False,-0.5,False
simple,-5.8125,False,-0.0625,False
instruct,-5.8125,False,-0.3125,False
complex,-5.8125,False,-0.4375,False
simple,-6.25,False,-0.125,False
instruct,-6.25,False,0.0625,True
complex,-6.25,False,-0.375,False
simple,-5.8125,False,0.0625,True
instruct,-5.8125,False,-0.375,False
complex,-5.8125,False,-0.5625,False
simple,-6.5625,False,-0.125,False
instruct,-6.5625,False,0.0,False
complex,-6.5625,False,-0.375,False
simple,-6.6875,False,-0.1875,False
instruct,-6.6875,False,-0.1875,False
complex,-6.6875,False,-0.5,False
simple,-7.125,False,-0.125,False
instruct,-7.125,False,-0.125,False
complex,-7.125,False,-0.25,False
simple,-6.3125,False,-0.125,False
instruct,-6.3125,False,-0.1875,False
complex,-6.3125,False,-0.4375,False
simple,-7.25,False,0.1875,True
instruct,-7.25,False,-0.125,False
complex,-7.25,False,-0.375,False
simple,-7.25,False,-0.125,False
instruct,-7.25,False,-0.25,False
complex,-7.25,False,-0.375,False
simple,-6.1875,False,-0.0625,False
instruct,-6.1875,False,-0.0625,False
complex,-6.1875,False,-0.5,False
simple,-6.8125,False,-0.3125,False
instruct,-6.8125,False,-0.625,False
complex,-6.8125,False,-0.5,False
simple,-6.9375,False,-0.125,False
instruct,-6.9375,False,-0.1875,False
complex,-6.9375,False,-0.5625,False
simple,-4.8125,False,-0.1875,False
instruct,-4.8125,False,-0.3125,False
complex,-4.8125,False,-0.5,False
simple,-5.25,False,-0.1875,False
instruct,-5.25,False,-0.3125,False
complex,-5.25,False,-0.8125,False
simple,-3.625,False,-0.5625,False
instruct,-3.625,False,-1.125,False
complex,-3.625,False,-0.125,False
simple,-4.9375,False,-0.75,False
instruct,-4.9375,False,-1.4375,False
complex,-4.9375,False,-0.25,False
simple,-4.125,False,-1.0,False
instruct,-4.125,False,-1.3125,False
complex,-4.125,False,-0.25,False
simple,-3.75,False,-0.625,False
instruct,-3.75,False,-1.375,False
complex,-3.75,False,-0.1875,False
simple,-3.5,False,0.1875,True
instruct,-3.5,False,0.0,False
complex,-3.5,False,0.0625,True
simple,-22.25,False,0.125,True
instruct,-22.25,False,0.1875,True
complex,-22.25,False,0.125,True
simple,-4.25,False,-0.625,False
instruct,-4.25,False,-1.125,False
complex,-4.25,False,-0.1875,False
simple,-2.75,False,-0.375,False
instruct,-2.75,False,-1.0,False
complex,-2.75,False,-0.1875,False
simple,-4.25,False,-0.6875,False
instruct,-4.25,False,-1.3125,False
complex,-4.25,False,-0.125,False
simple,-4.5,False,-0.25,False
instruct,-4.5,False,-0.875,False
complex,-4.5,False,0.0,False
simple,-3.75,False,-0.5,False
instruct,-3.75,False,-1.1875,False
complex,-3.75,False,-0.25,False
simple,-3.9375,False,-0.75,False
instruct,-3.9375,False,-1.5,False
complex,-3.9375,False,-0.125,False
simple,-4.375,False,-0.375,False
instruct,-4.375,False,-0.625,False
complex,-4.375,False,-0.1875,False
simple,-2.375,False,0.0625,True
instruct,-2.375,False,-0.625,False
complex,-2.375,False,0.0,False
simple,-2.25,False,-0.125,False
instruct,-2.25,False,-0.5625,False
complex,-2.25,False,0.125,True
simple,-5.0625,False,-0.4375,False
instruct,-5.0625,False,-1.0625,False
complex,-5.0625,False,-0.25,False
simple,-4.375,False,0.0625,True
instruct,-4.375,False,-0.1875,False
complex,-4.375,False,0.125,True
simple,-3.625,False,-0.0625,False
instruct,-3.625,False,-0.625,False
complex,-3.625,False,0.0625,True
simple,-3.25,False,0.125,True
instruct,-3.25,False,-0.6875,False
complex,-3.25,False,0.0625,True
simple,-3.25,False,-0.125,False
instruct,-3.25,False,-0.25,False
complex,-3.25,False,0.125,True
simple,-3.875,False,-0.1875,False
instruct,-3.875,False,-0.5,False
complex,-3.875,False,-0.125,False
simple,-3.5,False,-0.25,False
instruct,-3.5,False,-1.0625,False
complex,-3.5,False,-0.0625,False
simple,-4.75,False,-0.125,False
instruct,-4.75,False,-0.9375,False
complex,-4.75,False,-0.0625,False
simple,-4.5,False,0.125,True
instruct,-4.5,False,-0.4375,False
complex,-4.5,False,0.1875,True
simple,-3.0,False,0.0625,True
instruct,-3.0,False,0.125,True
complex,-3.0,False,0.125,True
simple,-5.125,False,-0.1875,False
instruct,-5.125,False,-0.6875,False
complex,-5.125,False,0.125,True
simple,-3.25,False,0.0,False
instruct,-3.25,False,-0.0625,False
complex,-3.25,False,0.125,True
simple,-3.125,False,0.125,True
instruct,-3.125,False,0.0625,True
complex,-3.125,False,0.1875,True
simple,-4.0,False,0.0,False
instruct,-4.0,False,-0.625,False
complex,-4.0,False,-0.25,False
simple,-3.25,False,-0.5625,False
instruct,-3.25,False,-1.0,False
complex,-3.25,False,0.0625,True
simple,-3.875,False,-0.375,False
instruct,-3.875,False,-1.0,False
complex,-3.875,False,-0.125,False
simple,-4.375,False,-0.375,False
instruct,-4.375,False,-0.875,False
complex,-4.375,False,-0.125,False
simple,-4.25,False,-0.0625,False
instruct,-4.25,False,-0.3125,False
complex,-4.25,False,0.0625,True
simple,-17.75,False,0.3125,True
instruct,-17.75,False,0.0625,True
complex,-17.75,False,0.1875,True
simple,-3.25,False,-0.0625,False
instruct,-3.25,False,-0.5,False
complex,-3.25,False,0.0,False
simple,-2.75,False,0.125,True
instruct,-2.75,False,-0.0625,False
complex,-2.75,False,0.0,False
simple,-4.25,False,0.125,True
instruct,-4.25,False,0.0,False
complex,-4.25,False,0.1875,True
simple,-5.75,False,-0.4375,False
instruct,-5.75,False,-0.4375,False
complex,-5.75,False,-0.0625,False
simple,-1.75,False,-0.1875,False
instruct,-1.75,False,-0.6875,False
complex,-1.75,False,-0.3125,False
simple,-3.25,False,-0.0625,False
instruct,-3.25,False,-0.625,False
complex,-3.25,False,0.0,False
simple,-3.75,False,-0.125,False
instruct,-3.75,False,-0.5,False
complex,-3.75,False,-0.0625,False
simple,-4.25,False,0.0,False
instruct,-4.25,False,-0.25,False
complex,-4.25,False,0.0625,True
simple,-4.375,False,-0.1875,False
instruct,-4.375,False,-0.5625,False
complex,-4.375,False,-0.0625,False
simple,-2.125,False,0.25,True
instruct,-2.125,False,0.375,True
complex,-2.125,False,0.0,False
simple,-2.875,False,-0.125,False
instruct,-2.875,False,-0.6875,False
complex,-2.875,False,-0.125,False
simple,-3.6875,False,-0.75,False
instruct,-3.6875,False,-1.0625,False
complex,-3.6875,False,-0.0625,False
simple,-3.75,False,-0.0625,False
instruct,-3.75,False,-0.0625,False
complex,-3.75,False,0.125,True
simple,-5.3125,False,-0.8125,False
instruct,-5.3125,False,-1.0,False
complex,-5.3125,False,0.0,False
simple,-4.25,False,-0.1875,False
instruct,-4.25,False,-0.8125,False
complex,-4.25,False,-0.125,False
simple,-3.125,False,-0.375,False
instruct,-3.125,False,-0.5625,False
complex,-3.125,False,-0.1875,False
simple,-4.125,False,0.1875,True
instruct,-4.125,False,-0.125,False
complex,-4.125,False,0.25,True
simple,-3.5,False,-0.125,False
instruct,-3.5,False,-0.375,False
complex,-3.5,False,-0.1875,False
simple,-2.625,False,0.125,True
instruct,-2.625,False,-0.125,False
complex,-2.625,False,-0.125,False
simple,-3.625,False,-0.6875,False
instruct,-3.625,False,-1.6875,False
complex,-3.625,False,-0.125,False
simple,-4.125,False,0.0625,True
instruct,-4.125,False,-0.125,False
complex,-4.125,False,0.0625,True
simple,-2.375,False,-0.25,False
instruct,-2.375,False,-0.8125,False
complex,-2.375,False,0.0,False
simple,-3.125,False,0.25,True
instruct,-3.125,False,0.0625,True
complex,-3.125,False,-0.0625,False
simple,-3.5,False,-0.1875,False
instruct,-3.5,False,-0.6875,False
complex,-3.5,False,0.0625,True
simple,-4.0,False,-0.6875,False
instruct,-4.0,False,-1.125,False
complex,-4.0,False,-0.3125,False
simple,-4.0,False,-0.125,False
instruct,-4.0,False,-0.8125,False
complex,-4.0,False,-0.0625,False
simple,-2.375,False,-0.4375,False
instruct,-2.375,False,-0.875,False
complex,-2.375,False,-0.25,False
simple,-4.375,False,-0.125,False
instruct,-4.375,False,-0.375,False
complex,-4.375,False,-0.125,False
simple,-5.125,False,-0.5625,False
instruct,-5.125,False,-1.0,False
complex,-5.125,False,-0.1875,False
simple,-4.125,False,-0.3125,False
instruct,-4.125,False,-1.0,False
complex,-4.125,False,-0.0625,False
simple,-3.125,False,0.125,True
instruct,-3.125,False,0.0625,True
complex,-3.125,False,-0.125,False
simple,-4.875,False,-0.125,False
instruct,-4.875,False,-0.5625,False
complex,-4.875,False,-0.0625,False
simple,-4.25,False,-0.375,False
instruct,-4.25,False,-0.9375,False
complex,-4.25,False,-0.1875,False
simple,-4.375,False,-0.0625,False
instruct,-4.375,False,-0.125,False
complex,-4.375,False,0.0,False
simple,-4.25,False,-0.3125,False
instruct,-4.25,False,-0.5,False
complex,-4.25,False,-0.0625,False
simple,-4.75,False,-0.4375,False
instruct,-4.75,False,-1.0,False
complex,-4.75,False,-0.0625,False
simple,-5.0,False,0.0625,True
instruct,-5.0,False,0.0,False
complex,-5.0,False,0.0,False
simple,-4.5,False,0.0,False
instruct,-4.5,False,-0.1875,False
complex,-4.5,False,-0.125,False
simple,-4.625,False,-0.375,False
instruct,-4.625,False,-0.8125,False
complex,-4.625,False,0.0625,True
simple,-1.5,False,-0.375,False
instruct,-1.5,False,-0.6875,False
complex,-1.5,False,-0.375,False
simple,-4.5,False,-0.4375,False
instruct,-4.5,False,-0.875,False
complex,-4.5,False,-0.0625,False
simple,-4.0,False,0.1875,True
instruct,-4.0,False,-0.5,False
complex,-4.0,False,-0.0625,False
simple,-4.25,False,-0.4375,False
instruct,-4.25,False,-0.4375,False
complex,-4.25,False,-0.0625,False
simple,-4.5,False,-0.375,False
instruct,-4.5,False,-0.9375,False
complex,-4.5,False,-0.1875,False
simple,-4.5,False,-0.375,False
instruct,-4.5,False,-0.8125,False
complex,-4.5,False,-0.0625,False
simple,-4.875,False,-0.5625,False
instruct,-4.875,False,-1.25,False
complex,-4.875,False,-0.1875,False
simple,-4.375,False,-0.0625,False
instruct,-4.375,False,-0.375,False
complex,-4.375,False,-0.0625,False
simple,-4.5,False,-0.125,False
instruct,-4.5,False,-0.625,False
complex,-4.5,False,0.0625,True
simple,-3.75,False,-0.25,False
instruct,-3.75,False,-0.6875,False
complex,-3.75,False,0.0,False
simple,-3.125,False,-0.625,False
instruct,-3.125,False,-0.875,False
complex,-3.125,False,-0.0625,False
simple,-4.375,False,-0.0625,False
instruct,-4.375,False,-0.5625,False
complex,-4.375,False,-0.25,False
simple,-3.75,False,-0.375,False
instruct,-3.75,False,-1.125,False
complex,-3.75,False,-0.125,False
simple,-4.75,False,-0.625,False
instruct,-4.75,False,-1.25,False
complex,-4.75,False,-0.0625,False
simple,-4.625,False,0.0625,True
instruct,-4.625,False,0.125,True
complex,-4.625,False,0.0625,True
simple,-4.5,False,-0.5,False
instruct,-4.5,False,-0.5,False
complex,-4.5,False,-0.125,False
simple,-3.75,False,-0.0625,False
instruct,-3.75,False,0.0625,True
complex,-3.75,False,0.0625,True
simple,-4.0,False,-0.4375,False
instruct,-4.0,False,-0.375,False
complex,-4.0,False,-0.0625,False
simple,-4.25,False,0.0625,True
instruct,-4.25,False,-0.1875,False
complex,-4.25,False,-0.0625,False
simple,-3.625,False,-0.5625,False
instruct,-3.625,False,-0.75,False
complex,-3.625,False,-0.0625,False
simple,-4.875,False,-0.4375,False
instruct,-4.875,False,-1.0625,False
complex,-4.875,False,-0.0625,False
simple,-4.75,False,0.25,True
instruct,-4.75,False,-0.0625,False
complex,-4.75,False,0.0,False
simple,-3.75,False,-0.4375,False
instruct,-3.75,False,-0.8125,False
complex,-3.75,False,-0.0625,False
simple,-3.25,False,-0.0625,False
instruct,-3.25,False,-0.25,False
complex,-3.25,False,0.1875,True
simple,-5.625,False,-0.3125,False
instruct,-5.625,False,-0.4375,False
complex,-5.625,False,-0.0625,False
simple,-4.375,False,-0.1875,False
instruct,-4.375,False,-0.375,False
complex,-4.375,False,0.0,False
simple,-3.75,False,-0.1875,False
instruct,-3.75,False,-0.8125,False
complex,-3.75,False,-0.125,False
simple,-8.0625,False,-0.125,False
instruct,-8.0625,False,-0.625,False
complex,-8.0625,False,0.0,False
simple,-7.75,False,-0.0625,False
instruct,-7.75,False,-0.0625,False
complex,-7.75,False,0.0,False
simple,-6.9375,False,-0.0625,False
instruct,-6.9375,False,-0.0625,False
complex,-6.9375,False,0.125,True
simple,-6.3125,False,0.25,True
instruct,-6.3125,False,0.0,False
complex,-6.3125,False,-0.0625,False
simple,-7.375,False,-0.125,False
instruct,-7.375,False,-0.375,False
complex,-7.375,False,0.0625,True
simple,-7.4375,False,0.25,True
instruct,-7.4375,False,0.25,True
complex,-7.4375,False,-0.125,False
simple,-8.3125,False,-0.1875,False
instruct,-8.3125,False,0.0625,True
complex,-8.3125,False,-0.0625,False
simple,-6.9375,False,0.1875,True
instruct,-6.9375,False,0.25,True
complex,-6.9375,False,0.125,True
simple,-6.625,False,0.3125,True
instruct,-6.625,False,0.375,True
complex,-6.625,False,0.0,False
simple,-7.5625,False,-0.0625,False
instruct,-7.5625,False,0.0625,True
complex,-7.5625,False,-0.1875,False
simple,-7.3125,False,-0.125,False
instruct,-7.3125,False,0.125,True
complex,-7.3125,False,0.1875,True
simple,-7.375,False,0.1875,True
instruct,-7.375,False,0.0,False
complex,-7.375,False,0.0,False
simple,-7.1875,False,0.3125,True
instruct,-7.1875,False,0.4375,True
complex,-7.1875,False,0.1875,True
simple,-7.4375,False,0.25,True
instruct,-7.4375,False,0.3125,True
complex,-7.4375,False,-0.1875,False
simple,-6.8125,False,0.25,True
instruct,-6.8125,False,0.5,True
complex,-6.8125,False,-0.1875,False
simple,-7.125,False,0.1875,True
instruct,-7.125,False,0.0,False
complex,-7.125,False,0.0,False
simple,-8.1875,False,0.1875,True
instruct,-8.1875,False,0.125,True
complex,-8.1875,False,0.125,True
simple,-6.625,False,-0.125,False
instruct,-6.625,False,-0.1875,False
complex,-6.625,False,-0.125,False
simple,-7.1875,False,0.375,True
instruct,-7.1875,False,0.375,True
complex,-7.1875,False,0.0,False
simple,-6.125,False,0.0,False
instruct,-6.125,False,0.0,False
complex,-6.125,False,-0.0625,False
simple,-7.0,False,0.25,True
instruct,-7.0,False,0.4375,True
complex,-7.0,False,-0.125,False
simple,-7.3125,False,-0.125,False
instruct,-7.3125,False,-0.3125,False
complex,-7.3125,False,-0.1875,False
simple,-7.375,False,0.1875,True
instruct,-7.375,False,-0.125,False
complex,-7.375,False,-0.25,False
simple,-6.875,False,0.375,True
instruct,-6.875,False,0.4375,True
complex,-6.875,False,-0.125,False
simple,-9.0,False,0.1875,True
instruct,-9.0,False,0.125,True
complex,-9.0,False,-0.25,False
simple,-8.25,False,0.125,True
instruct,-8.25,False,0.25,True
complex,-8.25,False,-0.3125,False
simple,-7.0,False,0.0,False
instruct,-7.0,False,-0.1875,False
complex,-7.0,False,-0.1875,False
simple,-7.625,False,-0.125,False
instruct,-7.625,False,0.0,False
complex,-7.625,False,-0.0625,False
simple,-7.5625,False,0.3125,True
instruct,-7.5625,False,0.3125,True
complex,-7.5625,False,-0.3125,False
simple,-24.4375,False,-0.0625,False
instruct,-24.4375,False,-0.25,False
complex,-24.4375,False,-0.1875,False
simple,-7.4375,False,0.4375,True
instruct,-7.4375,False,0.5625,True
complex,-7.4375,False,-0.125,False
simple,-7.0625,False,-0.0625,False
instruct,-7.0625,False,0.125,True
complex,-7.0625,False,-0.25,False
simple,-6.8125,False,0.3125,True
instruct,-6.8125,False,0.375,True
complex,-6.8125,False,-0.375,False
simple,-7.875,False,0.1875,True
instruct,-7.875,False,0.125,True
complex,-7.875,False,0.0,False
simple,-6.75,False,0.25,True
instruct,-6.75,False,0.125,True
complex,-6.75,False,-0.1875,False
simple,-7.0625,False,0.125,True
instruct,-7.0625,False,0.0625,True
complex,-7.0625,False,-0.1875,False
simple,-7.625,False,-0.0625,False
instruct,-7.625,False,0.1875,True
complex,-7.625,False,-0.0625,False
simple,-7.6875,False,0.25,True
instruct,-7.6875,False,0.3125,True
complex,-7.6875,False,-0.1875,False
simple,-7.375,False,0.3125,True
instruct,-7.375,False,0.125,True
complex,-7.375,False,-0.1875,False
simple,-9.0,False,0.0625,True
instruct,-9.0,False,-0.0625,False
complex,-9.0,False,-0.25,False
simple,-7.625,False,0.5,True
instruct,-7.625,False,0.625,True
complex,-7.625,False,0.0625,True
simple,-6.9375,False,-0.1875,False
instruct,-6.9375,False,-0.0625,False
complex,-6.9375,False,-0.1875,False
simple,-7.0625,False,0.0625,True
instruct,-7.0625,False,0.25,True
complex,-7.0625,False,-0.25,False
simple,-5.9375,False,0.0625,True
instruct,-5.9375,False,0.25,True
complex,-5.9375,False,-0.125,False
simple,-8.0625,False,0.1875,True
instruct,-8.0625,False,-0.125,False
complex,-8.0625,False,-0.0625,False
simple,-7.8125,False,-0.1875,False
instruct,-7.8125,False,0.0,False
complex,-7.8125,False,-0.1875,False
simple,-7.125,False,0.375,True
instruct,-7.125,False,0.625,True
complex,-7.125,False,0.0,False
simple,-7.625,False,-0.0625,False
instruct,-7.625,False,0.125,True
complex,-7.625,False,-0.125,False
simple,-7.625,False,0.4375,True
instruct,-7.625,False,0.125,True
complex,-7.625,False,-0.0625,False
simple,-6.8125,False,-0.1875,False
instruct,-6.8125,False,0.0,False
complex,-6.8125,False,-0.125,False
simple,-8.1875,False,0.375,True
instruct,-8.1875,False,0.5625,True
complex,-8.1875,False,-0.125,False
simple,-7.25,False,0.1875,True
instruct,-7.25,False,0.0625,True
complex,-7.25,False,-0.0625,False
simple,-7.75,False,0.25,True
instruct,-7.75,False,0.1875,True
complex,-7.75,False,-0.0625,False
simple,-7.4375,False,0.1875,True
instruct,-7.4375,False,0.125,True
complex,-7.4375,False,0.0,False
simple,-7.5625,False,0.125,True
instruct,-7.5625,False,0.0,False
complex,-7.5625,False,-0.125,False
simple,-7.625,False,0.125,True
instruct,-7.625,False,0.25,True
complex,-7.625,False,-0.1875,False
simple,-6.875,False,0.1875,True
instruct,-6.875,False,0.1875,True
complex,-6.875,False,-0.25,False
simple,-7.9375,False,-0.1875,False
instruct,-7.9375,False,0.0,False
complex,-7.9375,False,-0.1875,False
simple,-5.6875,False,0.25,True
instruct,-5.6875,False,0.3125,True
complex,-5.6875,False,-0.0625,False
simple,-7.875,False,0.125,True
instruct,-7.875,False,0.1875,True
complex,-7.875,False,-0.0625,False
simple,-8.4375,False,0.375,True
instruct,-8.4375,False,0.5,True
complex,-8.4375,False,-0.0625,False
simple,-7.4375,False,-0.25,False
instruct,-7.4375,False,-0.4375,False
complex,-7.4375,False,-0.25,False
simple,-7.125,False,0.25,True
instruct,-7.125,False,0.25,True
complex,-7.125,False,-0.25,False
simple,-7.3125,False,-0.25,False
instruct,-7.3125,False,-0.125,False
complex,-7.3125,False,-0.3125,False
simple,-6.25,False,0.3125,True
instruct,-6.25,False,0.5,True
complex,-6.25,False,-0.0625,False
simple,-26.0,False,-0.375,False
instruct,-26.0,False,0.0,False
complex,-26.0,False,-0.125,False
simple,-8.6875,False,0.0625,True
instruct,-8.6875,False,-0.3125,False
complex,-8.6875,False,-0.125,False
simple,-8.75,False,0.0,False
instruct,-8.75,False,0.4375,True
complex,-8.75,False,-0.25,False
simple,-7.6875,False,0.0625,True
instruct,-7.6875,False,0.0625,True
complex,-7.6875,False,-0.0625,False
simple,-7.1875,False,0.0625,True
instruct,-7.1875,False,0.0,False
complex,-7.1875,False,0.0,False
simple,-9.0,False,0.4375,True
instruct,-9.0,False,0.5625,True
complex,-9.0,False,-0.25,False
simple,-8.3125,False,0.125,True
instruct,-8.3125,False,0.25,True
complex,-8.3125,False,-0.125,False
simple,-6.0,False,0.0625,True
instruct,-6.0,False,0.3125,True
complex,-6.0,False,-0.125,False
simple,-7.4375,False,0.0,False
instruct,-7.4375,False,-0.125,False
complex,-7.4375,False,-0.25,False
simple,-7.4375,False,0.0,False
instruct,-7.4375,False,-0.0625,False
complex,-7.4375,False,-0.1875,False
simple,-8.6875,False,0.0625,True
instruct,-8.6875,False,0.125,True
complex,-8.6875,False,-0.0625,False
simple,-6.1875,False,0.0,False
instruct,-6.1875,False,0.0,False
complex,-6.1875,False,-0.0625,False
simple,-8.125,False,0.125,True
instruct,-8.125,False,0.3125,True
complex,-8.125,False,-0.3125,False
simple,-7.3125,False,0.3125,True
instruct,-7.3125,False,0.25,True
complex,-7.3125,False,0.0,False
simple,-7.625,False,-0.1875,False
instruct,-7.625,False,-0.1875,False
complex,-7.625,False,-0.0625,False
simple,-7.125,False,0.25,True
instruct,-7.125,False,0.25,True
complex,-7.125,False,0.125,True
simple,-23.75,False,0.0625,True
instruct,-23.75,False,-0.25,False
complex,-23.75,False,-0.25,False
simple,-7.4375,False,0.25,True
instruct,-7.4375,False,0.4375,True
complex,-7.4375,False,0.1875,True
simple,-7.625,False,0.3125,True
instruct,-7.625,False,0.3125,True
complex,-7.625,False,-0.125,False
simple,-7.375,False,0.375,True
instruct,-7.375,False,0.125,True
complex,-7.375,False,0.0,False
simple,-7.625,False,0.375,True
instruct,-7.625,False,0.0625,True
complex,-7.625,False,-0.125,False
simple,-8.0625,False,-0.0625,False
instruct,-8.0625,False,-0.3125,False
complex,-8.0625,False,0.0,False
simple,-7.375,False,0.0,False
instruct,-7.375,False,0.1875,True
complex,-7.375,False,0.0625,True
simple,-7.0,False,-0.25,False
instruct,-7.0,False,0.0,False
complex,-7.0,False,-0.3125,False
simple,-7.875,False,0.125,True
instruct,-7.875,False,0.4375,True
complex,-7.875,False,-0.375,False
simple,-6.625,False,-0.5,False
instruct,-6.625,False,-0.3125,False
complex,-6.625,False,-0.1875,False
simple,-8.625,False,0.1875,True
instruct,-8.625,False,0.5,True
complex,-8.625,False,-0.25,False
simple,-8.75,False,0.25,True
instruct,-8.75,False,0.5625,True
complex,-8.75,False,-0.1875,False
simple,-8.9375,False,0.4375,True
instruct,-8.9375,False,0.75,True
complex,-8.9375,False,-0.0625,False
simple,-8.25,False,0.0,False
instruct,-8.25,False,-0.0625,False
complex,-8.25,False,-0.125,False
simple,-7.4375,False,-0.125,False
instruct,-7.4375,False,-0.0625,False
complex,-7.4375,False,0.0,False
simple,-6.4375,False,-0.0625,False
instruct,-6.4375,False,-0.125,False
complex,-6.4375,False,-0.0625,False
simple,-7.9375,False,0.4375,True
instruct,-7.9375,False,0.5625,True
complex,-7.9375,False,-0.0625,False
simple,-6.9375,False,-0.0625,False
instruct,-6.9375,False,0.125,True
complex,-6.9375,False,-0.25,False
simple,-6.9375,False,-0.0625,False
instruct,-6.9375,False,0.5,True
complex,-6.9375,False,-0.125,False
simple,-2.375,False,-0.3125,False
instruct,-2.375,False,-0.25,False
complex,-2.375,False,0.0,False
simple,-1.3125,False,-0.125,False
instruct,-1.3125,False,-0.4375,False
complex,-1.3125,False,-0.125,False
simple,-0.75,False,0.3125,True
instruct,-0.75,False,0.4375,True
complex,-0.75,False,0.0,False
simple,-1.375,False,-0.125,False
instruct,-1.375,False,-0.25,False
complex,-1.375,False,-0.0625,False
simple,-0.75,False,-0.125,False
instruct,-0.75,False,-0.1875,False
complex,-0.75,False,-0.0625,False
simple,-1.9375,False,0.0,False
instruct,-1.9375,False,-0.125,False
complex,-1.9375,False,-0.125,False
simple,-1.8125,False,0.25,True
instruct,-1.8125,False,0.0625,True
complex,-1.8125,False,0.0625,True
simple,-1.71875,False,-0.6875,False
instruct,-1.71875,False,-1.25,False
complex,-1.71875,False,-0.0625,False
simple,-0.625,False,-0.5625,False
instruct,-0.625,False,-0.75,False
complex,-0.625,False,-0.25,False
simple,-2.25,False,-0.6875,False
instruct,-2.25,False,-0.8125,False
complex,-2.25,False,0.0,False
simple,-0.4375,False,-0.25,False
instruct,-0.4375,False,0.0625,True
complex,-0.4375,False,-0.0625,False
simple,-0.5,False,-0.125,False
instruct,-0.5,False,-0.375,False
complex,-0.5,False,-0.25,False
simple,-2.1875,False,-0.1875,False
instruct,-2.1875,False,-0.3125,False
complex,-2.1875,False,-0.0625,False
simple,-2.0,False,-0.375,False
instruct,-2.0,False,-0.3125,False
complex,-2.0,False,-0.1875,False
simple,-3.5625,False,-0.3125,False
instruct,-3.5625,False,-0.25,False
complex,-3.5625,False,-0.0625,False
simple,-0.4375,False,-0.0625,False
instruct,-0.4375,False,-0.0625,False
complex,-0.4375,False,-0.0625,False
simple,-4.125,False,-0.0625,False
instruct,-4.125,False,-0.0625,False
complex,-4.125,False,0.0,False
simple,0.25,True,-0.5625,False
instruct,0.25,True,-0.6875,False
complex,0.25,True,-0.25,False
simple,-1.5625,False,-0.625,False
instruct,-1.5625,False,-0.875,False
complex,-1.5625,False,-0.25,False
simple,-1.375,False,-0.25,False
instruct,-1.375,False,0.125,True
complex,-1.375,False,0.0,False
simple,-2.5625,False,-0.6875,False
instruct,-2.5625,False,-0.8125,False
complex,-2.5625,False,-0.1875,False
simple,-1.5625,False,-0.125,False
instruct,-1.5625,False,-0.1875,False
complex,-1.5625,False,0.0625,True
simple,-1.6875,False,0.0,False
instruct,-1.6875,False,0.0625,True
complex,-1.6875,False,-0.125,False
simple,-2.625,False,0.375,True
instruct,-2.625,False,0.6875,True
complex,-2.625,False,-0.125,False
simple,-1.9375,False,-0.5,False
instruct,-1.9375,False,-0.125,False
complex,-1.9375,False,-0.125,False
simple,-1.25,False,-0.1875,False
instruct,-1.25,False,-0.375,False
complex,-1.25,False,-0.125,False
simple,-1.125,False,-0.375,False
instruct,-1.125,False,-0.5625,False
complex,-1.125,False,-0.125,False
simple,-3.0,False,-0.5,False
instruct,-3.0,False,-0.4375,False
complex,-3.0,False,0.0625,True
simple,-1.4375,False,-0.125,False
instruct,-1.4375,False,0.0625,True
complex,-1.4375,False,-0.1875,False
simple,-1.25,False,-0.1875,False
instruct,-1.25,False,0.1875,True
complex,-1.25,False,-0.0625,False
simple,-1.1875,False,-0.375,False
instruct,-1.1875,False,-0.4375,False
complex,-1.1875,False,-0.125,False
simple,-4.0625,False,0.4375,True
instruct,-4.0625,False,0.0625,True
complex,-4.0625,False,-0.0625,False
simple,0.1875,True,-0.375,False
instruct,0.1875,True,-0.125,False
complex,0.1875,True,-0.25,False
simple,-1.875,False,-0.5625,False
instruct,-1.875,False,-0.625,False
complex,-1.875,False,0.0625,True
simple,-2.9375,False,-0.125,False
instruct,-2.9375,False,-0.3125,False
complex,-2.9375,False,-0.0625,False
simple,0.875,True,-0.5,False
instruct,0.875,True,-0.625,False
complex,0.875,True,-0.3125,False
simple,-0.5625,False,0.0,False
instruct,-0.5625,False,-0.3125,False
complex,-0.5625,False,0.0,False
simple,-0.625,False,-0.375,False
instruct,-0.625,False,-0.125,False
complex,-0.625,False,-0.375,False
simple,0.1875,True,0.0625,True
instruct,0.1875,True,-0.0625,False
complex,0.1875,True,0.0,False
simple,-0.0625,False,-0.3125,False
instruct,-0.0625,False,-0.625,False
complex,-0.0625,False,-0.0625,False
simple,-2.8125,False,0.125,True
instruct,-2.8125,False,0.4375,True
complex,-2.8125,False,0.0625,True
simple,-1.375,False,0.375,True
instruct,-1.375,False,0.875,True
complex,-1.375,False,-0.125,False
simple,-2.25,False,-0.4375,False
instruct,-2.25,False,-0.3125,False
complex,-2.25,False,-0.125,False
simple,-1.25,False,-0.375,False
instruct,-1.25,False,-0.5,False
complex,-1.25,False,-0.125,False
simple,-0.8125,False,-0.375,False
instruct,-0.8125,False,-0.6875,False
complex,-0.8125,False,-0.25,False
simple,-1.125,False,-0.25,False
instruct,-1.125,False,-0.375,False
complex,-1.125,False,-0.0625,False
simple,-1.6875,False,0.5,True
instruct,-1.6875,False,0.875,True
complex,-1.6875,False,-0.0625,False
simple,-1.75,False,-0.3125,False
instruct,-1.75,False,-0.1875,False
complex,-1.75,False,-0.125,False
simple,-2.25,False,0.125,True
instruct,-2.25,False,0.5,True
complex,-2.25,False,-0.1875,False
simple,0.0,False,0.0,False
instruct,0.0,False,0.0625,True
complex,0.0,False,0.0,False
simple,-4.5,False,-0.3125,False
instruct,-4.5,False,-0.375,False
complex,-4.5,False,-0.1875,False
simple,-0.9375,False,0.1875,True
instruct,-0.9375,False,0.5625,True
complex,-0.9375,False,-0.125,False
simple,-1.8125,False,0.125,True
instruct,-1.8125,False,0.4375,True
complex,-1.8125,False,0.0625,True
simple,-2.375,False,0.125,True
instruct,-2.375,False,0.875,True
complex,-2.375,False,0.0,False
simple,-0.625,False,-0.0625,False
instruct,-0.625,False,0.3125,True
complex,-0.625,False,0.1875,True
simple,-1.0,False,0.125,True
instruct,-1.0,False,0.5625,True
complex,-1.0,False,0.0,False
simple,-2.9375,False,0.5625,True
instruct,-2.9375,False,1.0625,True
complex,-2.9375,False,0.125,True
simple,-1.125,False,-0.25,False
instruct,-1.125,False,-0.125,False
complex,-1.125,False,-0.0625,False
simple,-2.4375,False,0.0,False
instruct,-2.4375,False,0.125,True
complex,-2.4375,False,0.0625,True
simple,-3.6875,False,0.25,True
instruct,-3.6875,False,0.5,True
complex,-3.6875,False,0.125,True
simple,-1.625,False,0.0625,True
instruct,-1.625,False,0.0625,True
complex,-1.625,False,-0.0625,False
simple,-2.75,False,0.0625,True
instruct,-2.75,False,0.4375,True
complex,-2.75,False,-0.125,False
simple,-2.0,False,-0.25,False
instruct,-2.0,False,-0.25,False
complex,-2.0,False,-0.375,False
simple,-1.9375,False,-0.3125,False
instruct,-1.9375,False,-0.6875,False
complex,-1.9375,False,-0.125,False
simple,-11.625,False,0.25,True
instruct,-11.625,False,0.375,True
complex,-11.625,False,-0.375,False
simple,0.9375,True,-0.1875,False
instruct,0.9375,True,0.0625,True
complex,0.9375,True,-0.1875,False
simple,-1.0625,False,-0.0625,False
instruct,-1.0625,False,-0.0625,False
complex,-1.0625,False,-0.375,False
simple,-0.125,False,0.1875,True
instruct,-0.125,False,0.375,True
complex,-0.125,False,-0.3125,False
simple,-1.4375,False,0.125,True
instruct,-1.4375,False,0.4375,True
complex,-1.4375,False,-0.0625,False
simple,0.25,True,-0.125,False
instruct,0.25,True,0.125,True
complex,0.25,True,-0.25,False
simple,0.75,True,-0.25,False
instruct,0.75,True,-0.5,False
complex,0.75,True,0.0,False
simple,1.0,True,-0.1875,False
instruct,1.0,True,0.0,False
complex,1.0,True,-0.3125,False
simple,-0.5,False,-0.25,False
instruct,-0.5,False,0.0625,True
complex,-0.5,False,-0.0625,False
simple,-0.9375,False,0.0625,True
instruct,-0.9375,False,0.3125,True
complex,-0.9375,False,-0.125,False
simple,0.0,False,-0.25,False
instruct,0.0,False,-0.375,False
complex,0.0,False,-0.1875,False
simple,-0.5625,False,-0.25,False
instruct,-0.5625,False,0.0,False
complex,-0.5625,False,-0.125,False
simple,-0.875,False,0.0,False
instruct,-0.875,False,0.5,True
complex,-0.875,False,-0.0625,False
simple,-2.5,False,0.3125,True
instruct,-2.5,False,0.3125,True
complex,-2.5,False,0.0625,True
simple,-1.6875,False,0.1875,True
instruct,-1.6875,False,0.5,True
complex,-1.6875,False,0.0625,True
simple,-0.9375,False,-0.4375,False
instruct,-0.9375,False,-0.0625,False
complex,-0.9375,False,-0.25,False
simple,-2.5625,False,-0.0625,False
instruct,-2.5625,False,-0.125,False
complex,-2.5625,False,-0.0625,False
simple,-4.8125,False,0.3125,True
instruct,-4.8125,False,-0.0625,False
complex,-4.8125,False,-0.0625,False
simple,-1.3125,False,0.4375,True
instruct,-1.3125,False,0.6875,True
complex,-1.3125,False,-0.25,False
simple,-0.6875,False,-0.3125,False
instruct,-0.6875,False,-0.625,False
complex,-0.6875,False,-0.1875,False
simple,-2.125,False,0.3125,True
instruct,-2.125,False,0.25,True
complex,-2.125,False,-0.0625,False
simple,-2.1875,False,0.0625,True
instruct,-2.1875,False,0.5625,True
complex,-2.1875,False,0.0625,True
simple,-2.0,False,-0.375,False
instruct,-2.0,False,-0.5,False
complex,-2.0,False,-0.1875,False
simple,-1.125,False,-0.375,False
instruct,-1.125,False,-0.625,False
complex,-1.125,False,-0.3125,False
simple,-0.25,False,-0.1875,False
instruct,-0.25,False,-0.5,False
complex,-0.25,False,-0.3125,False
simple,-2.3125,False,-0.6875,False
instruct,-2.3125,False,-1.0,False
complex,-2.3125,False,-0.375,False
simple,-0.5,False,-0.25,False
instruct,-0.5,False,-0.4375,False
complex,-0.5,False,-0.3125,False
simple,-4.4375,False,-0.75,False
instruct,-4.4375,False,-0.8125,False
complex,-4.4375,False,-0.3125,False
simple,-1.75,False,-0.4375,False
instruct,-1.75,False,-0.375,False
complex,-1.75,False,-0.0625,False
simple,-3.1875,False,-0.375,False
instruct,-3.1875,False,-0.25,False
complex,-3.1875,False,0.0,False
simple,-1.9375,False,-0.3125,False
instruct,-1.9375,False,-0.375,False
complex,-1.9375,False,-0.3125,False
simple,-2.5625,False,-0.375,False
instruct,-2.5625,False,-0.4375,False
complex,-2.5625,False,-0.1875,False
simple,-2.1875,False,-0.25,False
instruct,-2.1875,False,-0.3125,False
complex,-2.1875,False,-0.125,False
simple,-0.3125,False,-0.5,False
instruct,-0.3125,False,-0.3125,False
complex,-0.3125,False,-0.0625,False
simple,-2.4375,False,-0.125,False
instruct,-2.4375,False,-0.3125,False
complex,-2.4375,False,-0.0625,False
simple,-1.125,False,0.5625,True
instruct,-1.125,False,1.125,True
complex,-1.125,False,0.0,False
simple,-1.0,False,-1.25,False
instruct,-1.0,False,-1.5625,False
complex,-1.0,False,-0.8125,False
simple,-4.4375,False,-1.4375,False
instruct,-4.4375,False,-1.75,False
complex,-4.4375,False,-0.1875,False
simple,-7.40625,False,-1.1875,False
instruct,-7.40625,False,-1.5625,False
complex,-7.40625,False,-0.375,False
simple,-4.25,False,-1.625,False
instruct,-4.25,False,-1.4375,False
complex,-4.25,False,-0.125,False
simple,-2.0,False,-1.4375,False
instruct,-2.0,False,-1.6875,False
complex,-2.0,False,-0.3125,False
simple,-4.3125,False,-1.5625,False
instruct,-4.3125,False,-1.8125,False
complex,-4.3125,False,-0.1875,False
simple,-7.8125,False,-1.0625,False
instruct,-7.8125,False,-1.625,False
complex,-7.8125,False,-0.25,False
simple,-4.1875,False,-1.1875,False
instruct,-4.1875,False,-1.625,False
complex,-4.1875,False,-0.3125,False
simple,-4.1875,False,-1.375,False
instruct,-4.1875,False,-1.5,False
complex,-4.1875,False,-0.1875,False
simple,-6.125,False,-1.9375,False
instruct,-6.125,False,-2.3125,False
complex,-6.125,False,-0.125,False
simple,-6.125,False,-1.625,False
instruct,-6.125,False,-1.75,False
complex,-6.125,False,-0.25,False
simple,-5.9375,False,-1.625,False
instruct,-5.9375,False,-2.3125,False
complex,-5.9375,False,-0.25,False
simple,-5.25,False,-1.6875,False
instruct,-5.25,False,-2.5,False
complex,-5.25,False,-0.3125,False
simple,-7.9375,False,-1.375,False
instruct,-7.9375,False,-2.25,False
complex,-7.9375,False,-0.3125,False
simple,-2.5,False,-1.4375,False
instruct,-2.5,False,-1.4375,False
complex,-2.5,False,-0.3125,False
simple,-3.5625,False,-1.8125,False
instruct,-3.5625,False,-2.0625,False
complex,-3.5625,False,-0.1875,False
simple,-2.1875,False,-1.5625,False
instruct,-2.1875,False,-1.875,False
complex,-2.1875,False,-0.1875,False
simple,-4.375,False,-1.625,False
instruct,-4.375,False,-2.125,False
complex,-4.375,False,-0.25,False
simple,-5.9375,False,-1.625,False
instruct,-5.9375,False,-1.75,False
complex,-5.9375,False,-0.25,False
simple,-6.8125,False,-1.375,False
instruct,-6.8125,False,-1.625,False
complex,-6.8125,False,-0.375,False
simple,-5.375,False,-1.5,False
instruct,-5.375,False,-1.9375,False
complex,-5.375,False,-0.1875,False
simple,-6.125,False,-1.0,False
instruct,-6.125,False,-1.875,False
complex,-6.125,False,-0.375,False
simple,-5.5,False,-1.25,False
instruct,-5.5,False,-2.5,False
complex,-5.5,False,-0.4375,False
simple,-4.6875,False,-1.3125,False
instruct,-4.6875,False,-2.0625,False
complex,-4.6875,False,-0.1875,False
simple,-6.6875,False,-2.0,False
instruct,-6.6875,False,-2.6875,False
complex,-6.6875,False,-0.1875,False
simple,-5.5,False,-1.1875,False
instruct,-5.5,False,-1.375,False
complex,-5.5,False,-0.25,False
simple,-5.4375,False,-1.4375,False
instruct,-5.4375,False,-2.1875,False
complex,-5.4375,False,-0.1875,False
simple,-4.5,False,-1.5625,False
instruct,-4.5,False,-2.375,False
complex,-4.5,False,-0.375,False
simple,-4.6875,False,-1.1875,False
instruct,-4.6875,False,-2.125,False
complex,-4.6875,False,-0.25,False
simple,-4.6875,False,-1.5,False
instruct,-4.6875,False,-1.8125,False
complex,-4.6875,False,-0.1875,False
simple,-5.5625,False,-1.4375,False
instruct,-5.5625,False,-1.8125,False
complex,-5.5625,False,-0.125,False
simple,-4.625,False,-1.8125,False
instruct,-4.625,False,-2.625,False
complex,-4.625,False,-0.375,False
simple,-5.0,False,-1.9375,False
instruct,-5.0,False,-2.5,False
complex,-5.0,False,-0.1875,False
simple,-6.1875,False,-1.25,False
instruct,-6.1875,False,-2.3125,False
complex,-6.1875,False,-0.1875,False
simple,-6.0,False,-1.6875,False
instruct,-6.0,False,-2.875,False
complex,-6.0,False,-0.125,False
simple,-4.9375,False,-1.375,False
instruct,-4.9375,False,-1.875,False
complex,-4.9375,False,-0.25,False
simple,-3.5625,False,-0.375,False
instruct,-3.5625,False,-1.3125,False
complex,-3.5625,False,-0.125,False
simple,-6.5625,False,-1.875,False
instruct,-6.5625,False,-2.5625,False
complex,-6.5625,False,-0.3125,False
simple,-3.125,False,-1.6875,False
instruct,-3.125,False,-2.5625,False
complex,-3.125,False,-0.25,False
simple,-5.0625,False,-0.6875,False
instruct,-5.0625,False,-1.1875,False
complex,-5.0625,False,-0.1875,False
simple,-7.0625,False,-1.625,False
instruct,-7.0625,False,-2.0625,False
complex,-7.0625,False,-0.375,False
simple,-6.3125,False,-1.25,False
instruct,-6.3125,False,-1.5,False
complex,-6.3125,False,-0.0625,False
simple,-5.5,False,-0.6875,False
instruct,-5.5,False,-2.0,False
complex,-5.5,False,-0.125,False
simple,-3.25,False,-1.4375,False
instruct,-3.25,False,-2.1875,False
complex,-3.25,False,-0.1875,False
simple,-6.9375,False,-1.0,False
instruct,-6.9375,False,-1.75,False
complex,-6.9375,False,-0.125,False
simple,-7.5,False,-1.0625,False
instruct,-7.5,False,-1.625,False
complex,-7.5,False,0.0,False
simple,-7.25,False,-1.75,False
instruct,-7.25,False,-2.25,False
complex,-7.25,False,-0.0625,False
simple,-4.6875,False,-1.4375,False
instruct,-4.6875,False,-1.8125,False
complex,-4.6875,False,-0.1875,False
simple,-5.90625,False,-1.4375,False
instruct,-5.90625,False,-2.0,False
complex,-5.90625,False,-0.1875,False
simple,-5.75,False,-1.25,False
instruct,-5.75,False,-2.0625,False
complex,-5.75,False,-0.125,False
simple,-7.25,False,-1.3125,False
instruct,-7.25,False,-2.3125,False
complex,-7.25,False,-0.3125,False
simple,-4.5625,False,-1.875,False
instruct,-4.5625,False,-2.125,False
complex,-4.5625,False,0.0,False
simple,-5.9375,False,-1.0,False
instruct,-5.9375,False,-1.6875,False
complex,-5.9375,False,0.0625,True
simple,-4.75,False,-1.375,False
instruct,-4.75,False,-2.0625,False
complex,-4.75,False,-0.25,False
simple,-6.15625,False,-1.1875,False
instruct,-6.15625,False,-2.0,False
complex,-6.15625,False,-0.375,False
simple,-4.75,False,-1.4375,False
instruct,-4.75,False,-1.875,False
complex,-4.75,False,-0.1875,False
simple,-5.1875,False,-0.8125,False
instruct,-5.1875,False,-1.0625,False
complex,-5.1875,False,-0.125,False
simple,-9.0625,False,-1.0,False
instruct,-9.0625,False,-2.0625,False
complex,-9.0625,False,-0.1875,False
simple,-4.6875,False,-1.75,False
instruct,-4.6875,False,-2.125,False
complex,-4.6875,False,-0.4375,False
simple,-9.0,False,-1.1875,False
instruct,-9.0,False,-1.5,False
complex,-9.0,False,-0.25,False
simple,-5.625,False,-1.625,False
instruct,-5.625,False,-1.875,False
complex,-5.625,False,-0.5625,False
simple,-7.0625,False,-1.5625,False
instruct,-7.0625,False,-1.75,False
complex,-7.0625,False,-0.25,False
simple,-7.875,False,-1.25,False
instruct,-7.875,False,-1.6875,False
complex,-7.875,False,-0.3125,False
simple,-5.625,False,-1.25,False
instruct,-5.625,False,-1.5625,False
complex,-5.625,False,-0.0625,False
simple,-7.28125,False,-1.125,False
instruct,-7.28125,False,-1.9375,False
complex,-7.28125,False,0.125,True
simple,-4.75,False,-1.375,False
instruct,-4.75,False,-1.4375,False
complex,-4.75,False,-0.25,False
simple,-5.0625,False,-1.3125,False
instruct,-5.0625,False,-1.625,False
complex,-5.0625,False,-0.3125,False
simple,-4.6875,False,-1.1875,False
instruct,-4.6875,False,-1.8125,False
complex,-4.6875,False,-0.375,False
simple,-5.8125,False,-0.5625,False
instruct,-5.8125,False,-1.625,False
complex,-5.8125,False,-0.0625,False
simple,-5.875,False,-0.8125,False
instruct,-5.875,False,-1.5,False
complex,-5.875,False,-0.1875,False
simple,-5.6875,False,-1.3125,False
instruct,-5.6875,False,-2.0625,False
complex,-5.6875,False,-0.3125,False
simple,-6.71875,False,-1.0625,False
instruct,-6.71875,False,-1.4375,False
complex,-6.71875,False,-0.1875,False
simple,-5.1875,False,-1.5,False
instruct,-5.1875,False,-2.125,False
complex,-5.1875,False,-0.4375,False
simple,-5.1875,False,-1.375,False
instruct,-5.1875,False,-2.25,False
complex,-5.1875,False,-0.4375,False
simple,-6.25,False,-1.1875,False
instruct,-6.25,False,-1.8125,False
complex,-6.25,False,-0.1875,False
simple,-4.28125,False,-1.125,False
instruct,-4.28125,False,-1.3125,False
complex,-4.28125,False,-0.3125,False
simple,-3.125,False,-1.5,False
instruct,-3.125,False,-2.125,False
complex,-3.125,False,-0.125,False
simple,-6.5625,False,-0.9375,False
instruct,-6.5625,False,-1.5,False
complex,-6.5625,False,-0.125,False
simple,-8.9375,False,-1.5,False
instruct,-8.9375,False,-1.75,False
complex,-8.9375,False,-0.1875,False
simple,-5.5625,False,-1.4375,False
instruct,-5.5625,False,-2.0,False
complex,-5.5625,False,-0.1875,False
simple,-6.1875,False,-1.0,False
instruct,-6.1875,False,-1.875,False
complex,-6.1875,False,-0.25,False
simple,-3.5,False,-1.625,False
instruct,-3.5,False,-2.1875,False
complex,-3.5,False,-0.1875,False
simple,-7.3125,False,-1.1875,False
instruct,-7.3125,False,-1.9375,False
complex,-7.3125,False,-0.0625,False
simple,-4.4375,False,-1.5,False
instruct,-4.4375,False,-2.25,False
complex,-4.4375,False,-0.25,False
simple,-6.4375,False,-1.25,False
instruct,-6.4375,False,-1.6875,False
complex,-6.4375,False,-0.375,False
simple,-8.3125,False,-1.5625,False
instruct,-8.3125,False,-1.9375,False
complex,-8.3125,False,-0.125,False
simple,-7.0625,False,-1.125,False
instruct,-7.0625,False,-2.125,False
complex,-7.0625,False,-0.1875,False
simple,-5.25,False,-1.25,False
instruct,-5.25,False,-2.3125,False
complex,-5.25,False,-0.125,False
simple,-5.875,False,-1.3125,False
instruct,-5.875,False,-2.0625,False
complex,-5.875,False,-0.25,False
simple,-6.6875,False,-0.9375,False
instruct,-6.6875,False,-1.375,False
complex,-6.6875,False,-0.1875,False
simple,-3.625,False,-0.9375,False
instruct,-3.625,False,-1.9375,False
complex,-3.625,False,-0.1875,False
simple,-6.125,False,-0.9375,False
instruct,-6.125,False,-2.25,False
complex,-6.125,False,-0.125,False
simple,-3.1875,False,-1.375,False
instruct,-3.1875,False,-2.0,False
complex,-3.1875,False,-0.4375,False
simple,-4.625,False,-1.625,False
instruct,-4.625,False,-2.75,False
complex,-4.625,False,-0.25,False
simple,-6.4375,False,-1.1875,False
instruct,-6.4375,False,-1.875,False
complex,-6.4375,False,-0.1875,False
simple,-3.96875,False,-1.5625,False
instruct,-3.96875,False,-2.5625,False
complex,-3.96875,False,-0.3125,False
simple,-4.3125,False,-0.8125,False
instruct,-4.3125,False,-1.8125,False
complex,-4.3125,False,-0.3125,False
simple,-6.9375,False,-1.3125,False
instruct,-6.9375,False,-2.5625,False
complex,-6.9375,False,-0.125,False
simple,-5.625,False,-1.5,False
instruct,-5.625,False,-2.125,False
complex,-5.625,False,-0.125,False
simple,-8.75,False,-1.25,False
instruct,-8.75,False,-2.375,False
complex,-8.75,False,-0.0625,False
simple,-4.46875,False,-0.1875,False
instruct,-4.46875,False,-0.5625,False
complex,-4.46875,False,-0.0625,False
simple,-4.15625,False,-0.5,False
instruct,-4.15625,False,-0.875,False
complex,-4.15625,False,-0.0625,False
simple,-3.65625,False,-1.0625,False
instruct,-3.65625,False,-1.6875,False
complex,-3.65625,False,-0.1875,False
simple,-4.875,False,-1.4375,False
instruct,-4.875,False,-1.6875,False
complex,-4.875,False,-0.25,False
simple,-5.75,False,-0.6875,False
instruct,-5.75,False,-0.9375,False
complex,-5.75,False,-0.125,False
simple,-3.8125,False,0.0,False
instruct,-3.8125,False,-0.5,False
complex,-3.8125,False,0.0,False
simple,-3.75,False,-0.3125,False
instruct,-3.75,False,-0.8125,False
complex,-3.75,False,-0.125,False
simple,-4.4375,False,-1.1875,False
instruct,-4.4375,False,-1.5625,False
complex,-4.4375,False,-0.0625,False
simple,-2.125,False,-0.1875,False
instruct,-2.125,False,-0.5,False
complex,-2.125,False,-0.25,False
simple,-5.0,False,-0.0625,False
instruct,-5.0,False,-0.0625,False
complex,-5.0,False,-0.25,False
simple,-4.84375,False,-1.125,False
instruct,-4.84375,False,-1.25,False
complex,-4.84375,False,-0.0625,False
simple,-3.25,False,-0.3125,False
instruct,-3.25,False,-0.625,False
complex,-3.25,False,0.0,False
simple,-4.0625,False,-1.25,False
instruct,-4.0625,False,-2.0625,False
complex,-4.0625,False,-0.125,False
simple,-3.5625,False,-0.5,False
instruct,-3.5625,False,-0.5,False
complex,-3.5625,False,-0.0625,False
simple,-4.375,False,-0.5,False
instruct,-4.375,False,-0.875,False
complex,-4.375,False,-0.25,False
simple,-4.25,False,-0.4375,False
instruct,-4.25,False,-1.375,False
complex,-4.25,False,0.125,True
simple,-5.59375,False,-0.375,False
instruct,-5.59375,False,-0.6875,False
complex,-5.59375,False,-0.25,False
simple,-3.875,False,-0.625,False
instruct,-3.875,False,-1.0,False
complex,-3.875,False,0.0,False
simple,-4.1875,False,-1.0625,False
instruct,-4.1875,False,-1.5,False
complex,-4.1875,False,-0.25,False
simple,-4.1875,False,-1.4375,False
instruct,-4.1875,False,-1.625,False
complex,-4.1875,False,-0.375,False
simple,-3.8125,False,-0.8125,False
instruct,-3.8125,False,-1.3125,False
complex,-3.8125,False,-0.1875,False
simple,-4.1875,False,-1.375,False
instruct,-4.1875,False,-1.75,False
complex,-4.1875,False,-0.1875,False
simple,-3.875,False,-0.6875,False
instruct,-3.875,False,-1.4375,False
complex,-3.875,False,-0.3125,False
simple,-5.625,False,-1.0,False
instruct,-5.625,False,-1.4375,False
complex,-5.625,False,-0.1875,False
simple,-3.5625,False,-0.375,False
instruct,-3.5625,False,-0.6875,False
complex,-3.5625,False,0.0625,True
simple,-3.59375,False,-1.0625,False
instruct,-3.59375,False,-1.3125,False
complex,-3.59375,False,0.0625,True
simple,-4.25,False,-1.625,False
instruct,-4.25,False,-2.0,False
complex,-4.25,False,-0.0625,False
simple,-4.6875,False,-1.375,False
instruct,-4.6875,False,-1.8125,False
complex,-4.6875,False,-0.125,False
simple,-2.875,False,-0.75,False
instruct,-2.875,False,-1.0625,False
complex,-2.875,False,-0.25,False
simple,-3.5,False,-1.1875,False
instruct,-3.5,False,-1.5,False
complex,-3.5,False,-0.1875,False
simple,-3.65625,False,0.125,True
instruct,-3.65625,False,-0.0625,False
complex,-3.65625,False,0.0,False
simple,-5.0,False,-1.125,False
instruct,-5.0,False,-1.625,False
complex,-5.0,False,-0.125,False
simple,-4.1875,False,-0.3125,False
instruct,-4.1875,False,-0.25,False
complex,-4.1875,False,0.0625,True
simple,-3.8125,False,-1.8125,False
instruct,-3.8125,False,-2.1875,False
complex,-3.8125,False,-0.1875,False
simple,-9.25,False,-0.6875,False
instruct,-9.25,False,-1.375,False
complex,-9.25,False,-0.25,False
simple,-4.0,False,-1.3125,False
instruct,-4.0,False,-1.8125,False
complex,-4.0,False,-0.125,False
simple,-3.375,False,-1.0,False
instruct,-3.375,False,-1.4375,False
complex,-3.375,False,-0.0625,False
simple,-4.6875,False,-0.8125,False
instruct,-4.6875,False,-1.375,False
complex,-4.6875,False,-0.125,False
simple,-4.71875,False,-1.4375,False
instruct,-4.71875,False,-1.5625,False
complex,-4.71875,False,-0.25,False
simple,-4.3125,False,-1.25,False
instruct,-4.3125,False,-1.5,False
complex,-4.3125,False,-0.1875,False
simple,-2.625,False,0.0625,True
instruct,-2.625,False,-0.0625,False
complex,-2.625,False,-0.1875,False
simple,-6.875,False,-0.75,False
instruct,-6.875,False,-1.1875,False
complex,-6.875,False,-0.1875,False
simple,-4.875,False,-1.8125,False
instruct,-4.875,False,-2.5,False
complex,-4.875,False,-0.1875,False
simple,-3.625,False,-1.375,False
instruct,-3.625,False,-2.1875,False
complex,-3.625,False,-0.0625,False
simple,-4.8125,False,-0.4375,False
instruct,-4.8125,False,-0.75,False
complex,-4.8125,False,0.125,True
simple,-5.5,False,-0.1875,False
instruct,-5.5,False,-0.8125,False
complex,-5.5,False,-0.375,False
simple,-3.1875,False,-0.4375,False
instruct,-3.1875,False,-0.6875,False
complex,-3.1875,False,-0.1875,False
simple,-3.03125,False,-1.1875,False
instruct,-3.03125,False,-1.375,False
complex,-3.03125,False,-0.125,False
simple,-3.5,False,0.5625,True
instruct,-3.5,False,0.375,True
complex,-3.5,False,0.0,False
simple,-5.75,False,-1.25,False
instruct,-5.75,False,-2.3125,False
complex,-5.75,False,0.0,False
simple,-5.6875,False,-1.1875,False
instruct,-5.6875,False,-1.625,False
complex,-5.6875,False,-0.1875,False
simple,-3.6875,False,-0.3125,False
instruct,-3.6875,False,-1.0625,False
complex,-3.6875,False,-0.1875,False
simple,-4.8125,False,-0.75,False
instruct,-4.8125,False,-0.6875,False
complex,-4.8125,False,0.0,False
simple,-4.0,False,-0.75,False
instruct,-4.0,False,-1.25,False
complex,-4.0,False,-0.3125,False
simple,-4.375,False,-1.25,False
instruct,-4.375,False,-2.1875,False
complex,-4.375,False,-0.25,False
simple,-3.875,False,-0.375,False
instruct,-3.875,False,-1.125,False
complex,-3.875,False,-0.0625,False
simple,-4.3125,False,-1.4375,False
instruct,-4.3125,False,-2.0625,False
complex,-4.3125,False,0.0,False
simple,-4.625,False,-2.1875,False
instruct,-4.625,False,-2.5,False
complex,-4.625,False,0.0,False
simple,-3.875,False,0.0,False
instruct,-3.875,False,-0.0625,False
complex,-3.875,False,0.0,False
simple,-4.3125,False,-0.125,False
instruct,-4.3125,False,-0.8125,False
complex,-4.3125,False,0.0,False
simple,-4.1875,False,0.4375,True
instruct,-4.1875,False,0.5,True
complex,-4.1875,False,-0.0625,False
simple,-3.125,False,-0.625,False
instruct,-3.125,False,-0.75,False
complex,-3.125,False,-0.0625,False
simple,-3.8125,False,-0.5,False
instruct,-3.8125,False,-1.4375,False
complex,-3.8125,False,-0.0625,False
simple,-3.8125,False,-1.6875,False
instruct,-3.8125,False,-2.25,False
complex,-3.8125,False,-0.3125,False
simple,-3.8125,False,-0.8125,False
instruct,-3.8125,False,-1.4375,False
complex,-3.8125,False,-0.1875,False
simple,-5.125,False,0.25,True
instruct,-5.125,False,0.3125,True
complex,-5.125,False,0.0,False
simple,-4.46875,False,-1.625,False
instruct,-4.46875,False,-2.125,False
complex,-4.46875,False,-0.0625,False
simple,-4.8125,False,-0.0625,False
instruct,-4.8125,False,-0.1875,False
complex,-4.8125,False,-0.125,False
simple,-3.375,False,-1.0625,False
instruct,-3.375,False,-1.4375,False
complex,-3.375,False,-0.1875,False
simple,-2.875,False,-1.0,False
instruct,-2.875,False,-1.125,False
complex,-2.875,False,-0.0625,False
simple,-2.0625,False,-0.1875,False
instruct,-2.0625,False,-0.875,False
complex,-2.0625,False,0.0625,True
simple,-2.625,False,-0.875,False
instruct,-2.625,False,-1.5625,False
complex,-2.625,False,-0.125,False
simple,-4.875,False,-1.125,False
instruct,-4.875,False,-1.25,False
complex,-4.875,False,-0.0625,False
simple,-3.5625,False,-0.375,False
instruct,-3.5625,False,-0.6875,False
complex,-3.5625,False,-0.0625,False
simple,-3.5625,False,-1.4375,False
instruct,-3.5625,False,-2.0,False
complex,-3.5625,False,-0.1875,False
simple,-3.9375,False,-0.4375,False
instruct,-3.9375,False,-1.0,False
complex,-3.9375,False,-0.125,False
simple,-4.90625,False,-0.5625,False
instruct,-4.90625,False,-1.25,False
complex,-4.90625,False,-0.0625,False
simple,-3.875,False,0.3125,True
instruct,-3.875,False,-0.0625,False
complex,-3.875,False,0.0,False
simple,-5.25,False,-1.375,False
instruct,-5.25,False,-1.875,False
complex,-5.25,False,-0.125,False
simple,-3.8125,False,0.5625,True
instruct,-3.8125,False,0.1875,True
complex,-3.8125,False,0.0625,True
simple,-4.3125,False,-1.0625,False
instruct,-4.3125,False,-1.875,False
complex,-4.3125,False,-0.1875,False
simple,-4.125,False,0.3125,True
instruct,-4.125,False,0.0,False
complex,-4.125,False,0.0,False
simple,-3.5625,False,-2.0625,False
instruct,-3.5625,False,-1.9375,False
complex,-3.5625,False,0.0625,True
simple,-4.0625,False,-1.1875,False
instruct,-4.0625,False,-1.625,False
complex,-4.0625,False,-0.1875,False
simple,-3.125,False,-0.5,False
instruct,-3.125,False,-0.9375,False
complex,-3.125,False,0.125,True
simple,-3.25,False,-0.5,False
instruct,-3.25,False,-1.0625,False
complex,-3.25,False,0.0,False
simple,-2.1875,False,-0.625,False
instruct,-2.1875,False,-1.5,False
complex,-2.1875,False,-0.1875,False
simple,-2.5,False,0.125,True
instruct,-2.5,False,-0.1875,False
complex,-2.5,False,-0.25,False
simple,-5.53125,False,-1.0625,False
instruct,-5.53125,False,-1.25,False
complex,-5.53125,False,-0.25,False
simple,-4.8125,False,-1.5,False
instruct,-4.8125,False,-1.5625,False
complex,-4.8125,False,-0.0625,False
simple,-3.1875,False,-0.375,False
instruct,-3.1875,False,-0.625,False
complex,-3.1875,False,-0.125,False
simple,-3.875,False,-1.0625,False
instruct,-3.875,False,-1.5625,False
complex,-3.875,False,-0.125,False
simple,-4.8125,False,0.6875,True
instruct,-4.8125,False,0.375,True
complex,-4.8125,False,0.0,False
simple,-3.6875,False,-1.5625,False
instruct,-3.6875,False,-2.1875,False
complex,-3.6875,False,-0.0625,False
simple,-6.21875,False,-0.5,False
instruct,-6.21875,False,-1.5,False
complex,-6.21875,False,-0.25,False
simple,-5.1875,False,-1.25,False
instruct,-5.1875,False,-1.75,False
complex,-5.1875,False,-0.3125,False
simple,-2.875,False,-0.25,False
instruct,-2.875,False,-0.5625,False
complex,-2.875,False,0.0625,True
simple,-14.875,False,-0.4375,False
instruct,-14.875,False,-0.625,False
complex,-14.875,False,-0.125,False
simple,-3.625,False,-1.25,False
instruct,-3.625,False,-1.8125,False
complex,-3.625,False,-0.0625,False
simple,-5.75,False,-0.5625,False
instruct,-5.75,False,-0.5625,False
complex,-5.75,False,-0.0625,False
simple,-10.5625,False,-0.5,False
instruct,-10.5625,False,-1.5625,False
complex,-10.5625,False,-0.5,False
simple,-8.875,False,-0.5,False
instruct,-8.875,False,-1.0625,False
complex,-8.875,False,-0.5625,False
simple,-8.375,False,-0.375,False
instruct,-8.375,False,-1.0625,False
complex,-8.375,False,-0.4375,False
simple,-9.625,False,-0.8125,False
instruct,-9.625,False,-1.25,False
complex,-9.625,False,-0.5625,False
simple,-8.75,False,-0.375,False
instruct,-8.75,False,-0.875,False
complex,-8.75,False,-0.125,False
simple,-11.0,False,-1.0625,False
instruct,-11.0,False,-1.5625,False
complex,-11.0,False,-0.4375,False
simple,-7.875,False,-0.5,False
instruct,-7.875,False,-1.0,False
complex,-7.875,False,-0.4375,False
simple,-9.625,False,-0.875,False
instruct,-9.625,False,-1.125,False
complex,-9.625,False,-0.75,False
simple,-9.625,False,-0.5,False
instruct,-9.625,False,-0.9375,False
complex,-9.625,False,-0.5,False
simple,-10.25,False,-0.625,False
instruct,-10.25,False,-1.25,False
complex,-10.25,False,-0.4375,False
simple,-8.875,False,-0.5,False
instruct,-8.875,False,-1.0625,False
complex,-8.875,False,-0.4375,False
simple,-9.0,False,-0.5,False
instruct,-9.0,False,-1.0625,False
complex,-9.0,False,-0.3125,False
simple,-10.125,False,-0.6875,False
instruct,-10.125,False,-1.25,False
complex,-10.125,False,-0.375,False
simple,-8.0,False,-0.25,False
instruct,-8.0,False,-1.1875,False
complex,-8.0,False,-0.5,False
simple,-9.375,False,-0.875,False
instruct,-9.375,False,-1.625,False
complex,-9.375,False,-0.625,False
simple,-9.375,False,-0.8125,False
instruct,-9.375,False,-1.3125,False
complex,-9.375,False,-0.3125,False
simple,-7.125,False,-0.5,False
instruct,-7.125,False,-1.25,False
complex,-7.125,False,-0.5625,False
simple,-9.375,False,-0.625,False
instruct,-9.375,False,-1.0,False
complex,-9.375,False,-0.4375,False
simple,-8.625,False,-0.6875,False
instruct,-8.625,False,-1.1875,False
complex,-8.625,False,-0.375,False
simple,-7.375,False,-0.625,False
instruct,-7.375,False,-1.5,False
complex,-7.375,False,-0.625,False
simple,-7.75,False,-0.4375,False
instruct,-7.75,False,-1.25,False
complex,-7.75,False,-0.4375,False
simple,-9.875,False,-0.8125,False
instruct,-9.875,False,-1.25,False
complex,-9.875,False,-0.1875,False
simple,-9.125,False,-0.8125,False
instruct,-9.125,False,-1.3125,False
complex,-9.125,False,-0.25,False
simple,-10.0,False,-0.625,False
instruct,-10.0,False,-1.375,False
complex,-10.0,False,-0.375,False
simple,-9.25,False,-0.625,False
instruct,-9.25,False,-1.4375,False
complex,-9.25,False,-0.3125,False
simple,-7.625,False,-0.4375,False
instruct,-7.625,False,-0.6875,False
complex,-7.625,False,-0.1875,False
simple,-11.375,False,-0.8125,False
instruct,-11.375,False,-1.0,False
complex,-11.375,False,-0.9375,False
simple,-8.75,False,-0.75,False
instruct,-8.75,False,-1.125,False
complex,-8.75,False,-0.625,False
simple,-8.875,False,-0.5,False
instruct,-8.875,False,-1.25,False
complex,-8.875,False,-0.375,False
simple,-9.375,False,-0.3125,False
instruct,-9.375,False,-1.375,False
complex,-9.375,False,-0.3125,False
simple,-8.0,False,-0.4375,False
instruct,-8.0,False,-1.0,False
complex,-8.0,False,-0.375,False
simple,-7.125,False,-0.5,False
instruct,-7.125,False,-1.0625,False
complex,-7.125,False,-0.5,False
simple,-9.75,False,-0.5625,False
instruct,-9.75,False,-1.0625,False
complex,-9.75,False,-0.8125,False
simple,-9.0,False,-0.5625,False
instruct,-9.0,False,-1.1875,False
complex,-9.0,False,-0.6875,False
simple,-8.75,False,-0.75,False
instruct,-8.75,False,-0.75,False
complex,-8.75,False,-0.5,False
simple,-8.625,False,-0.75,False
instruct,-8.625,False,-1.3125,False
complex,-8.625,False,-0.25,False
simple,-8.375,False,-0.5,False
instruct,-8.375,False,-0.75,False
complex,-8.375,False,-0.25,False
simple,-8.25,False,-0.4375,False
instruct,-8.25,False,-1.125,False
complex,-8.25,False,-0.25,False
simple,-8.25,False,-0.5625,False
instruct,-8.25,False,-0.8125,False
complex,-8.25,False,-0.1875,False
simple,-10.375,False,-0.6875,False
instruct,-10.375,False,-0.8125,False
complex,-10.375,False,-0.5,False
simple,-8.375,False,-0.625,False
instruct,-8.375,False,-1.0625,False
complex,-8.375,False,-0.4375,False
simple,-8.625,False,-0.5625,False
instruct,-8.625,False,-1.25,False
complex,-8.625,False,-0.5625,False
simple,-7.5,False,-0.625,False
instruct,-7.5,False,-1.3125,False
complex,-7.5,False,-0.25,False
simple,-8.75,False,-0.625,False
instruct,-8.75,False,-1.1875,False
complex,-8.75,False,-0.4375,False
simple,-9.125,False,-0.8125,False
instruct,-9.125,False,-0.8125,False
complex,-9.125,False,-0.875,False
simple,-6.75,False,-0.5625,False
instruct,-6.75,False,-1.0,False
complex,-6.75,False,-0.9375,False
simple,-9.875,False,-0.3125,False
instruct,-9.875,False,-0.9375,False
complex,-9.875,False,-0.5,False
simple,-9.5,False,-0.6875,False
instruct,-9.5,False,-1.1875,False
complex,-9.5,False,-0.6875,False
simple,-9.9375,False,-0.5,False
instruct,-9.9375,False,-1.25,False
complex,-9.9375,False,-0.375,False
simple,-8.75,False,-0.5,False
instruct,-8.75,False,-1.1875,False
complex,-8.75,False,-0.5,False
simple,-7.625,False,-0.5,False
instruct,-7.625,False,-1.5625,False
complex,-7.625,False,-0.4375,False
simple,-7.625,False,-0.4375,False
instruct,-7.625,False,-1.25,False
complex,-7.625,False,-0.3125,False
simple,-9.5,False,-0.6875,False
instruct,-9.5,False,-1.25,False
complex,-9.5,False,-0.375,False
simple,-7.0,False,-0.4375,False
instruct,-7.0,False,-1.375,False
complex,-7.0,False,-0.4375,False
simple,-7.5,False,-0.9375,False
instruct,-7.5,False,-1.1875,False
complex,-7.5,False,-0.875,False
simple,-8.875,False,-0.625,False
instruct,-8.875,False,-1.25,False
complex,-8.875,False,-0.625,False
simple,-8.875,False,-0.4375,False
instruct,-8.875,False,-1.0625,False
complex,-8.875,False,-0.375,False
simple,-7.375,False,-0.375,False
instruct,-7.375,False,-0.5,False
complex,-7.375,False,-0.75,False
simple,-8.875,False,-0.375,False
instruct,-8.875,False,-0.9375,False
complex,-8.875,False,-0.4375,False
simple,-7.625,False,-0.8125,False
instruct,-7.625,False,-0.9375,False
complex,-7.625,False,-0.4375,False
simple,-9.6875,False,-0.4375,False
instruct,-9.6875,False,-1.3125,False
complex,-9.6875,False,-0.5625,False
simple,-8.875,False,-0.625,False
instruct,-8.875,False,-1.5,False
complex,-8.875,False,-0.125,False
simple,-8.125,False,-0.3125,False
instruct,-8.125,False,-1.0,False
complex,-8.125,False,-0.25,False
simple,-9.25,False,-0.5,False
instruct,-9.25,False,-1.3125,False
complex,-9.25,False,-0.625,False
simple,-8.375,False,-0.8125,False
instruct,-8.375,False,-0.875,False
complex,-8.375,False,-0.4375,False
simple,-8.875,False,-0.5625,False
instruct,-8.875,False,-1.0,False
complex,-8.875,False,-0.25,False
simple,-7.625,False,-0.8125,False
instruct,-7.625,False,-1.25,False
complex,-7.625,False,-0.375,False
simple,-9.375,False,-0.4375,False
instruct,-9.375,False,-1.3125,False
complex,-9.375,False,-0.5625,False
simple,-9.375,False,-0.5625,False
instruct,-9.375,False,-1.3125,False
complex,-9.375,False,-0.4375,False
simple,-9.125,False,-1.0625,False
instruct,-9.125,False,-1.125,False
complex,-9.125,False,-0.8125,False
simple,-7.125,False,-0.4375,False
instruct,-7.125,False,-1.0625,False
complex,-7.125,False,-0.5,False
simple,-8.625,False,-0.6875,False
instruct,-8.625,False,-1.0,False
complex,-8.625,False,-0.3125,False
simple,-9.375,False,-0.625,False
instruct,-9.375,False,-0.875,False
complex,-9.375,False,-0.3125,False
simple,-7.375,False,-0.5,False
instruct,-7.375,False,-1.0625,False
complex,-7.375,False,-0.3125,False
simple,-7.25,False,-0.625,False
instruct,-7.25,False,-0.9375,False
complex,-7.25,False,-0.375,False
simple,-7.75,False,-0.625,False
instruct,-7.75,False,-1.375,False
complex,-7.75,False,-0.4375,False
simple,-8.625,False,-0.75,False
instruct,-8.625,False,-1.3125,False
complex,-8.625,False,-0.375,False
simple,-8.375,False,-0.6875,False
instruct,-8.375,False,-1.375,False
complex,-8.375,False,-0.375,False
simple,-10.375,False,-0.75,False
instruct,-10.375,False,-1.0625,False
complex,-10.375,False,-0.75,False
simple,-9.5,False,-0.375,False
instruct,-9.5,False,-1.0,False
complex,-9.5,False,-0.3125,False
simple,-7.75,False,-0.5625,False
instruct,-7.75,False,-1.1875,False
complex,-7.75,False,-0.625,False
simple,-8.5,False,-0.75,False
instruct,-8.5,False,-1.125,False
complex,-8.5,False,-0.375,False
simple,-9.75,False,-0.6875,False
instruct,-9.75,False,-1.25,False
complex,-9.75,False,-0.6875,False
simple,-9.125,False,-0.625,False
instruct,-9.125,False,-1.1875,False
complex,-9.125,False,-0.5,False
simple,-8.0,False,-0.5,False
instruct,-8.0,False,-1.0,False
complex,-8.0,False,-0.4375,False
simple,-9.875,False,-0.875,False
instruct,-9.875,False,-1.0,False
complex,-9.875,False,-0.8125,False
simple,-8.75,False,-0.5625,False
instruct,-8.75,False,-1.25,False
complex,-8.75,False,-0.5,False
simple,-9.0,False,-0.375,False
instruct,-9.0,False,-1.0,False
complex,-9.0,False,-0.3125,False
simple,-7.75,False,-0.5625,False
instruct,-7.75,False,-0.9375,False
complex,-7.75,False,-0.5,False
simple,-9.625,False,-0.375,False
instruct,-9.625,False,-1.0,False
complex,-9.625,False,-0.4375,False
simple,-8.875,False,-0.625,False
instruct,-8.875,False,-0.875,False
complex,-8.875,False,-0.625,False
simple,-9.0,False,-0.75,False
instruct,-9.0,False,-1.375,False
complex,-9.0,False,-0.75,False
simple,-20.75,False,-0.5,False
instruct,-20.75,False,-1.25,False
complex,-20.75,False,-0.1875,False
simple,-7.0,False,-0.625,False
instruct,-7.0,False,-1.5,False
complex,-7.0,False,-0.1875,False
simple,-11.25,False,-0.4375,False
instruct,-11.25,False,-0.8125,False
complex,-11.25,False,-0.75,False
simple,-8.75,False,-0.5625,False
instruct,-8.75,False,-1.0625,False
complex,-8.75,False,-0.3125,False
simple,-8.5,False,-0.6875,False
instruct,-8.5,False,-1.0,False
complex,-8.5,False,-0.4375,False
simple,-9.75,False,-0.375,False
instruct,-9.75,False,-1.0625,False
complex,-9.75,False,-0.5,False
simple,-8.75,False,-0.625,False
instruct,-8.75,False,-0.9375,False
complex,-8.75,False,-0.125,False
simple,-8.625,False,-0.5625,False
instruct,-8.625,False,-1.125,False
complex,-8.625,False,-0.75,False
simple,-4.75,False,-0.5,False
instruct,-4.75,False,-0.875,False
complex,-4.75,False,-0.3125,False
simple,-4.875,False,-0.25,False
instruct,-4.875,False,-0.3125,False
complex,-4.875,False,0.25,True
simple,-5.5,False,-0.5,False
instruct,-5.5,False,-1.125,False
complex,-5.5,False,0.0,False
simple,-4.6875,False,-0.3125,False
instruct,-4.6875,False,-1.0,False
complex,-4.6875,False,-0.1875,False
simple,-3.875,False,-0.25,False
instruct,-3.875,False,-0.875,False
complex,-3.875,False,-0.125,False
simple,-4.3125,False,-0.4375,False
instruct,-4.3125,False,-1.0,False
complex,-4.3125,False,-0.125,False
simple,-4.375,False,-0.5625,False
instruct,-4.375,False,-1.125,False
complex,-4.375,False,-0.1875,False
simple,-4.125,False,-0.5625,False
instruct,-4.125,False,-1.0625,False
complex,-4.125,False,-0.125,False
simple,-5.375,False,-0.6875,False
instruct,-5.375,False,-1.0625,False
complex,-5.375,False,-0.0625,False
simple,-5.1875,False,0.0625,True
instruct,-5.1875,False,-0.1875,False
complex,-5.1875,False,0.0625,True
simple,-4.4375,False,-0.3125,False
instruct,-4.4375,False,-0.75,False
complex,-4.4375,False,0.0625,True
simple,-5.125,False,-0.5,False
instruct,-5.125,False,-0.9375,False
complex,-5.125,False,-0.1875,False
simple,-4.375,False,-0.4375,False
instruct,-4.375,False,-0.9375,False
complex,-4.375,False,-0.125,False
simple,-5.3125,False,-0.5,False
instruct,-5.3125,False,-0.9375,False
complex,-5.3125,False,-0.0625,False
simple,-4.0,False,-0.4375,False
instruct,-4.0,False,-1.0625,False
complex,-4.0,False,-0.1875,False
simple,-4.375,False,-0.625,False
instruct,-4.375,False,-0.75,False
complex,-4.375,False,-0.0625,False
simple,-4.25,False,-0.5,False
instruct,-4.25,False,-0.9375,False
complex,-4.25,False,-0.125,False
simple,-4.4375,False,-0.4375,False
instruct,-4.4375,False,-1.0,False
complex,-4.4375,False,-0.0625,False
simple,-5.0625,False,-0.25,False
instruct,-5.0625,False,-0.9375,False
complex,-5.0625,False,0.0625,True
simple,-4.5,False,-0.4375,False
instruct,-4.5,False,-1.375,False
complex,-4.5,False,-0.1875,False
simple,-3.9375,False,-0.6875,False
instruct,-3.9375,False,-1.0,False
complex,-3.9375,False,-0.0625,False
simple,-4.5,False,-0.125,False
instruct,-4.5,False,-0.625,False
complex,-4.5,False,0.125,True
simple,-3.75,False,-0.5625,False
instruct,-3.75,False,-1.125,False
complex,-3.75,False,-0.125,False
simple,-4.3125,False,0.0,False
instruct,-4.3125,False,-0.625,False
complex,-4.3125,False,-0.1875,False
simple,-4.5625,False,-0.25,False
instruct,-4.5625,False,-1.0625,False
complex,-4.5625,False,0.0,False
simple,-4.125,False,-0.6875,False
instruct,-4.125,False,-1.25,False
complex,-4.125,False,-0.0625,False
simple,-4.1875,False,-0.5,False
instruct,-4.1875,False,-0.625,False
complex,-4.1875,False,-0.0625,False
simple,-4.25,False,-0.1875,False
instruct,-4.25,False,-0.75,False
complex,-4.25,False,0.0,False
simple,-3.8125,False,-0.375,False
instruct,-3.8125,False,-0.5,False
complex,-3.8125,False,-0.125,False
simple,-4.125,False,-0.3125,False
instruct,-4.125,False,-0.625,False
complex,-4.125,False,-0.0625,False
simple,-4.5625,False,-0.8125,False
instruct,-4.5625,False,-0.875,False
complex,-4.5625,False,-0.3125,False
simple,-3.3125,False,-0.6875,False
instruct,-3.3125,False,-0.75,False
complex,-3.3125,False,-0.125,False
simple,-4.6875,False,-0.5,False
instruct,-4.6875,False,-0.75,False
complex,-4.6875,False,-0.1875,False
simple,-4.625,False,-0.375,False
instruct,-4.625,False,-1.0,False
complex,-4.625,False,-0.125,False
simple,-4.6875,False,-0.4375,False
instruct,-4.6875,False,-1.125,False
complex,-4.6875,False,0.0,False
simple,-3.875,False,-0.4375,False
instruct,-3.875,False,-0.625,False
complex,-3.875,False,0.0,False
simple,-4.5,False,-0.375,False
instruct,-4.5,False,-0.8125,False
complex,-4.5,False,-0.1875,False
simple,-3.75,False,-0.5,False
instruct,-3.75,False,-0.6875,False
complex,-3.75,False,-0.125,False
simple,-3.6875,False,-0.4375,False
instruct,-3.6875,False,-0.5,False
complex,-3.6875,False,-0.1875,False
simple,-3.9375,False,-0.5,False
instruct,-3.9375,False,-0.875,False
complex,-3.9375,False,-0.0625,False
simple,-4.1875,False,-0.3125,False
instruct,-4.1875,False,-1.0,False
complex,-4.1875,False,-0.0625,False
simple,-4.6875,False,-0.4375,False
instruct,-4.6875,False,-0.625,False
complex,-4.6875,False,-0.1875,False
simple,-4.375,False,-0.3125,False
instruct,-4.375,False,-0.6875,False
complex,-4.375,False,-0.25,False
simple,-5.5,False,-0.6875,False
instruct,-5.5,False,-0.875,False
complex,-5.5,False,-0.3125,False
simple,-4.625,False,-0.4375,False
instruct,-4.625,False,-0.9375,False
complex,-4.625,False,0.0625,True
simple,-4.4375,False,-0.75,False
instruct,-4.4375,False,-1.0625,False
complex,-4.4375,False,-0.0625,False
simple,-4.1875,False,-1.0,False
instruct,-4.1875,False,-1.3125,False
complex,-4.1875,False,0.0,False
simple,-3.75,False,-0.625,False
instruct,-3.75,False,-0.8125,False
complex,-3.75,False,-0.0625,False
simple,-4.75,False,-1.0625,False
instruct,-4.75,False,-1.25,False
complex,-4.75,False,-0.0625,False
simple,-5.0,False,-0.375,False
instruct,-5.0,False,-1.0625,False
complex,-5.0,False,-0.125,False
simple,-4.125,False,-0.5625,False
instruct,-4.125,False,-0.9375,False
complex,-4.125,False,-0.125,False
simple,-5.0,False,-0.25,False
instruct,-5.0,False,-0.3125,False
complex,-5.0,False,-0.1875,False
simple,-4.625,False,-0.5,False
instruct,-4.625,False,-1.25,False
complex,-4.625,False,-0.3125,False
simple,-4.875,False,-0.5,False
instruct,-4.875,False,-1.1875,False
complex,-4.875,False,-0.1875,False
simple,-4.9375,False,-0.875,False
instruct,-4.9375,False,-1.375,False
complex,-4.9375,False,-0.3125,False
simple,-4.8125,False,-0.3125,False
instruct,-4.8125,False,-0.5625,False
complex,-4.8125,False,-0.0625,False
simple,-4.8125,False,-0.5625,False
instruct,-4.8125,False,-1.1875,False
complex,-4.8125,False,-0.125,False
simple,-3.96875,False,-0.125,False
instruct,-3.96875,False,-0.5,False
complex,-3.96875,False,0.0,False
simple,-5.5,False,-0.375,False
instruct,-5.5,False,-0.6875,False
complex,-5.5,False,-0.0625,False
simple,-4.4375,False,-0.3125,False
instruct,-4.4375,False,-0.875,False
complex,-4.4375,False,-0.0625,False
simple,-5.28125,False,-0.0625,False
instruct,-5.28125,False,-0.375,False
complex,-5.28125,False,0.125,True
simple,-4.75,False,-0.375,False
instruct,-4.75,False,-0.6875,False
complex,-4.75,False,0.0,False
simple,-4.625,False,-0.4375,False
instruct,-4.625,False,-0.8125,False
complex,-4.625,False,0.0,False
simple,-4.75,False,-0.5,False
instruct,-4.75,False,-0.75,False
complex,-4.75,False,-0.125,False
simple,-3.9375,False,-0.3125,False
instruct,-3.9375,False,-0.75,False
complex,-3.9375,False,-0.125,False
simple,-4.1875,False,-0.6875,False
instruct,-4.1875,False,-1.0625,False
complex,-4.1875,False,-0.25,False
simple,-4.625,False,-0.375,False
instruct,-4.625,False,-0.625,False
complex,-4.625,False,-0.1875,False
simple,-4.0625,False,-0.625,False
instruct,-4.0625,False,-0.8125,False
complex,-4.0625,False,-0.125,False
simple,-4.3125,False,-0.375,False
instruct,-4.3125,False,-0.625,False
complex,-4.3125,False,-0.3125,False
simple,-3.4375,False,-0.375,False
instruct,-3.4375,False,-1.1875,False
complex,-3.4375,False,-0.125,False
simple,-4.125,False,-0.625,False
instruct,-4.125,False,-0.8125,False
complex,-4.125,False,-0.25,False
simple,-4.4375,False,-0.625,False
instruct,-4.4375,False,-0.8125,False
complex,-4.4375,False,-0.125,False
simple,-3.8125,False,-0.4375,False
instruct,-3.8125,False,-0.5625,False
complex,-3.8125,False,-0.125,False
simple,-3.75,False,-0.1875,False
instruct,-3.75,False,-0.625,False
complex,-3.75,False,-0.0625,False
simple,-3.4375,False,-0.125,False
instruct,-3.4375,False,-0.5,False
complex,-3.4375,False,-0.0625,False
simple,-4.4375,False,-0.4375,False
instruct,-4.4375,False,-1.1875,False
complex,-4.4375,False,-0.125,False
simple,-4.6875,False,-0.125,False
instruct,-4.6875,False,-0.8125,False
complex,-4.6875,False,-0.0625,False
simple,-4.9375,False,-0.5,False
instruct,-4.9375,False,-1.125,False
complex,-4.9375,False,-0.125,False
simple,-6.6875,False,-0.3125,False
instruct,-6.6875,False,-0.25,False
complex,-6.6875,False,-0.0625,False
simple,-4.125,False,-0.4375,False
instruct,-4.125,False,-0.6875,False
complex,-4.125,False,0.0,False
simple,-6.0,False,-0.5,False
instruct,-6.0,False,-0.875,False
complex,-6.0,False,0.0625,True
simple,-4.0,False,-0.5,False
instruct,-4.0,False,-1.1875,False
complex,-4.0,False,0.0,False
simple,-4.75,False,-0.625,False
instruct,-4.75,False,-0.8125,False
complex,-4.75,False,-0.125,False
simple,-5.4375,False,-0.75,False
instruct,-5.4375,False,-0.6875,False
complex,-5.4375,False,-0.0625,False
simple,-4.125,False,-0.5,False
instruct,-4.125,False,-0.9375,False
complex,-4.125,False,-0.25,False
simple,-4.1875,False,-0.375,False
instruct,-4.1875,False,-0.8125,False
complex,-4.1875,False,-0.3125,False
simple,-4.3125,False,-0.3125,False
instruct,-4.3125,False,-1.0,False
complex,-4.3125,False,-0.0625,False
simple,-4.875,False,-0.5,False
instruct,-4.875,False,-0.875,False
complex,-4.875,False,-0.1875,False
simple,-5.1875,False,-0.4375,False
instruct,-5.1875,False,-0.875,False
complex,-5.1875,False,-0.125,False
simple,-4.75,False,-0.4375,False
instruct,-4.75,False,-1.0625,False
complex,-4.75,False,0.0,False
simple,-5.8125,False,-0.4375,False
instruct,-5.8125,False,-0.5625,False
complex,-5.8125,False,-0.0625,False
simple,-5.0625,False,-0.0625,False
instruct,-5.0625,False,-0.4375,False
complex,-5.0625,False,0.0,False
simple,-5.0,False,-0.375,False
instruct,-5.0,False,-0.5,False
complex,-5.0,False,0.0,False
simple,-4.5,False,-0.3125,False
instruct,-4.5,False,-0.75,False
complex,-4.5,False,-0.0625,False
simple,-3.75,False,-0.5625,False
instruct,-3.75,False,-0.875,False
complex,-3.75,False,-0.0625,False
simple,-4.5,False,-0.375,False
instruct,-4.5,False,-0.9375,False
complex,-4.5,False,-0.1875,False
simple,-4.9375,False,-0.3125,False
instruct,-4.9375,False,-0.5625,False
complex,-4.9375,False,-0.0625,False
simple,-4.5,False,-0.3125,False
instruct,-4.5,False,-0.875,False
complex,-4.5,False,-0.0625,False
simple,-4.625,False,-0.8125,False
instruct,-4.625,False,-0.9375,False
complex,-4.625,False,0.0,False
simple,-4.25,False,-0.375,False
instruct,-4.25,False,-0.6875,False
complex,-4.25,False,-0.0625,False
